Date;Filière;Valeur (GW);Nature
2020/01/01;"Consommation brute";62,554623354167;Données Consolidées
2020/01/02;"Consommation brute";72,573317895833;Données Consolidées
2020/01/03;"Consommation brute";72,959833166667;Données Consolidées
2020/01/04;"Consommation brute";73,172156979167;Données Consolidées
2020/01/05;"Consommation brute";73,1372945;Données Consolidées
2020/01/06;"Consommation brute";72,911719916667;Données Consolidées
2020/01/07;"Consommation brute";67,8727070625;Données Consolidées
2020/01/08;"Consommation brute";65,8455901875;Données Consolidées
2020/01/09;"Consommation brute";72,585005395833;Données Consolidées
2020/01/10;"Consommation brute";72,916131083333;Données Consolidées
2020/01/11;"Consommation brute";73,072417395833;Données Consolidées
2020/01/12;"Consommation brute";72,992967416667;Données Consolidées
2020/01/13;"Consommation brute";72,714480333333;Données Consolidées
2020/01/14;"Consommation brute";67,631846645833;Données Consolidées
2020/01/15;"Consommation brute";65,565929770833;Données Consolidées
2020/01/16;"Consommation brute";72,391396041667;Données Consolidées
2020/01/17;"Consommation brute";74,417950541667;Données Consolidées
2020/01/18;"Consommation brute";74,656200833333;Données Consolidées
2020/01/19;"Consommation brute";73,842783979167;Données Consolidées
2020/01/20;"Consommation brute";72,794198083333;Données Consolidées
2020/01/21;"Consommation brute";67,90422725;Données Consolidées
2020/01/22;"Consommation brute";65,911957291667;Données Consolidées
2020/01/23;"Consommation brute";74,068941770833;Données Consolidées
2020/01/24;"Consommation brute";74,595700041667;Données Consolidées
2020/01/25;"Consommation brute";74,4580734375;Données Consolidées
2020/01/26;"Consommation brute";73,6326948125;Données Consolidées
2020/01/27;"Consommation brute";72,069699708333;Données Consolidées
2020/01/28;"Consommation brute";65,977884875;Données Consolidées
2020/01/29;"Consommation brute";63,1130488125;Données Consolidées
2020/01/30;"Consommation brute";71,006466416667;Données Consolidées
2020/01/31;"Consommation brute";72,8576801875;Données Consolidées
2020/02/01;"Consommation brute";72,381172333333;Données Consolidées
2020/02/02;"Consommation brute";72,304202979167;Données Consolidées
2020/02/03;"Consommation brute";70,625492541667;Données Consolidées
2020/02/04;"Consommation brute";65,6627883125;Données Consolidées
2020/02/05;"Consommation brute";63,9765630625;Données Consolidées
2020/02/06;"Consommation brute";71,301665666667;Données Consolidées
2020/02/07;"Consommation brute";72,4947081875;Données Consolidées
2020/02/08;"Consommation brute";71,960046541667;Données Consolidées
2020/02/09;"Consommation brute";71,663208604167;Données Consolidées
2020/02/10;"Consommation brute";70,40555325;Données Consolidées
2020/02/11;"Consommation brute";64,007968333333;Données Consolidées
2020/02/12;"Consommation brute";62,6121954375;Données Consolidées
2020/02/13;"Consommation brute";70,524011645833;Données Consolidées
2020/02/14;"Consommation brute";71,871016333333;Données Consolidées
2020/02/15;"Consommation brute";70,777717625;Données Consolidées
2020/02/16;"Consommation brute";71,200285791667;Données Consolidées
2020/02/17;"Consommation brute";69,434136958333;Données Consolidées
2020/02/18;"Consommation brute";63,5846635;Données Consolidées
2020/02/19;"Consommation brute";61,861220020833;Données Consolidées
2020/02/20;"Consommation brute";68,5378794375;Données Consolidées
2020/02/21;"Consommation brute";69,14834375;Données Consolidées
2020/02/22;"Consommation brute";68,80434375;Données Consolidées
2020/02/23;"Consommation brute";68,4254505625;Données Consolidées
2020/02/24;"Consommation brute";67,594619229167;Données Consolidées
2020/02/25;"Consommation brute";62,284680791667;Données Consolidées
2020/02/26;"Consommation brute";59,983910270833;Données Consolidées
2020/02/27;"Consommation brute";66,678950645833;Données Consolidées
2020/02/28;"Consommation brute";67,044051666667;Données Consolidées
2020/02/29;"Consommation brute";;Données provisoires
2020/03/01;"Consommation brute";68,381496020833;Données Consolidées
2020/03/02;"Consommation brute";68,7955195625;Données Consolidées
2020/03/03;"Consommation brute";67,447652145833;Données Consolidées
2020/03/04;"Consommation brute";61,359186416667;Données Consolidées
2020/03/05;"Consommation brute";59,392509145833;Données Consolidées
2020/03/06;"Consommation brute";66,342007833333;Données Consolidées
2020/03/07;"Consommation brute";67,238438979167;Données Consolidées
2020/03/08;"Consommation brute";66,6110045;Données Consolidées
2020/03/09;"Consommation brute";66,596498979167;Données Consolidées
2020/03/10;"Consommation brute";66,293174375;Données Consolidées
2020/03/11;"Consommation brute";60,31885125;Données Consolidées
2020/03/12;"Consommation brute";57,599495104167;Données Consolidées
2020/03/13;"Consommation brute";64,124471041667;Données Consolidées
2020/03/14;"Consommation brute";65,639342583333;Données Consolidées
2020/03/15;"Consommation brute";65,010311354167;Données Consolidées
2020/03/16;"Consommation brute";64,228723854167;Données Consolidées
2020/03/17;"Consommation brute";62,879626416667;Données Consolidées
2020/03/18;"Consommation brute";57,004779708333;Données Consolidées
2020/03/19;"Consommation brute";54,275506958333;Données Consolidées
2020/03/20;"Consommation brute";59,320717708333;Données Consolidées
2020/03/21;"Consommation brute";58,112154666667;Données Consolidées
2020/03/22;"Consommation brute";55,941885375;Données Consolidées
2020/03/23;"Consommation brute";54,607284979167;Données Consolidées
2020/03/24;"Consommation brute";53,467732020833;Données Consolidées
2020/03/25;"Consommation brute";49,92620525;Données Consolidées
2020/03/26;"Consommation brute";48,329034057065;Données Consolidées
2020/03/27;"Consommation brute";51,273717583333;Données Consolidées
2020/03/28;"Consommation brute";51,1722828125;Données Consolidées
2020/03/29;"Consommation brute";50,309849041667;Données Consolidées
2020/03/30;"Consommation brute";49,586779393116;Données Consolidées
2020/03/31;"Consommation brute";48,976738604167;Données Consolidées
2020/04/01;"Consommation brute";46,6807944375;Données Consolidées
2020/04/02;"Consommation brute";45,395486847826;Données Consolidées
2020/04/03;"Consommation brute";49,260356;Données Consolidées
2020/04/04;"Consommation brute";48,534025125;Données Consolidées
2020/04/05;"Consommation brute";48,130406791667;Données Consolidées
2020/04/06;"Consommation brute";47,198960125;Données Consolidées
2020/04/07;"Consommation brute";46,653094041667;Données Consolidées
2020/04/08;"Consommation brute";44,8372063125;Données Consolidées
2020/04/09;"Consommation brute";44,030040875;Données Consolidées
2020/04/10;"Consommation brute";42,4882305;Données Consolidées
2020/04/11;"Consommation brute";47,968416375;Données Consolidées
2020/04/12;"Consommation brute";48,07555025;Données Consolidées
2020/04/13;"Consommation brute";47,578105229167;Données Consolidées
2020/04/14;"Consommation brute";46,671584125;Données Consolidées
2020/04/15;"Consommation brute";43,925898166667;Données Consolidées
2020/04/16;"Consommation brute";42,363498;Données Consolidées
2020/04/17;"Consommation brute";;Données Consolidées
2020/04/18;"Consommation brute";45,262708270833;Données Consolidées
2020/04/19;"Consommation brute";45,78877775;Données Consolidées
2020/04/20;"Consommation brute";46,238141833333;Données Consolidées
2020/04/21;"Consommation brute";45,585726166667;Données Consolidées
2020/04/22;"Consommation brute";42,357014583333;Données Consolidées
2020/04/23;"Consommation brute";40,72929925;Données Consolidées
2020/04/24;"Consommation brute";44,685182416667;Données Consolidées
2020/04/25;"Consommation brute";45,29956075;Données Consolidées
2020/04/26;"Consommation brute";45,554471375;Données Consolidées
2020/04/27;"Consommation brute";45,2029228125;Données Consolidées
2020/04/28;"Consommation brute";44,27738475;Données Consolidées
2020/04/29;"Consommation brute";40,684304041667;Données Consolidées
2020/04/30;"Consommation brute";39,244722270833;Données Consolidées
2020/05/01;"Consommation brute";37,9279075625;Données Consolidées
2020/05/02;"Consommation brute";44,035907458333;Données Consolidées
2020/05/03;"Consommation brute";43,879839604167;Données Consolidées
2020/05/04;"Consommation brute";43,1741278125;Données Consolidées
2020/05/05;"Consommation brute";;Données Consolidées
2020/05/06;"Consommation brute";38,639580604167;Données Consolidées
2020/05/07;"Consommation brute";38,245468375;Données Consolidées
2020/05/08;"Consommation brute";38,377324104167;Données Consolidées
2020/05/09;"Consommation brute";43,2748746875;Données Consolidées
2020/05/10;"Consommation brute";42,847399270833;Données Consolidées
2020/05/11;"Consommation brute";42,424986395833;Données Consolidées
2020/05/12;"Consommation brute";;Données Consolidées
2020/05/13;"Consommation brute";37,525405166667;Données Consolidées
2020/05/14;"Consommation brute";36,6862799375;Données Consolidées
2020/05/15;"Consommation brute";42,0736874375;Données Consolidées
2020/05/16;"Consommation brute";42,139983125;Données Consolidées
2020/05/17;"Consommation brute";42,457853979167;Données Consolidées
2020/05/18;"Consommation brute";37,326547770833;Données Consolidées
2020/05/19;"Consommation brute";42,495127833333;Données Consolidées
2020/05/20;"Consommation brute";38,455481604167;Données Consolidées
2020/05/21;"Consommation brute";36,6551164375;Données Consolidées
2020/05/22;"Consommation brute";41,926193;Données Consolidées
2020/05/23;"Consommation brute";42,604227083333;Données Consolidées
2020/05/24;"Consommation brute";42,257676479167;Données Consolidées
2020/05/25;"Consommation brute";;Données Consolidées
2020/05/26;"Consommation brute";38,748384291667;Données Consolidées
2020/05/27;"Consommation brute";37,204853479167;Données Consolidées
2020/05/28;"Consommation brute";35,528601854167;Données Consolidées
2020/05/29;"Consommation brute";37,214891145833;Données Consolidées
2020/05/30;"Consommation brute";42,569155541667;Données Consolidées
2020/05/31;"Consommation brute";42,371694354167;Données Consolidées
2020/06/01;"Consommation brute";42,423243020833;Données Consolidées
2020/06/02;"Consommation brute";41,7521991875;Données Consolidées
2020/06/03;"Consommation brute";37,575618583333;Données Consolidées
2020/06/04;"Consommation brute";35,146396395833;Données Consolidées
2020/06/05;"Consommation brute";;Données Consolidées
2020/06/06;"Consommation brute";42,521021125;Données Consolidées
2020/06/07;"Consommation brute";43,280592145833;Données Consolidées
2020/06/08;"Consommation brute";43,882964604167;Données Consolidées
2020/06/09;"Consommation brute";43,577395145833;Données Consolidées
2020/06/10;"Consommation brute";39,002151;Données Consolidées
2020/06/11;"Consommation brute";36,909718145833;Données Consolidées
2020/06/12;"Consommation brute";42,925946729167;Données Consolidées
2020/06/13;"Consommation brute";44,295166395833;Données Consolidées
2020/06/14;"Consommation brute";44,593020520833;Données Consolidées
2020/06/15;"Consommation brute";44,845713854167;Données Consolidées
2020/06/16;"Consommation brute";44,4748270625;Données Consolidées
2020/06/17;"Consommation brute";39,732001875;Données Consolidées
2020/06/18;"Consommation brute";37,695758020833;Données Consolidées
2020/06/19;"Consommation brute";43,784052541667;Données Consolidées
2020/06/20;"Consommation brute";44,983253020833;Données Consolidées
2020/06/21;"Consommation brute";45,082321583333;Données Consolidées
2020/06/22;"Consommation brute";45,124624604167;Données Consolidées
2020/06/23;"Consommation brute";44,506214270833;Données Consolidées
2020/06/24;"Consommation brute";39,980132604167;Données Consolidées
2020/06/25;"Consommation brute";37,646759145833;Données Consolidées
2020/06/26;"Consommation brute";44,0427524375;Données Consolidées
2020/06/27;"Consommation brute";45,012153916667;Données Consolidées
2020/06/28;"Consommation brute";44,9108783125;Données Consolidées
2020/06/29;"Consommation brute";44,967719625;Données Consolidées
2020/06/30;"Consommation brute";44,154269833333;Données Consolidées
2020/07/01;"Consommation brute";39,466228604167;Données Consolidées
2020/07/02;"Consommation brute";37,937604291667;Données Consolidées
2020/07/03;"Consommation brute";44,5208155;Données Consolidées
2020/07/04;"Consommation brute";45,813906708333;Données Consolidées
2020/07/05;"Consommation brute";46,151933666667;Données Consolidées
2020/07/06;"Consommation brute";46,127941854167;Données Consolidées
2020/07/07;"Consommation brute";45,628209145833;Données Consolidées
2020/07/08;"Consommation brute";41,085982083333;Données Consolidées
2020/07/09;"Consommation brute";38,895787666667;Données Consolidées
2020/07/10;"Consommation brute";45,171201770833;Données Consolidées
2020/07/11;"Consommation brute";46,763474125;Données Consolidées
2020/07/12;"Consommation brute";47,081011791667;Données Consolidées
2020/07/13;"Consommation brute";47,172141854167;Données Consolidées
2020/07/14;"Consommation brute";40,490352770833;Données Consolidées
2020/07/15;"Consommation brute";41,319067479167;Données Consolidées
2020/07/16;"Consommation brute";38,9369115625;Données Consolidées
2020/07/17;"Consommation brute";42,856267416667;Données Consolidées
2020/07/18;"Consommation brute";;Données Consolidées
2020/07/19;"Consommation brute";45,857899541667;Données Consolidées
2020/07/20;"Consommation brute";46,963939083333;Données Consolidées
2020/07/21;"Consommation brute";46,706593458333;Données Consolidées
2020/07/22;"Consommation brute";41,606509;Données Consolidées
2020/07/23;"Consommation brute";38,916381583333;Données Consolidées
2020/07/24;"Consommation brute";45,262038625;Données Consolidées
2020/07/25;"Consommation brute";46,550951270833;Données Consolidées
2020/07/26;"Consommation brute";46,585460958333;Données Consolidées
2020/07/27;"Consommation brute";46,760640979167;Données Consolidées
2020/07/28;"Consommation brute";45,843142375;Données Consolidées
2020/07/29;"Consommation brute";41,058555375;Données Consolidées
2020/07/30;"Consommation brute";38,712920395833;Données Consolidées
2020/07/31;"Consommation brute";45,010916708333;Données Consolidées
2020/08/01;"Consommation brute";45,608849916667;Données Consolidées
2020/08/02;"Consommation brute";46,1562836875;Données Consolidées
2020/08/03;"Consommation brute";46,256485333333;Données Consolidées
2020/08/04;"Consommation brute";44,846546916667;Données Consolidées
2020/08/05;"Consommation brute";39,805956583333;Données Consolidées
2020/08/06;"Consommation brute";37,299294291667;Données Consolidées
2020/08/07;"Consommation brute";41,7347990625;Données Consolidées
2020/08/08;"Consommation brute";42,745208;Données Consolidées
2020/08/09;"Consommation brute";42,8455648125;Données Consolidées
2020/08/10;"Consommation brute";42,712328583333;Données Consolidées
2020/08/11;"Consommation brute";42,234918645833;Données Consolidées
2020/08/12;"Consommation brute";38,678749541667;Données Consolidées
2020/08/13;"Consommation brute";36,721758041667;Données Consolidées
2020/08/14;"Consommation brute";41,035440041667;Données Consolidées
2020/08/15;"Consommation brute";37,92567975;Données Consolidées
2020/08/16;"Consommation brute";41,863205229167;Données Consolidées
2020/08/17;"Consommation brute";41,3527715625;Données Consolidées
2020/08/18;"Consommation brute";41,3765908125;Données Consolidées
2020/08/19;"Consommation brute";;Données Consolidées
2020/08/20;"Consommation brute";36,1916943125;Données Consolidées
2020/08/21;"Consommation brute";40,969494125;Données Consolidées
2020/08/22;"Consommation brute";42,254895770833;Données Consolidées
2020/08/23;"Consommation brute";42,769907666667;Données Consolidées
2020/08/24;"Consommation brute";43,15448975;Données Consolidées
2020/08/25;"Consommation brute";42,738325083333;Données Consolidées
2020/08/26;"Consommation brute";39,100977041667;Données Consolidées
2020/08/27;"Consommation brute";37,127415458333;Données Consolidées
2020/08/28;"Consommation brute";43,057279083333;Données Consolidées
2020/08/29;"Consommation brute";44,8333365;Données Consolidées
2020/08/30;"Consommation brute";44,950380416667;Données Consolidées
2020/08/31;"Consommation brute";45,140637583333;Données Consolidées
2020/09/01;"Consommation brute";44,321408770833;Données Consolidées
2020/09/02;"Consommation brute";39,780844625;Données Consolidées
2020/09/03;"Consommation brute";37,9894785;Données Consolidées
2020/09/04;"Consommation brute";44,221171208333;Données Consolidées
2020/09/05;"Consommation brute";45,564647270833;Données Consolidées
2020/09/06;"Consommation brute";45,604919979167;Données Consolidées
2020/09/07;"Consommation brute";45,820877833333;Données Consolidées
2020/09/08;"Consommation brute";45,092968229167;Données Consolidées
2020/09/09;"Consommation brute";39,69347075;Données Consolidées
2020/09/10;"Consommation brute";38,023783458333;Données Consolidées
2020/09/11;"Consommation brute";44,478685458333;Données Consolidées
2020/09/12;"Consommation brute";45,781832;Données Consolidées
2020/09/13;"Consommation brute";45,65784525;Données Consolidées
2020/09/14;"Consommation brute";45,5067044375;Données Consolidées
2020/09/15;"Consommation brute";44,973693208333;Données Consolidées
2020/09/16;"Consommation brute";40,160161208333;Données Consolidées
2020/09/17;"Consommation brute";37,997771958333;Données Consolidées
2020/09/18;"Consommation brute";44,266600833333;Données Consolidées
2020/09/19;"Consommation brute";45,0230775625;Données Consolidées
2020/09/20;"Consommation brute";45,412497229167;Données Consolidées
2020/09/21;"Consommation brute";45,042769458333;Données Consolidées
2020/09/22;"Consommation brute";44,693623625;Données Consolidées
2020/09/23;"Consommation brute";39,770301833333;Données Consolidées
2020/09/24;"Consommation brute";37,604688875;Données Consolidées
2020/09/25;"Consommation brute";44,186176875;Données Consolidées
2020/09/26;"Consommation brute";45,419938708333;Données Consolidées
2020/09/27;"Consommation brute";45,719390645833;Données Consolidées
2020/09/28;"Consommation brute";46,227063041667;Données Consolidées
2020/09/29;"Consommation brute";46,131955416667;Données Consolidées
2020/09/30;"Consommation brute";41,4432986875;Données Consolidées
2020/10/01;"Consommation brute";40,135982479167;Données Consolidées
2020/10/02;"Consommation brute";47,869057104167;Données Consolidées
2020/10/03;"Consommation brute";49,289854770833;Données Consolidées
2020/10/04;"Consommation brute";49,0367270625;Données Consolidées
2020/10/05;"Consommation brute";48,903748666667;Données Consolidées
2020/10/06;"Consommation brute";49,039844395833;Données Consolidées
2020/10/07;"Consommation brute";43,659975354167;Données Consolidées
2020/10/08;"Consommation brute";41,856798604167;Données Consolidées
2020/10/09;"Consommation brute";49,4191251875;Données Consolidées
2020/10/10;"Consommation brute";51,020215208333;Données Consolidées
2020/10/11;"Consommation brute";51,026029354167;Données Consolidées
2020/10/12;"Consommation brute";51,087314354167;Données Consolidées
2020/10/13;"Consommation brute";50,131813895833;Données Consolidées
2020/10/14;"Consommation brute";44,9736633125;Données Consolidées
2020/10/15;"Consommation brute";42,759712479167;Données Consolidées
2020/10/16;"Consommation brute";49,517534208333;Données Consolidées
2020/10/17;"Consommation brute";50,820520666667;Données Consolidées
2020/10/18;"Consommation brute";51,11497275;Données Consolidées
2020/10/19;"Consommation brute";51,683204333333;Données Consolidées
2020/10/20;"Consommation brute";51,387568125;Données Consolidées
2020/10/21;"Consommation brute";46,370962979167;Données Consolidées
2020/10/22;"Consommation brute";44,580780875;Données Consolidées
2020/10/23;"Consommation brute";51,0764069375;Données Consolidées
2020/10/24;"Consommation brute";53,43105225;Données Consolidées
2020/10/25;"Consommation brute";54,585234395833;Données Consolidées
2020/10/26;"Consommation brute";54,552255020833;Données Consolidées
2020/10/27;"Consommation brute";54,0348038125;Données Consolidées
2020/10/28;"Consommation brute";49,399597458333;Données Consolidées
2020/10/29;"Consommation brute";47,44022648;Données Consolidées
2020/10/30;"Consommation brute";54,533102;Données Consolidées
2020/10/31;"Consommation brute";56,036985395833;Données Consolidées
2020/11/01;"Consommation brute";50,531891375;Données Consolidées
2020/11/02;"Consommation brute";56,803298375;Données Consolidées
2020/11/03;"Consommation brute";56,195753666667;Données Consolidées
2020/11/04;"Consommation brute";51,303973375;Données Consolidées
2020/11/05;"Consommation brute";;Données Consolidées
2020/11/06;"Consommation brute";56,866024666667;Données Consolidées
2020/11/07;"Consommation brute";58,199176958333;Données Consolidées
2020/11/08;"Consommation brute";58,304660854167;Données Consolidées
2020/11/09;"Consommation brute";58,334635520833;Données Consolidées
2020/11/10;"Consommation brute";57,744775;Données Consolidées
2020/11/11;"Consommation brute";54,0479619375;Données Consolidées
2020/11/12;"Consommation brute";52,179880604167;Données Consolidées
2020/11/13;"Consommation brute";58,265019520833;Données Consolidées
2020/11/14;"Consommation brute";58,9544096875;Données Consolidées
2020/11/15;"Consommation brute";;Données Consolidées
2020/11/16;"Consommation brute";59,394824458333;Données Consolidées
2020/11/17;"Consommation brute";59,7875405625;Données Consolidées
2020/11/18;"Consommation brute";55,793511520833;Données Consolidées
2020/11/19;"Consommation brute";55,466719145833;Données Consolidées
2020/11/20;"Consommation brute";61,7911399375;Données Consolidées
2020/11/21;"Consommation brute";62,871759083333;Données Consolidées
2020/11/22;"Consommation brute";63,1882385;Données Consolidées
2020/11/23;"Consommation brute";63,340597791667;Données Consolidées
2020/11/24;"Consommation brute";63,096879375;Données Consolidées
2020/11/25;"Consommation brute";57,691632;Données Consolidées
2020/11/26;"Consommation brute";55,848420833333;Données Consolidées
2020/11/27;"Consommation brute";62,961586604167;Données Consolidées
2020/11/28;"Consommation brute";64,220800479167;Données Consolidées
2020/11/29;"Consommation brute";64,950834875;Données Consolidées
2020/11/30;"Consommation brute";65,1519000625;Données Consolidées
2020/12/01;"Consommation brute";64,948085583333;Données Consolidées
2020/12/02;"Consommation brute";60,297093770833;Données Consolidées
2020/12/03;"Consommation brute";58,284367041667;Données Consolidées
2020/12/04;"Consommation brute";65,384181229167;Données Consolidées
2020/12/05;"Consommation brute";67,298232166667;Données Consolidées
2020/12/06;"Consommation brute";67,787326875;Données Consolidées
2020/12/07;"Consommation brute";67,721672333333;Données Consolidées
2020/12/08;"Consommation brute";67,469606291667;Données Consolidées
2020/12/09;"Consommation brute";62,349641854167;Données Consolidées
2020/12/10;"Consommation brute";60,56947325;Données Consolidées
2020/12/11;"Consommation brute";68,378465666667;Données Consolidées
2020/12/12;"Consommation brute";69,574175729167;Données Consolidées
2020/12/13;"Consommation brute";70,098152895833;Données Consolidées
2020/12/14;"Consommation brute";69,810467625;Données Consolidées
2020/12/15;"Consommation brute";69,299045625;Données Consolidées
2020/12/16;"Consommation brute";64,059064666667;Données Consolidées
2020/12/17;"Consommation brute";62,988932083333;Données Consolidées
2020/12/18;"Consommation brute";69,728136666667;Données Consolidées
2020/12/19;"Consommation brute";70,967712270833;Données Consolidées
2020/12/20;"Consommation brute";71,008691875;Données Consolidées
2020/12/21;"Consommation brute";71,146076479167;Données Consolidées
2020/12/22;"Consommation brute";70,561751416667;Données Consolidées
2020/12/23;"Consommation brute";65,233909395833;Données Consolidées
2020/12/24;"Consommation brute";63,763175854167;Données Consolidées
2020/12/25;"Consommation brute";62,281058791667;Données Consolidées
2020/12/26;"Consommation brute";69,846298083333;Données Consolidées
2020/12/27;"Consommation brute";69,729523520833;Données Consolidées
2020/12/28;"Consommation brute";67,1889765625;Données Consolidées
2020/12/29;"Consommation brute";;Données Consolidées
2020/12/30;"Consommation brute";63,791495645833;Données Consolidées
2020/12/31;"Consommation brute";63,338032395833;Données Consolidées
2020/01/01;"Consommation brute";64,321083770833;Données Consolidées
2020/01/02;"Consommation brute";70,002442895833;Données Consolidées
2020/01/03;"Consommation brute";68,626737333333;Données Consolidées
2020/01/04;"Consommation brute";65,644719479167;Données Consolidées
2020/01/05;"Consommation brute";63,841221583333;Données Consolidées
2020/01/06;"Consommation brute";64,826982416667;Données Consolidées
2020/01/07;"Consommation brute";62,172134145833;Données Consolidées
2020/01/08;"Consommation brute";61,3868276875;Données Consolidées
2020/01/09;"Consommation brute";70,002442895833;Données Consolidées
2020/01/10;"Consommation brute";68,626737333333;Données Consolidées
2020/01/11;"Consommation brute";65,644719479167;Données Consolidées
2020/01/12;"Consommation brute";63,841221583333;Données Consolidées
2020/01/13;"Consommation brute";64,826982416667;Données Consolidées
2020/01/14;"Consommation brute";62,172134145833;Données Consolidées
2020/01/15;"Consommation brute";61,3868276875;Données Consolidées
2020/01/16;"Consommation brute";67,903210625;Données Consolidées
2020/01/17;"Consommation brute";67,393919291667;Données Consolidées
2020/01/18;"Consommation brute";65,92222375;Données Consolidées
2020/01/19;"Consommation brute";64,883250645833;Données Consolidées
2020/01/20;"Consommation brute";64,828881416667;Données Consolidées
2020/01/21;"Consommation brute";62,990300166667;Données Consolidées
2020/01/22;"Consommation brute";63,981761458333;Données Consolidées
2020/01/23;"Consommation brute";73,5312084375;Données Consolidées
2020/01/24;"Consommation brute";75,284895875;Données Consolidées
2020/01/25;"Consommation brute";76,0144796875;Données Consolidées
2020/01/26;"Consommation brute";75,6117760625;Données Consolidées
2020/01/27;"Consommation brute";73,741424708333;Données Consolidées
2020/01/28;"Consommation brute";66,833336958333;Données Consolidées
2020/01/29;"Consommation brute";61,893527979167;Données Consolidées
2020/01/30;"Consommation brute";68,286781;Données Consolidées
2020/01/31;"Consommation brute";69,302571854167;Données Consolidées
2020/02/01;"Consommation brute";68,489774416667;Données Consolidées
2020/02/02;"Consommation brute";67,529288395833;Données Consolidées
2020/02/03;"Consommation brute";61,905325875;Données Consolidées
2020/02/04;"Consommation brute";55,666786229167;Données Consolidées
2020/02/05;"Consommation brute";52,6636630625;Données Consolidées
2020/02/06;"Consommation brute";58,396653166667;Données Consolidées
2020/02/07;"Consommation brute";63,521668604167;Données Consolidées
2020/02/08;"Consommation brute";66,275792375;Données Consolidées
2020/02/09;"Consommation brute";68,689131520833;Données Consolidées
2020/02/10;"Consommation brute";68,248994916667;Données Consolidées
2020/02/11;"Consommation brute";60,191082916667;Données Consolidées
2020/02/12;"Consommation brute";57,072141270833;Données Consolidées
2020/02/13;"Consommation brute";61,7588908125;Données Consolidées
2020/02/14;"Consommation brute";64,822572583333;Données Consolidées
2020/02/15;"Consommation brute";66,520465541667;Données Consolidées
2020/02/16;"Consommation brute";67,226506625;Données Consolidées
2020/02/17;"Consommation brute";63,451995291667;Données Consolidées
2020/02/18;"Consommation brute";57,4902135;Données Consolidées
2020/02/19;"Consommation brute";52,837051270833;Données Consolidées
2020/02/20;"Consommation brute";60,7801169375;Données Consolidées
2020/02/21;"Consommation brute";64,210720833333;Données Consolidées
2020/02/22;"Consommation brute";64,842077083333;Données Consolidées
2020/02/23;"Consommation brute";64,021771395833;Données Consolidées
2020/02/24;"Consommation brute";64,3613088125;Données Consolidées
2020/02/25;"Consommation brute";58,592949541667;Données Consolidées
2020/02/26;"Consommation brute";53,8330081875;Données Consolidées
2020/02/27;"Consommation brute";59,064825645833;Données Consolidées
2020/02/28;"Consommation brute";61,533030833333;Données Consolidées
2020/02/29;"Consommation brute";;Données provisoires
2020/03/01;"Consommation brute";66,668791854167;Données Consolidées
2020/03/02;"Consommation brute";68,5966008125;Données Consolidées
2020/03/03;"Consommation brute";67,143664645833;Données Consolidées
2020/03/04;"Consommation brute";58,681928083333;Données Consolidées
2020/03/05;"Consommation brute";57,2536570625;Données Consolidées
2020/03/06;"Consommation brute";65,535262;Données Consolidées
2020/03/07;"Consommation brute";68,435807729167;Données Consolidées
2020/03/08;"Consommation brute";68,239477416667;Données Consolidées
2020/03/09;"Consommation brute";65,979236479167;Données Consolidées
2020/03/10;"Consommation brute";66,633361875;Données Consolidées
2020/03/11;"Consommation brute";60,79150125;Données Consolidées
2020/03/12;"Consommation brute";56,8432346875;Données Consolidées
2020/03/13;"Consommation brute";63,451812708333;Données Consolidées
2020/03/14;"Consommation brute";63,45999675;Données Consolidées
2020/03/15;"Consommation brute";58,828028020833;Données Consolidées
2020/03/16;"Consommation brute";58,577398854167;Données Consolidées
2020/03/17;"Consommation brute";59,625866;Données Consolidées
2020/03/18;"Consommation brute";55,194575541667;Données Consolidées
2020/03/19;"Consommation brute";50,965619458333;Données Consolidées
2020/03/20;"Consommation brute";56,364892708333;Données Consolidées
2020/03/21;"Consommation brute";54,08865675;Données Consolidées
2020/03/22;"Consommation brute";50,195091625;Données Consolidées
2020/03/23;"Consommation brute";47,787176645833;Données Consolidées
2020/03/24;"Consommation brute";46,5792549375;Données Consolidées
2020/03/25;"Consommation brute";46,12786775;Données Consolidées
2020/03/26;"Consommation brute";46,620475270833;Données Consolidées
2020/03/27;"Consommation brute";50,116555083333;Données Consolidées
2020/03/28;"Consommation brute";51,273803645833;Données Consolidées
2020/03/29;"Consommation brute";52,247276125;Données Consolidées
2020/03/30;"Consommation brute";53,071253125;Données Consolidées
2020/03/31;"Consommation brute";52,067132354167;Données Consolidées
2020/04/01;"Consommation brute";47,426827770833;Données Consolidées
2020/04/02;"Consommation brute";48,522258586957;Données Consolidées
2020/04/03;"Consommation brute";55,607870583333;Données Consolidées
2020/04/04;"Consommation brute";54,463112625;Données Consolidées
2020/04/05;"Consommation brute";52,792652625;Données Consolidées
2020/04/06;"Consommation brute";52,344749708333;Données Consolidées
2020/04/07;"Consommation brute";50,634046125;Données Consolidées
2020/04/08;"Consommation brute";46,1227563125;Données Consolidées
2020/04/09;"Consommation brute";42,036867958333;Données Consolidées
2020/04/10;"Consommation brute";38,15112425;Données Consolidées
2020/04/11;"Consommation brute";44,614016375;Données Consolidées
2020/04/12;"Consommation brute";43,243427333333;Données Consolidées
2020/04/13;"Consommation brute";42,287555229167;Données Consolidées
2020/04/14;"Consommation brute";41,070550791667;Données Consolidées
2020/04/15;"Consommation brute";38,394269;Données Consolidées
2020/04/16;"Consommation brute";37,112743833333;Données Consolidées
2020/04/17;"Consommation brute";;Données Consolidées
2020/04/18;"Consommation brute";43,1968561875;Données Consolidées
2020/04/19;"Consommation brute";44,182609;Données Consolidées
2020/04/20;"Consommation brute";42,972350166667;Données Consolidées
2020/04/21;"Consommation brute";41,6877095;Données Consolidées
2020/04/22;"Consommation brute";38,486472916667;Données Consolidées
2020/04/23;"Consommation brute";37,624978416667;Données Consolidées
2020/04/24;"Consommation brute";42,024888666667;Données Consolidées
2020/04/25;"Consommation brute";42,943952416667;Données Consolidées
2020/04/26;"Consommation brute";42,979210958333;Données Consolidées
2020/04/27;"Consommation brute";42,486243645833;Données Consolidées
2020/04/28;"Consommation brute";41,56437225;Données Consolidées
2020/04/29;"Consommation brute";38,210118625;Données Consolidées
2020/04/30;"Consommation brute";37,2364389375;Données Consolidées
2020/05/01;"Consommation brute";39,5287513125;Données Consolidées
2020/05/02;"Consommation brute";43,069813708333;Données Consolidées
2020/05/03;"Consommation brute";44,0116104375;Données Consolidées
2020/05/04;"Consommation brute";44,364431979167;Données Consolidées
2020/05/05;"Consommation brute";;Données Consolidées
2020/05/06;"Consommation brute";39,664184770833;Données Consolidées
2020/05/07;"Consommation brute";38,312774625;Données Consolidées
2020/05/08;"Consommation brute";37,6249824375;Données Consolidées
2020/05/09;"Consommation brute";42,542785104167;Données Consolidées
2020/05/10;"Consommation brute";42,141570104167;Données Consolidées
2020/05/11;"Consommation brute";41,7213655625;Données Consolidées
2020/05/12;"Consommation brute";;Données Consolidées
2020/05/13;"Consommation brute";36,853005166667;Données Consolidées
2020/05/14;"Consommation brute";36,124146604167;Données Consolidées
2020/05/15;"Consommation brute";43,250158270833;Données Consolidées
2020/05/16;"Consommation brute";45,633639375;Données Consolidées
2020/05/17;"Consommation brute";46,375091479167;Données Consolidées
2020/05/18;"Consommation brute";37,952456104167;Données Consolidées
2020/05/19;"Consommation brute";45,2961445;Données Consolidées
2020/05/20;"Consommation brute";40,344556604167;Données Consolidées
2020/05/21;"Consommation brute";37,631724770833;Données Consolidées
2020/05/22;"Consommation brute";42,329643;Données Consolidées
2020/05/23;"Consommation brute";42,63959375;Données Consolidées
2020/05/24;"Consommation brute";42,421968145833;Données Consolidées
2020/05/25;"Consommation brute";;Données Consolidées
2020/05/26;"Consommation brute";39,507013458333;Données Consolidées
2020/05/27;"Consommation brute";37,382926395833;Données Consolidées
2020/05/28;"Consommation brute";35,570162270833;Données Consolidées
2020/05/29;"Consommation brute";37,607941145833;Données Consolidées
2020/05/30;"Consommation brute";42,664953458333;Données Consolidées
2020/05/31;"Consommation brute";42,6814276875;Données Consolidées
2020/06/01;"Consommation brute";42,7665284375;Données Consolidées
2020/06/02;"Consommation brute";42,1084929375;Données Consolidées
2020/06/03;"Consommation brute";37,869012333333;Données Consolidées
2020/06/04;"Consommation brute";35,467910979167;Données Consolidées
2020/06/05;"Consommation brute";;Données Consolidées
2020/06/06;"Consommation brute";43,145344041667;Données Consolidées
2020/06/07;"Consommation brute";43,897906729167;Données Consolidées
2020/06/08;"Consommation brute";43,939537520833;Données Consolidées
2020/06/09;"Consommation brute";43,626845145833;Données Consolidées
2020/06/10;"Consommation brute";39,027621833333;Données Consolidées
2020/06/11;"Consommation brute";37,168499395833;Données Consolidées
2020/06/12;"Consommation brute";43,1775800625;Données Consolidées
2020/06/13;"Consommation brute";44,744574729167;Données Consolidées
2020/06/14;"Consommation brute";45,0523746875;Données Consolidées
2020/06/15;"Consommation brute";45,0882721875;Données Consolidées
2020/06/16;"Consommation brute";44,477631229167;Données Consolidées
2020/06/17;"Consommation brute";39,611631041667;Données Consolidées
2020/06/18;"Consommation brute";37,497235104167;Données Consolidées
2020/06/19;"Consommation brute";43,537156708333;Données Consolidées
2020/06/20;"Consommation brute";44,7184821875;Données Consolidées
2020/06/21;"Consommation brute";44,78441325;Données Consolidées
2020/06/22;"Consommation brute";44,808203770833;Données Consolidées
2020/06/23;"Consommation brute";44,1536746875;Données Consolidées
2020/06/24;"Consommation brute";39,6288971875;Données Consolidées
2020/06/25;"Consommation brute";37,383367479167;Données Consolidées
2020/06/26;"Consommation brute";43,851779520833;Données Consolidées
2020/06/27;"Consommation brute";45,311114333333;Données Consolidées
2020/06/28;"Consommation brute";46,157267895833;Données Consolidées
2020/06/29;"Consommation brute";46,820080041667;Données Consolidées
2020/06/30;"Consommation brute";45,739024;Données Consolidées
2020/07/01;"Consommation brute";40,272089020833;Données Consolidées
2020/07/02;"Consommation brute";38,137704291667;Données Consolidées
2020/07/03;"Consommation brute";44,315723833333;Données Consolidées
2020/07/04;"Consommation brute";45,491521291667;Données Consolidées
2020/07/05;"Consommation brute";46,11668575;Données Consolidées
2020/07/06;"Consommation brute";45,927148104167;Données Consolidées
2020/07/07;"Consommation brute";45,063121645833;Données Consolidées
2020/07/08;"Consommation brute";40,53458;Données Consolidées
2020/07/09;"Consommation brute";38,7922335;Données Consolidées
2020/07/10;"Consommation brute";44,913189270833;Données Consolidées
2020/07/11;"Consommation brute";46,143199125;Données Consolidées
2020/07/12;"Consommation brute";46,736890958333;Données Consolidées
2020/07/13;"Consommation brute";47,494898104167;Données Consolidées
2020/07/14;"Consommation brute";40,325592354167;Données Consolidées
2020/07/15;"Consommation brute";40,999484145833;Données Consolidées
2020/07/16;"Consommation brute";38,522488645833;Données Consolidées
2020/07/17;"Consommation brute";42,7205695;Données Consolidées
2020/07/18;"Consommation brute";;Données Consolidées
2020/07/19;"Consommation brute";45,332924541667;Données Consolidées
2020/07/20;"Consommation brute";46,18086825;Données Consolidées
2020/07/21;"Consommation brute";46,056466375;Données Consolidées
2020/07/22;"Consommation brute";41,334409;Données Consolidées
2020/07/23;"Consommation brute";39,068181583333;Données Consolidées
2020/07/24;"Consommation brute";45,644980291667;Données Consolidées
2020/07/25;"Consommation brute";46,9025366875;Données Consolidées
2020/07/26;"Consommation brute";46,845769291667;Données Consolidées
2020/07/27;"Consommation brute";47,035778479167;Données Consolidées
2020/07/28;"Consommation brute";46,169663208333;Données Consolidées
2020/07/29;"Consommation brute";41,253778291667;Données Consolidées
2020/07/30;"Consommation brute";38,8547495625;Données Consolidées
2020/07/31;"Consommation brute";45,380683375;Données Consolidées
2020/08/01;"Consommation brute";46,206352;Données Consolidées
2020/08/02;"Consommation brute";46,323698270833;Données Consolidées
2020/08/03;"Consommation brute";47,035149916667;Données Consolidées
2020/08/04;"Consommation brute";46,834890666667;Données Consolidées
2020/08/05;"Consommation brute";41,57441075;Données Consolidées
2020/08/06;"Consommation brute";38,061571375;Données Consolidées
2020/08/07;"Consommation brute";41,6089490625;Données Consolidées
2020/08/08;"Consommation brute";42,137658;Données Consolidées
2020/08/09;"Consommation brute";42,574791895833;Données Consolidées
2020/08/10;"Consommation brute";43,359459833333;Données Consolidées
2020/08/11;"Consommation brute";44,024226979167;Données Consolidées
2020/08/12;"Consommation brute";41,055378708333;Données Consolidées
2020/08/13;"Consommation brute";39,374545541667;Données Consolidées
2020/08/14;"Consommation brute";43,572644208333;Données Consolidées
2020/08/15;"Consommation brute";38,643238083333;Données Consolidées
2020/08/16;"Consommation brute";44,104636479167;Données Consolidées
2020/08/17;"Consommation brute";42,8767903125;Données Consolidées
2020/08/18;"Consommation brute";42,2075158125;Données Consolidées
2020/08/19;"Consommation brute";;Données Consolidées
2020/08/20;"Consommation brute";36,9189693125;Données Consolidées
2020/08/21;"Consommation brute";41,313908708333;Données Consolidées
2020/08/22;"Consommation brute";42,6586249375;Données Consolidées
2020/08/23;"Consommation brute";43,42102225;Données Consolidées
2020/08/24;"Consommation brute";44,562716833333;Données Consolidées
2020/08/25;"Consommation brute";44,606333416667;Données Consolidées
2020/08/26;"Consommation brute";40,330052041667;Données Consolidées
2020/08/27;"Consommation brute";37,692655041667;Données Consolidées
2020/08/28;"Consommation brute";43,168206166667;Données Consolidées
2020/08/29;"Consommation brute";45,090034416667;Données Consolidées
2020/08/30;"Consommation brute";45,58342625;Données Consolidées
2020/08/31;"Consommation brute";45,591633416667;Données Consolidées
2020/09/01;"Consommation brute";44,668490020833;Données Consolidées
2020/09/02;"Consommation brute";39,470619625;Données Consolidées
2020/09/03;"Consommation brute";37,612826416667;Données Consolidées
2020/09/04;"Consommation brute";43,876725375;Données Consolidées
2020/09/05;"Consommation brute";45,276534770833;Données Consolidées
2020/09/06;"Consommation brute";45,378705395833;Données Consolidées
2020/09/07;"Consommation brute";45,840646583333;Données Consolidées
2020/09/08;"Consommation brute";45,661422395833;Données Consolidées
2020/09/09;"Consommation brute";40,247527;Données Consolidées
2020/09/10;"Consommation brute";38,044387625;Données Consolidées
2020/09/11;"Consommation brute";44,389179208333;Données Consolidées
2020/09/12;"Consommation brute";45,854354916667;Données Consolidées
2020/09/13;"Consommation brute";46,11048275;Données Consolidées
2020/09/14;"Consommation brute";46,202644020833;Données Consolidées
2020/09/15;"Consommation brute";45,665228625;Données Consolidées
2020/09/16;"Consommation brute";40,710654958333;Données Consolidées
2020/09/17;"Consommation brute";38,682411541667;Données Consolidées
2020/09/18;"Consommation brute";45,634727916667;Données Consolidées
2020/09/19;"Consommation brute";47,033019229167;Données Consolidées
2020/09/20;"Consommation brute";47,320238895833;Données Consolidées
2020/09/21;"Consommation brute";46,693900708333;Données Consolidées
2020/09/22;"Consommation brute";45,978871541667;Données Consolidées
2020/09/23;"Consommation brute";41,140716416667;Données Consolidées
2020/09/24;"Consommation brute";38,393353458333;Données Consolidées
2020/09/25;"Consommation brute";44,592085208333;Données Consolidées
2020/09/26;"Consommation brute";45,493455375;Données Consolidées
2020/09/27;"Consommation brute";45,685842729167;Données Consolidées
2020/09/28;"Consommation brute";45,967377625;Données Consolidées
2020/09/29;"Consommation brute";46,502803333333;Données Consolidées
2020/09/30;"Consommation brute";43,0987049375;Données Consolidées
2020/10/01;"Consommation brute";43,1046283125;Données Consolidées
2020/10/02;"Consommation brute";49,8680904375;Données Consolidées
2020/10/03;"Consommation brute";50,045850604167;Données Consolidées
2020/10/04;"Consommation brute";49,006387479167;Données Consolidées
2020/10/05;"Consommation brute";49,152323666667;Données Consolidées
2020/10/06;"Consommation brute";50,1910798125;Données Consolidées
2020/10/07;"Consommation brute";46,061279520833;Données Consolidées
2020/10/08;"Consommation brute";44,5343631875;Données Consolidées
2020/10/09;"Consommation brute";51,913160604167;Données Consolidées
2020/10/10;"Consommation brute";52,470973541667;Données Consolidées
2020/10/11;"Consommation brute";51,3878939375;Données Consolidées
2020/10/12;"Consommation brute";50,608756020833;Données Consolidées
2020/10/13;"Consommation brute";49,464732645833;Données Consolidées
2020/10/14;"Consommation brute";45,291604979167;Données Consolidées
2020/10/15;"Consommation brute";45,046949979167;Données Consolidées
2020/10/16;"Consommation brute";53,368359208333;Données Consolidées
2020/10/17;"Consommation brute";55,102287333333;Données Consolidées
2020/10/18;"Consommation brute";56,003176916667;Données Consolidées
2020/10/19;"Consommation brute";57,306850166667;Données Consolidées
2020/10/20;"Consommation brute";56,981195208333;Données Consolidées
2020/10/21;"Consommation brute";51,1677463125;Données Consolidées
2020/10/22;"Consommation brute";48,896187125;Données Consolidées
2020/10/23;"Consommation brute";55,276404854167;Données Consolidées
2020/10/24;"Consommation brute";54,462612666667;Données Consolidées
2020/10/25;"Consommation brute";51,7778510625;Données Consolidées
2020/10/26;"Consommation brute";50,903019604167;Données Consolidées
2020/10/27;"Consommation brute";50,4373975625;Données Consolidées
2020/10/28;"Consommation brute";46,101384958333;Données Consolidées
2020/10/29;"Consommation brute";45,31561448;Données Consolidées
2020/10/30;"Consommation brute";53,918597833333;Données Consolidées
2020/10/31;"Consommation brute";56,2990583125;Données Consolidées
2020/11/01;"Consommation brute";44,794016375;Données Consolidées
2020/11/02;"Consommation brute";53,849567125;Données Consolidées
2020/11/03;"Consommation brute";51,876364083333;Données Consolidées
2020/11/04;"Consommation brute";46,985550458333;Données Consolidées
2020/11/05;"Consommation brute";;Données Consolidées
2020/11/06;"Consommation brute";49,779580916667;Données Consolidées
2020/11/07;"Consommation brute";53,698114458333;Données Consolidées
2020/11/08;"Consommation brute";57,285640020833;Données Consolidées
2020/11/09;"Consommation brute";58,107150104167;Données Consolidées
2020/11/10;"Consommation brute";56,638958333333;Données Consolidées
2020/11/11;"Consommation brute";48,6889806875;Données Consolidées
2020/11/12;"Consommation brute";45,8237264375;Données Consolidées
2020/11/13;"Consommation brute";51,300296604167;Données Consolidées
2020/11/14;"Consommation brute";52,652193020833;Données Consolidées
2020/11/15;"Consommation brute";;Données Consolidées
2020/11/16;"Consommation brute";53,182384875;Données Consolidées
2020/11/17;"Consommation brute";53,218898895833;Données Consolidées
2020/11/18;"Consommation brute";47,472236520833;Données Consolidées
2020/11/19;"Consommation brute";46,612169145833;Données Consolidées
2020/11/20;"Consommation brute";53,977823270833;Données Consolidées
2020/11/21;"Consommation brute";55,81985075;Données Consolidées
2020/11/22;"Consommation brute";55,767909333333;Données Consolidées
2020/11/23;"Consommation brute";56,650137375;Données Consolidées
2020/11/24;"Consommation brute";59,429250208333;Données Consolidées
2020/11/25;"Consommation brute";56,861571583333;Données Consolidées
2020/11/26;"Consommation brute";55,919716666667;Données Consolidées
2020/11/27;"Consommation brute";62,0774324375;Données Consolidées
2020/11/28;"Consommation brute";63,7111838125;Données Consolidées
2020/11/29;"Consommation brute";62,692770291667;Données Consolidées
2020/11/30;"Consommation brute";61,828808395833;Données Consolidées
2020/12/01;"Consommation brute";60,673468916667;Données Consolidées
2020/12/02;"Consommation brute";55,613114604167;Données Consolidées
2020/12/03;"Consommation brute";56,848452458333;Données Consolidées
2020/12/04;"Consommation brute";67,451797895833;Données Consolidées
2020/12/05;"Consommation brute";68,061467583333;Données Consolidées
2020/12/06;"Consommation brute";68,554670625;Données Consolidées
2020/12/07;"Consommation brute";68,173378583333;Données Consolidées
2020/12/08;"Consommation brute";67,690764625;Données Consolidées
2020/12/09;"Consommation brute";64,586604354167;Données Consolidées
2020/12/10;"Consommation brute";62,577150333333;Données Consolidées
2020/12/11;"Consommation brute";71,231776083333;Données Consolidées
2020/12/12;"Consommation brute";71,943488229167;Données Consolidées
2020/12/13;"Consommation brute";73,406277895833;Données Consolidées
2020/12/14;"Consommation brute";71,683334291667;Données Consolidées
2020/12/15;"Consommation brute";68,306712291667;Données Consolidées
2020/12/16;"Consommation brute";60,563825083333;Données Consolidées
2020/12/17;"Consommation brute";59,638600833333;Données Consolidées
2020/12/18;"Consommation brute";64,403192916667;Données Consolidées
2020/12/19;"Consommation brute";63,200481020833;Données Consolidées
2020/12/20;"Consommation brute";64,256389791667;Données Consolidées
2020/12/21;"Consommation brute";63,047570229167;Données Consolidées
2020/12/22;"Consommation brute";62,5077535;Données Consolidées
2020/12/23;"Consommation brute";56,732830229167;Données Consolidées
2020/12/24;"Consommation brute";54,5183654375;Données Consolidées
2020/12/25;"Consommation brute";57,614300458333;Données Consolidées
2020/12/26;"Consommation brute";57,311412666667;Données Consolidées
2020/12/27;"Consommation brute";56,415136020833;Données Consolidées
2020/12/28;"Consommation brute";57,0647890625;Données Consolidées
2020/12/29;"Consommation brute";;Données Consolidées
2020/12/30;"Consommation brute";62,3416185625;Données Consolidées
2020/12/31;"Consommation brute";62,456009479167;Données Consolidées
2021/01/01;"Consommation brute";62,754922916667;Données Consolidées
2021/01/02;"Consommation brute";72,092475166667;Données Consolidées
2021/01/03;"Consommation brute";74,194845375;Données Consolidées
2021/01/04;"Consommation brute";74,681282;Données Consolidées
2021/01/05;"Consommation brute";74,872885645833;Données Consolidées
2021/01/06;"Consommation brute";74,123911104167;Données Consolidées
2021/01/07;"Consommation brute";68,7918689375;Données Consolidées
2021/01/08;"Consommation brute";66,6803563125;Données Consolidées
2021/01/09;"Consommation brute";73,838023770833;Données Consolidées
2021/01/10;"Consommation brute";73,922669;Données Consolidées
2021/01/11;"Consommation brute";73,320137791667;Données Consolidées
2021/01/12;"Consommation brute";73,0660428125;Données Consolidées
2021/01/13;"Consommation brute";73,335933979167;Données Consolidées
2021/01/14;"Consommation brute";68,223436541667;Données Consolidées
2021/01/15;"Consommation brute";64,816271625;Données Consolidées
2021/01/16;"Consommation brute";72,700829125;Données Consolidées
2021/01/17;"Consommation brute";72,923709354167;Données Consolidées
2021/01/18;"Consommation brute";72,241439604167;Données Consolidées
2021/01/19;"Consommation brute";72,361952375;Données Consolidées
2021/01/20;"Consommation brute";72,020588270833;Données Consolidées
2021/01/21;"Consommation brute";66,845955333333;Données Consolidées
2021/01/22;"Consommation brute";65,013128916667;Données Consolidées
2021/01/23;"Consommation brute";71,936193020833;Données Consolidées
2021/01/24;"Consommation brute";73,726321354167;Données Consolidées
2021/01/25;"Consommation brute";72,543728291667;Données Consolidées
2021/01/26;"Consommation brute";71,0900835;Données Consolidées
2021/01/27;"Consommation brute";70,259069979167;Données Consolidées
2021/01/28;"Consommation brute";65,866328833333;Données Consolidées
2021/01/29;"Consommation brute";63,8614649375;Données Consolidées
2021/01/30;"Consommation brute";70,249553354167;Données Consolidées
2021/01/31;"Consommation brute";71,199242645833;Données Consolidées
2021/02/01;"Consommation brute";71,671224104167;Données Consolidées
2021/02/02;"Consommation brute";70,678064583333;Données Consolidées
2021/02/03;"Consommation brute";69,190958520833;Données Consolidées
2021/02/04;"Consommation brute";64,286584458333;Données Consolidées
2021/02/05;"Consommation brute";62,4885373125;Données Consolidées
2021/02/06;"Consommation brute";69,620212854167;Données Consolidées
2021/02/07;"Consommation brute";70,731437604167;Données Consolidées
2021/02/08;"Consommation brute";70,830736229167;Données Consolidées
2021/02/09;"Consommation brute";71,2994861875;Données Consolidées
2021/02/10;"Consommation brute";70,587566625;Données Consolidées
2021/02/11;"Consommation brute";65,369678375;Données Consolidées
2021/02/12;"Consommation brute";62,6892268125;Données Consolidées
2021/02/13;"Consommation brute";68,184109375;Données Consolidées
2021/02/14;"Consommation brute";68,528151625;Données Consolidées
2021/02/15;"Consommation brute";67,823966416667;Données Consolidées
2021/02/16;"Consommation brute";68,291487104167;Données Consolidées
2021/02/17;"Consommation brute";67,253014083333;Données Consolidées
2021/02/18;"Consommation brute";62,058209604167;Données Consolidées
2021/02/19;"Consommation brute";60,6268849375;Données Consolidées
2021/02/20;"Consommation brute";66,985662854167;Données Consolidées
2021/02/21;"Consommation brute";67,198456770833;Données Consolidées
2021/02/22;"Consommation brute";66,915637;Données Consolidées
2021/02/23;"Consommation brute";65,969912604167;Données Consolidées
2021/02/24;"Consommation brute";64,552622104167;Données Consolidées
2021/02/25;"Consommation brute";60,115703583333;Données Consolidées
2021/02/26;"Consommation brute";57,75180125;Données Consolidées
2021/02/27;"Consommation brute";63,535105166667;Données Consolidées
2021/02/28;"Consommation brute";64,491467916667;Données Consolidées
2021/03/01;"Consommation brute";64,386391541667;Données Consolidées
2021/03/02;"Consommation brute";63,6054784375;Données Consolidées
2021/03/03;"Consommation brute";63,129587583333;Données Consolidées
2021/03/04;"Consommation brute";58,266215208333;Données Consolidées
2021/03/05;"Consommation brute";55,476353479167;Données Consolidées
2021/03/06;"Consommation brute";61,373572645833;Données Consolidées
2021/03/07;"Consommation brute";62,086418479167;Données Consolidées
2021/03/08;"Consommation brute";62,164229625;Données Consolidées
2021/03/09;"Consommation brute";62,492755229167;Données Consolidées
2021/03/10;"Consommation brute";62,0260120625;Données Consolidées
2021/03/11;"Consommation brute";57,324854854167;Données Consolidées
2021/03/12;"Consommation brute";54,99135025;Données Consolidées
2021/03/13;"Consommation brute";61,614898458333;Données Consolidées
2021/03/14;"Consommation brute";62,146684958333;Données Consolidées
2021/03/15;"Consommation brute";62,121936729167;Données Consolidées
2021/03/16;"Consommation brute";61,6524446875;Données Consolidées
2021/03/17;"Consommation brute";60,194346895833;Données Consolidées
2021/03/18;"Consommation brute";54,718882020833;Données Consolidées
2021/03/19;"Consommation brute";52,171714229167;Données Consolidées
2021/03/20;"Consommation brute";58,251568458333;Données Consolidées
2021/03/21;"Consommation brute";58,443853645833;Données Consolidées
2021/03/22;"Consommation brute";57,763863083333;Données Consolidées
2021/03/23;"Consommation brute";57,009922875;Données Consolidées
2021/03/24;"Consommation brute";56,402118375;Données Consolidées
2021/03/25;"Consommation brute";51,498703354167;Données Consolidées
2021/03/26;"Consommation brute";49,7096805;Données Consolidées
2021/03/27;"Consommation brute";56,011455166667;Données Consolidées
2021/03/28;"Consommation brute";56,894358430254;Données Consolidées
2021/03/29;"Consommation brute";56,679652270833;Données Consolidées
2021/03/30;"Consommation brute";57,068621020833;Données Consolidées
2021/03/31;"Consommation brute";55,296411375;Données Consolidées
2021/04/01;"Consommation brute";49,998303;Données Consolidées
2021/04/02;"Consommation brute";47,354955083333;Données Consolidées
2021/04/03;"Consommation brute";;Données Consolidées
2021/04/04;"Consommation brute";53,515444395833;Données Consolidées
2021/04/05;"Consommation brute";54,054321270833;Données Consolidées
2021/04/06;"Consommation brute";53,280867604167;Données Consolidées
2021/04/07;"Consommation brute";52,260899854167;Données Consolidées
2021/04/08;"Consommation brute";47,816556541667;Données Consolidées
2021/04/09;"Consommation brute";46,085409791667;Données Consolidées
2021/04/10;"Consommation brute";47,3572371875;Données Consolidées
2021/04/11;"Consommation brute";51,827463208333;Données Consolidées
2021/04/12;"Consommation brute";51,421709416667;Données Consolidées
2021/04/13;"Consommation brute";50,726898895833;Données Consolidées
2021/04/14;"Consommation brute";49,875348354167;Données Consolidées
2021/04/15;"Consommation brute";44,941048895833;Données Consolidées
2021/04/16;"Consommation brute";43,004307041667;Données Consolidées
2021/04/17;"Consommation brute";49,003467520833;Données Consolidées
2021/04/18;"Consommation brute";49,6499845;Données Consolidées
2021/04/19;"Consommation brute";49,648808354167;Données Consolidées
2021/04/20;"Consommation brute";49,480451458333;Données Consolidées
2021/04/21;"Consommation brute";49,1184191875;Données Consolidées
2021/04/22;"Consommation brute";44,761793916667;Données Consolidées
2021/04/23;"Consommation brute";42,5974169375;Données Consolidées
2021/04/24;"Consommation brute";48,171765895833;Données Consolidées
2021/04/25;"Consommation brute";48,8731973125;Données Consolidées
2021/04/26;"Consommation brute";48,296418333333;Données Consolidées
2021/04/27;"Consommation brute";47,580974979167;Données Consolidées
2021/04/28;"Consommation brute";46,244891479167;Données Consolidées
2021/04/29;"Consommation brute";;Données Consolidées
2021/04/30;"Consommation brute";38,595078541667;Données Consolidées
2021/05/01;"Consommation brute";39,038477020833;Données Consolidées
2021/05/02;"Consommation brute";47,326524875;Données Consolidées
2021/05/03;"Consommation brute";46,760101375;Données Consolidées
2021/05/04;"Consommation brute";47,311163854167;Données Consolidées
2021/05/05;"Consommation brute";46,4639975;Données Consolidées
2021/05/06;"Consommation brute";;Données Consolidées
2021/05/07;"Consommation brute";40,224542833333;Données Consolidées
2021/05/08;"Consommation brute";41,052743145833;Données Consolidées
2021/05/09;"Consommation brute";46,136392895833;Données Consolidées
2021/05/10;"Consommation brute";45,5808330625;Données Consolidées
2021/05/11;"Consommation brute";;Données Consolidées
2021/05/12;"Consommation brute";41,751059541667;Données Consolidées
2021/05/13;"Consommation brute";40,067818854167;Données Consolidées
2021/05/14;"Consommation brute";39,256928916667;Données Consolidées
2021/05/15;"Consommation brute";45,637264208333;Données Consolidées
2021/05/16;"Consommation brute";46,220384083333;Données Consolidées
2021/05/17;"Consommation brute";46,2131458125;Données Consolidées
2021/05/18;"Consommation brute";40,5382135625;Données Consolidées
2021/05/19;"Consommation brute";45,892607145833;Données Consolidées
2021/05/20;"Consommation brute";40,5471196875;Données Consolidées
2021/05/21;"Consommation brute";37,857780854167;Données Consolidées
2021/05/22;"Consommation brute";;Données Consolidées
2021/05/23;"Consommation brute";45,316666541667;Données Consolidées
2021/05/24;"Consommation brute";46,287167395833;Données Consolidées
2021/05/25;"Consommation brute";46,4099579375;Données Consolidées
2021/05/26;"Consommation brute";45,492769583333;Données Consolidées
2021/05/27;"Consommation brute";40,362116020833;Données Consolidées
2021/05/28;"Consommation brute";38,007834104167;Données Consolidées
2021/05/29;"Consommation brute";39,809924270833;Données Consolidées
2021/05/30;"Consommation brute";44,799689604167;Données Consolidées
2021/05/31;"Consommation brute";44,954196604167;Données Consolidées
2021/06/01;"Consommation brute";45,306870416667;Données Consolidées
2021/06/02;"Consommation brute";44,916231520833;Données Consolidées
2021/06/03;"Consommation brute";40,093418270833;Données Consolidées
2021/06/04;"Consommation brute";38,157624958333;Données Consolidées
2021/06/05;"Consommation brute";44,439906979167;Données Consolidées
2021/06/06;"Consommation brute";45,418714395833;Données Consolidées
2021/06/07;"Consommation brute";45,574401083333;Données Consolidées
2021/06/08;"Consommation brute";45,576621270833;Données Consolidées
2021/06/09;"Consommation brute";45,063768979167;Données Consolidées
2021/06/10;"Consommation brute";40,197450666667;Données Consolidées
2021/06/11;"Consommation brute";37,8304851875;Données Consolidées
2021/06/12;"Consommation brute";44,573156645833;Données Consolidées
2021/06/13;"Consommation brute";45,8755641875;Données Consolidées
2021/06/14;"Consommation brute";46,191522520833;Données Consolidées
2021/06/15;"Consommation brute";45,583867833333;Données Consolidées
2021/06/16;"Consommation brute";44,972853520833;Données Consolidées
2021/06/17;"Consommation brute";40,469757770833;Données Consolidées
2021/06/18;"Consommation brute";38,076667208333;Données Consolidées
2021/06/19;"Consommation brute";44,668589979167;Données Consolidées
2021/06/20;"Consommation brute";45,954602270833;Données Consolidées
2021/06/21;"Consommation brute";46,35446825;Données Consolidées
2021/06/22;"Consommation brute";46,214621104167;Données Consolidées
2021/06/23;"Consommation brute";45,598369291667;Données Consolidées
2021/06/24;"Consommation brute";40,972158291667;Données Consolidées
2021/06/25;"Consommation brute";38,849848;Données Consolidées
2021/06/26;"Consommation brute";45,085265416667;Données Consolidées
2021/06/27;"Consommation brute";46,3330065625;Données Consolidées
2021/06/28;"Consommation brute";46,492037333333;Données Consolidées
2021/06/29;"Consommation brute";46,860248479167;Données Consolidées
2021/06/30;"Consommation brute";46,440367395833;Données Consolidées
2021/07/01;"Consommation brute";41,123407333333;Données Consolidées
2021/07/02;"Consommation brute";38,998189375;Données Consolidées
2021/07/03;"Consommation brute";45,67791375;Données Consolidées
2021/07/04;"Consommation brute";46,411221208333;Données Consolidées
2021/07/05;"Consommation brute";46,861620145833;Données Consolidées
2021/07/06;"Consommation brute";46,9085055;Données Consolidées
2021/07/07;"Consommation brute";46,5437038125;Données Consolidées
2021/07/08;"Consommation brute";41,8185989375;Données Consolidées
2021/07/09;"Consommation brute";39,592125916667;Données Consolidées
2021/07/10;"Consommation brute";45,687299770833;Données Consolidées
2021/07/11;"Consommation brute";46,468128125;Données Consolidées
2021/07/12;"Consommation brute";;Données Consolidées
2021/07/13;"Consommation brute";45,947646333333;Données Consolidées
2021/07/14;"Consommation brute";41,5292150625;Données Consolidées
2021/07/15;"Consommation brute";41,522228;Données Consolidées
2021/07/16;"Consommation brute";38,920705104167;Données Consolidées
2021/07/17;"Consommation brute";45,074935333333;Données Consolidées
2021/07/18;"Consommation brute";46,241514333333;Données Consolidées
2021/07/19;"Consommation brute";46,638023583333;Données Consolidées
2021/07/20;"Consommation brute";46,780245541667;Données Consolidées
2021/07/21;"Consommation brute";46,0973775;Données Consolidées
2021/07/22;"Consommation brute";40,8536749375;Données Consolidées
2021/07/23;"Consommation brute";39,10934325;Données Consolidées
2021/07/24;"Consommation brute";45,174914229167;Données Consolidées
2021/07/25;"Consommation brute";46,4112073125;Données Consolidées
2021/07/26;"Consommation brute";46,1569274375;Données Consolidées
2021/07/27;"Consommation brute";46,125501520833;Données Consolidées
2021/07/28;"Consommation brute";44,887528833333;Données Consolidées
2021/07/29;"Consommation brute";40,766737854167;Données Consolidées
2021/07/30;"Consommation brute";37,987170791667;Données Consolidées
2021/07/31;"Consommation brute";42,1910670625;Données Consolidées
2021/08/01;"Consommation brute";43,118668645833;Données Consolidées
2021/08/02;"Consommation brute";43,002371125;Données Consolidées
2021/08/03;"Consommation brute";42,3242640625;Données Consolidées
2021/08/04;"Consommation brute";41,5020546875;Données Consolidées
2021/08/05;"Consommation brute";38,373592145833;Données Consolidées
2021/08/06;"Consommation brute";36,752780479167;Données Consolidées
2021/08/07;"Consommation brute";40,8109241875;Données Consolidées
2021/08/08;"Consommation brute";41,766531416667;Données Consolidées
2021/08/09;"Consommation brute";42,139996708333;Données Consolidées
2021/08/10;"Consommation brute";42,150501458333;Données Consolidées
2021/08/11;"Consommation brute";42,029921458333;Données Consolidées
2021/08/12;"Consommation brute";39,350486958333;Données Consolidées
2021/08/13;"Consommation brute";;Données Consolidées
2021/08/14;"Consommation brute";40,680138979167;Données Consolidées
2021/08/15;"Consommation brute";36,870760458333;Données Consolidées
2021/08/16;"Consommation brute";42,994721520833;Données Consolidées
2021/08/17;"Consommation brute";43,141257395833;Données Consolidées
2021/08/18;"Consommation brute";43,121481458333;Données Consolidées
2021/08/19;"Consommation brute";39,811236645833;Données Consolidées
2021/08/20;"Consommation brute";37,709790208333;Données Consolidées
2021/08/21;"Consommation brute";43,159162708333;Données Consolidées
2021/08/22;"Consommation brute";43,9401003125;Données Consolidées
2021/08/23;"Consommation brute";44,318880270833;Données Consolidées
2021/08/24;"Consommation brute";44,995719375;Données Consolidées
2021/08/25;"Consommation brute";44,546337208333;Données Consolidées
2021/08/26;"Consommation brute";40,378252666667;Données Consolidées
2021/08/27;"Consommation brute";38,701101791667;Données Consolidées
2021/08/28;"Consommation brute";44,937980791667;Données Consolidées
2021/08/29;"Consommation brute";46,177910604167;Données Consolidées
2021/08/30;"Consommation brute";46,815402833333;Données Consolidées
2021/08/31;"Consommation brute";46,647700645833;Données Consolidées
2021/09/01;"Consommation brute";45,869831729167;Données Consolidées
2021/09/02;"Consommation brute";40,787738229167;Données Consolidées
2021/09/03;"Consommation brute";38,787697354167;Données Consolidées
2021/09/04;"Consommation brute";44,966441041667;Données Consolidées
2021/09/05;"Consommation brute";45,793093395833;Données Consolidées
2021/09/06;"Consommation brute";45,663545625;Données Consolidées
2021/09/07;"Consommation brute";45,73998025;Données Consolidées
2021/09/08;"Consommation brute";45,420365020833;Données Consolidées
2021/09/09;"Consommation brute";40,613116104167;Données Consolidées
2021/09/10;"Consommation brute";38,7543599375;Données Consolidées
2021/09/11;"Consommation brute";45,030083125;Données Consolidées
2021/09/12;"Consommation brute";46,015947270833;Données Consolidées
2021/09/13;"Consommation brute";46,1653;Données Consolidées
2021/09/14;"Consommation brute";46,164656833333;Données Consolidées
2021/09/15;"Consommation brute";45,612200291667;Données Consolidées
2021/09/16;"Consommation brute";40,862673166667;Données Consolidées
2021/09/17;"Consommation brute";38,884585583333;Données Consolidées
2021/09/18;"Consommation brute";45,144865875;Données Consolidées
2021/09/19;"Consommation brute";46,193332520833;Données Consolidées
2021/09/20;"Consommation brute";46,307574125;Données Consolidées
2021/09/21;"Consommation brute";46,456907625;Données Consolidées
2021/09/22;"Consommation brute";45,974456854167;Données Consolidées
2021/09/23;"Consommation brute";41,426586270833;Données Consolidées
2021/09/24;"Consommation brute";38,792832625;Données Consolidées
2021/09/25;"Consommation brute";45,525743291667;Données Consolidées
2021/09/26;"Consommation brute";47,018569270833;Données Consolidées
2021/09/27;"Consommation brute";47,231307958333;Données Consolidées
2021/09/28;"Consommation brute";47,2508834375;Données Consolidées
2021/09/29;"Consommation brute";47,165210916667;Données Consolidées
2021/09/30;"Consommation brute";43,071164583333;Données Consolidées
2021/10/01;"Consommation brute";41,272166666667;Données Consolidées
2021/10/02;"Consommation brute";47,09476875;Données Consolidées
2021/10/03;"Consommation brute";48,4131;Données Consolidées
2021/10/04;"Consommation brute";49,098845833333;Données Consolidées
2021/10/05;"Consommation brute";48,191289583333;Données Consolidées
2021/10/06;"Consommation brute";48,46463125;Données Consolidées
2021/10/07;"Consommation brute";43,40718125;Données Consolidées
2021/10/08;"Consommation brute";41,61873125;Données Consolidées
2021/10/09;"Consommation brute";48,169041666667;Données Consolidées
2021/10/10;"Consommation brute";49,53565;Données Consolidées
2021/10/11;"Consommation brute";49,781252083333;Données Consolidées
2021/10/12;"Consommation brute";50,013483333333;Données Consolidées
2021/10/13;"Consommation brute";49,2136375;Données Consolidées
2021/10/14;"Consommation brute";45,13614375;Données Consolidées
2021/10/15;"Consommation brute";43,277014583333;Données Consolidées
2021/10/16;"Consommation brute";50,79941875;Données Consolidées
2021/10/17;"Consommation brute";51,914604166667;Données Consolidées
2021/10/18;"Consommation brute";52,4287625;Données Consolidées
2021/10/19;"Consommation brute";52,62223125;Données Consolidées
2021/10/20;"Consommation brute";51,946102083333;Données Consolidées
2021/10/21;"Consommation brute";46,443760416667;Données Consolidées
2021/10/22;"Consommation brute";44,63759375;Données Consolidées
2021/10/23;"Consommation brute";51,558816666667;Données Consolidées
2021/10/24;"Consommation brute";53,297627083333;Données Consolidées
2021/10/25;"Consommation brute";53,6477125;Données Consolidées
2021/10/26;"Consommation brute";53,836304166667;Données Consolidées
2021/10/27;"Consommation brute";53,876904166667;Données Consolidées
2021/10/28;"Consommation brute";49,557710416667;Données Consolidées
2021/10/29;"Consommation brute";47,401288;Données Consolidées
2021/10/30;"Consommation brute";;Données Consolidées
2021/10/31;"Consommation brute";54,62289375;Données Consolidées
2021/11/01;"Consommation brute";48,784808333333;Données Consolidées
2021/11/02;"Consommation brute";56,569233333333;Données Consolidées
2021/11/03;"Consommation brute";56,348370833333;Données Consolidées
2021/11/04;"Consommation brute";51,7389375;Données Consolidées
2021/11/05;"Consommation brute";49,993327083333;Données Consolidées
2021/11/06;"Consommation brute";57,350552083333;Données Consolidées
2021/11/07;"Consommation brute";58,8491;Données Consolidées
2021/11/08;"Consommation brute";59,342464583333;Données Consolidées
2021/11/09;"Consommation brute";;Données Consolidées
2021/11/10;"Consommation brute";56,547104166667;Données Consolidées
2021/11/11;"Consommation brute";53,437983333333;Données Consolidées
2021/11/12;"Consommation brute";52,064404166667;Données Consolidées
2021/11/13;"Consommation brute";59,765766666667;Données Consolidées
2021/11/14;"Consommation brute";60,927304166667;Données Consolidées
2021/11/15;"Consommation brute";61,559735416667;Données Consolidées
2021/11/16;"Consommation brute";62,372610416667;Données Consolidées
2021/11/17;"Consommation brute";61,53376875;Données Consolidées
2021/11/18;"Consommation brute";56,15511875;Données Consolidées
2021/11/19;"Consommation brute";54,279341666667;Données Consolidées
2021/11/20;"Consommation brute";63,0520625;Données Consolidées
2021/11/21;"Consommation brute";65,355129166667;Données Consolidées
2021/11/22;"Consommation brute";64,783554166667;Données Consolidées
2021/11/23;"Consommation brute";64,569145833333;Données Consolidées
2021/11/24;"Consommation brute";64,893072916667;Données Consolidées
2021/11/25;"Consommation brute";59,987947916667;Données Consolidées
2021/11/26;"Consommation brute";59,234016666667;Données Consolidées
2021/11/27;"Consommation brute";67,332225;Données Consolidées
2021/11/28;"Consommation brute";69,2743;Données Consolidées
2021/11/29;"Consommation brute";68,408722916667;Données Consolidées
2021/11/30;"Consommation brute";69,1267;Données Consolidées
2021/12/01;"Consommation brute";69,223333333333;Données Consolidées
2021/12/02;"Consommation brute";62,69691875;Données Consolidées
2021/12/03;"Consommation brute";61,929108333333;Données Consolidées
2021/12/04;"Consommation brute";68,954995833333;Données Consolidées
2021/12/05;"Consommation brute";70,09883125;Données Consolidées
2021/12/06;"Consommation brute";70,681270833333;Données Consolidées
2021/12/07;"Consommation brute";71,377510416667;Données Consolidées
2021/12/08;"Consommation brute";71,314958333333;Données Consolidées
2021/12/09;"Consommation brute";65,9663625;Données Consolidées
2021/12/10;"Consommation brute";63,381304166667;Données Consolidées
2021/12/11;"Consommation brute";69,959422916667;Données Consolidées
2021/12/12;"Consommation brute";71,322310416667;Données Consolidées
2021/12/13;"Consommation brute";71,182104166667;Données Consolidées
2021/12/14;"Consommation brute";71,448633333333;Données Consolidées
2021/12/15;"Consommation brute";71,412829166667;Données Consolidées
2021/12/16;"Consommation brute";66,378729166667;Données Consolidées
2021/12/17;"Consommation brute";63,7924375;Données Consolidées
2021/12/18;"Consommation brute";71,283647916667;Données Consolidées
2021/12/19;"Consommation brute";72,603785416667;Données Consolidées
2021/12/20;"Consommation brute";72,410547916667;Données Consolidées
2021/12/21;"Consommation brute";72,635554166667;Données Consolidées
2021/12/22;"Consommation brute";72,502833333333;Données Consolidées
2021/12/23;"Consommation brute";67,3928;Données Consolidées
2021/12/24;"Consommation brute";64,767710416667;Données Consolidées
2021/12/25;"Consommation brute";59,842035416667;Données Consolidées
2021/12/26;"Consommation brute";72,542016666667;Données Consolidées
2021/12/27;"Consommation brute";72,193964583333;Données Consolidées
2021/12/28;"Consommation brute";70,093639583333;Données Consolidées
2021/12/29;"Consommation brute";65,27590625;Données Consolidées
2021/12/30;"Consommation brute";;Données Consolidées
2021/12/31;"Consommation brute";61,073827083333;Données Consolidées
2021/01/01;"Consommation brute";50,74149375;Données Consolidées
2021/01/02;"Consommation brute";76,796806416667;Données Consolidées
2021/01/03;"Consommation brute";79,263726625;Données Consolidées
2021/01/04;"Consommation brute";79,395890333333;Données Consolidées
2021/01/05;"Consommation brute";80,2838523125;Données Consolidées
2021/01/06;"Consommation brute";80,350377770833;Données Consolidées
2021/01/07;"Consommation brute";75,654298104167;Données Consolidées
2021/01/08;"Consommation brute";73,641114645833;Données Consolidées
2021/01/09;"Consommation brute";81,143513354167;Données Consolidées
2021/01/10;"Consommation brute";77,810514833333;Données Consolidées
2021/01/11;"Consommation brute";72,373294041667;Données Consolidées
2021/01/12;"Consommation brute";69,9854428125;Données Consolidées
2021/01/13;"Consommation brute";72,834758979167;Données Consolidées
2021/01/14;"Consommation brute";72,215340708333;Données Consolidées
2021/01/15;"Consommation brute";66,097786208333;Données Consolidées
2021/01/16;"Consommation brute";73,909724958333;Données Consolidées
2021/01/17;"Consommation brute";73,5073176875;Données Consolidées
2021/01/18;"Consommation brute";69,3729416875;Données Consolidées
2021/01/19;"Consommation brute";66,958210708333;Données Consolidées
2021/01/20;"Consommation brute";67,6223986875;Données Consolidées
2021/01/21;"Consommation brute";65,409617833333;Données Consolidées
2021/01/22;"Consommation brute";66,047514333333;Données Consolidées
2021/01/23;"Consommation brute";73,291293020833;Données Consolidées
2021/01/24;"Consommation brute";77,364988020833;Données Consolidées
2021/01/25;"Consommation brute";73,652459541667;Données Consolidées
2021/01/26;"Consommation brute";65,865198083333;Données Consolidées
2021/01/27;"Consommation brute";62,0447220625;Données Consolidées
2021/01/28;"Consommation brute";58,754880916667;Données Consolidées
2021/01/29;"Consommation brute";57,678131604167;Données Consolidées
2021/01/30;"Consommation brute";63,3691804375;Données Consolidées
2021/01/31;"Consommation brute";62,029407229167;Données Consolidées
2021/02/01;"Consommation brute";61,535997020833;Données Consolidées
2021/02/02;"Consommation brute";62,998947916667;Données Consolidées
2021/02/03;"Consommation brute";61,501989770833;Données Consolidées
2021/02/04;"Consommation brute";57,404417791667;Données Consolidées
2021/02/05;"Consommation brute";59,246645645833;Données Consolidées
2021/02/06;"Consommation brute";71,224767020833;Données Consolidées
2021/02/07;"Consommation brute";75,101123020833;Données Consolidées
2021/02/08;"Consommation brute";76,153227895833;Données Consolidées
2021/02/09;"Consommation brute";79,067809104167;Données Consolidées
2021/02/10;"Consommation brute";79,542712458333;Données Consolidées
2021/02/11;"Consommation brute";75,680726291667;Données Consolidées
2021/02/12;"Consommation brute";72,571041395833;Données Consolidées
2021/02/13;"Consommation brute";73,089992708333;Données Consolidées
2021/02/14;"Consommation brute";68,449874541667;Données Consolidées
2021/02/15;"Consommation brute";64,250147666667;Données Consolidées
2021/02/16;"Consommation brute";64,672393354167;Données Consolidées
2021/02/17;"Consommation brute";62,33969325;Données Consolidées
2021/02/18;"Consommation brute";54,2422179375;Données Consolidées
2021/02/19;"Consommation brute";51,355455770833;Données Consolidées
2021/02/20;"Consommation brute";57,964475354167;Données Consolidées
2021/02/21;"Consommation brute";56,433065104167;Données Consolidées
2021/02/22;"Consommation brute";55,127178666667;Données Consolidées
2021/02/23;"Consommation brute";55,6360584375;Données Consolidées
2021/02/24;"Consommation brute";56,960220020833;Données Consolidées
2021/02/25;"Consommation brute";55,017239;Données Consolidées
2021/02/26;"Consommation brute";53,90742;Données Consolidées
2021/02/27;"Consommation brute";59,0172135;Données Consolidées
2021/02/28;"Consommation brute";59,285749166667;Données Consolidées
2021/03/01;"Consommation brute";58,572183208333;Données Consolidées
2021/03/02;"Consommation brute";58,609468020833;Données Consolidées
2021/03/03;"Consommation brute";60,856512583333;Données Consolidées
2021/03/04;"Consommation brute";57,985892291667;Données Consolidées
2021/03/05;"Consommation brute";56,553022229167;Données Consolidées
2021/03/06;"Consommation brute";62,825418479167;Données Consolidées
2021/03/07;"Consommation brute";63,859005979167;Données Consolidées
2021/03/08;"Consommation brute";64,005669208333;Données Consolidées
2021/03/09;"Consommation brute";60,2176260625;Données Consolidées
2021/03/10;"Consommation brute";59,980584979167;Données Consolidées
2021/03/11;"Consommation brute";55,804854854167;Données Consolidées
2021/03/12;"Consommation brute";54,765748166667;Données Consolidées
2021/03/13;"Consommation brute";61,284123458333;Données Consolidées
2021/03/14;"Consommation brute";62,014799541667;Données Consolidées
2021/03/15;"Consommation brute";62,4586513125;Données Consolidées
2021/03/16;"Consommation brute";64,566648854167;Données Consolidées
2021/03/17;"Consommation brute";64,103317729167;Données Consolidées
2021/03/18;"Consommation brute";59,444396604167;Données Consolidées
2021/03/19;"Consommation brute";57,332939229167;Données Consolidées
2021/03/20;"Consommation brute";62,419941375;Données Consolidées
2021/03/21;"Consommation brute";60,892259895833;Données Consolidées
2021/03/22;"Consommation brute";58,133621416667;Données Consolidées
2021/03/23;"Consommation brute";56,472649958333;Données Consolidées
2021/03/24;"Consommation brute";56,072362125;Données Consolidées
2021/03/25;"Consommation brute";51,331847104167;Données Consolidées
2021/03/26;"Consommation brute";48,465054413044;Données Consolidées
2021/03/27;"Consommation brute";51,659934333333;Données Consolidées
2021/03/28;"Consommation brute";49,629521020833;Données Consolidées
2021/03/29;"Consommation brute";48,222527270833;Données Consolidées
2021/03/30;"Consommation brute";48,098248104167;Données Consolidées
2021/03/31;"Consommation brute";47,613721791667;Données Consolidées
2021/04/01;"Consommation brute";46,56775925;Données Consolidées
2021/04/02;"Consommation brute";46,214055083333;Données Consolidées
2021/04/03;"Consommation brute";;Données Consolidées
2021/04/04;"Consommation brute";58,743446479167;Données Consolidées
2021/04/05;"Consommation brute";61,8094691875;Données Consolidées
2021/04/06;"Consommation brute";59,4999259375;Données Consolidées
2021/04/07;"Consommation brute";56,1548206875;Données Consolidées
2021/04/08;"Consommation brute";50,244223208333;Données Consolidées
2021/04/09;"Consommation brute";50,327905625;Données Consolidées
2021/04/10;"Consommation brute";48,837370520833;Données Consolidées
2021/04/11;"Consommation brute";58,980156958333;Données Consolidées
2021/04/12;"Consommation brute";58,481909416667;Données Consolidées
2021/04/13;"Consommation brute";58,806117645833;Données Consolidées
2021/04/14;"Consommation brute";58,9222191875;Données Consolidées
2021/04/15;"Consommation brute";53,073086395833;Données Consolidées
2021/04/16;"Consommation brute";49,969515375;Données Consolidées
2021/04/17;"Consommation brute";54,076586270833;Données Consolidées
2021/04/18;"Consommation brute";52,8843845;Données Consolidées
2021/04/19;"Consommation brute";51,620402104167;Données Consolidées
2021/04/20;"Consommation brute";50,465311875;Données Consolidées
2021/04/21;"Consommation brute";48,867996270833;Données Consolidées
2021/04/22;"Consommation brute";43,320335583333;Données Consolidées
2021/04/23;"Consommation brute";41,4853731875;Données Consolidées
2021/04/24;"Consommation brute";48,226090895833;Données Consolidées
2021/04/25;"Consommation brute";49,192857729167;Données Consolidées
2021/04/26;"Consommation brute";49,61990375;Données Consolidées
2021/04/27;"Consommation brute";50,772281229167;Données Consolidées
2021/04/28;"Consommation brute";50,995851895833;Données Consolidées
2021/04/29;"Consommation brute";;Données Consolidées
2021/04/30;"Consommation brute";45,550395208333;Données Consolidées
2021/05/01;"Consommation brute";45,378720770833;Données Consolidées
2021/05/02;"Consommation brute";51,833249875;Données Consolidées
2021/05/03;"Consommation brute";51,781355541667;Données Consolidées
2021/05/04;"Consommation brute";53,351330520833;Données Consolidées
2021/05/05;"Consommation brute";51,048493333333;Données Consolidées
2021/05/06;"Consommation brute";;Données Consolidées
2021/05/07;"Consommation brute";39,662344916667;Données Consolidées
2021/05/08;"Consommation brute";42,931038979167;Données Consolidées
2021/05/09;"Consommation brute";47,9671658125;Données Consolidées
2021/05/10;"Consommation brute";48,752022645833;Données Consolidées
2021/05/11;"Consommation brute";;Données Consolidées
2021/05/12;"Consommation brute";45,856447041667;Données Consolidées
2021/05/13;"Consommation brute";44,307625104167;Données Consolidées
2021/05/14;"Consommation brute";42,787635166667;Données Consolidées
2021/05/15;"Consommation brute";48,837695458333;Données Consolidées
2021/05/16;"Consommation brute";49,884604916667;Données Consolidées
2021/05/17;"Consommation brute";50,092131229167;Données Consolidées
2021/05/18;"Consommation brute";43,958321895833;Données Consolidées
2021/05/19;"Consommation brute";48,5688175625;Données Consolidées
2021/05/20;"Consommation brute";44,0872696875;Données Consolidées
2021/05/21;"Consommation brute";41,557093354167;Données Consolidées
2021/05/22;"Consommation brute";;Données Consolidées
2021/05/23;"Consommation brute";49,510026958333;Données Consolidées
2021/05/24;"Consommation brute";49,845656979167;Données Consolidées
2021/05/25;"Consommation brute";48,370743354167;Données Consolidées
2021/05/26;"Consommation brute";46,268063333333;Données Consolidées
2021/05/27;"Consommation brute";40,6205076875;Données Consolidées
2021/05/28;"Consommation brute";38,1724111875;Données Consolidées
2021/05/29;"Consommation brute";43,8148034375;Données Consolidées
2021/05/30;"Consommation brute";45,205120854167;Données Consolidées
2021/05/31;"Consommation brute";45,4750361875;Données Consolidées
2021/06/01;"Consommation brute";45,758282916667;Données Consolidées
2021/06/02;"Consommation brute";45,1589981875;Données Consolidées
2021/06/03;"Consommation brute";40,090114104167;Données Consolidées
2021/06/04;"Consommation brute";38,134472875;Données Consolidées
2021/06/05;"Consommation brute";44,4624528125;Données Consolidées
2021/06/06;"Consommation brute";45,6165560625;Données Consolidées
2021/06/07;"Consommation brute";46,022463583333;Données Consolidées
2021/06/08;"Consommation brute";46,313933770833;Données Consolidées
2021/06/09;"Consommation brute";46,018848145833;Données Consolidées
2021/06/10;"Consommation brute";41,1741465;Données Consolidées
2021/06/11;"Consommation brute";38,913664354167;Données Consolidées
2021/06/12;"Consommation brute";46,038033729167;Données Consolidées
2021/06/13;"Consommation brute";47,5888829375;Données Consolidées
2021/06/14;"Consommation brute";48,1842329375;Données Consolidées
2021/06/15;"Consommation brute";47,424444916667;Données Consolidées
2021/06/16;"Consommation brute";46,276980604167;Données Consolidées
2021/06/17;"Consommation brute";41,455397354167;Données Consolidées
2021/06/18;"Consommation brute";38,659735958333;Données Consolidées
2021/06/19;"Consommation brute";44,884427479167;Données Consolidées
2021/06/20;"Consommation brute";45,7522751875;Données Consolidées
2021/06/21;"Consommation brute";45,8909245;Données Consolidées
2021/06/22;"Consommation brute";45,687337770833;Données Consolidées
2021/06/23;"Consommation brute";45,084104708333;Données Consolidées
2021/06/24;"Consommation brute";40,551587458333;Données Consolidées
2021/06/25;"Consommation brute";38,648564666667;Données Consolidées
2021/06/26;"Consommation brute";44,800084166667;Données Consolidées
2021/06/27;"Consommation brute";45,829516979167;Données Consolidées
2021/06/28;"Consommation brute";45,866420666667;Données Consolidées
2021/06/29;"Consommation brute";46,2987443125;Données Consolidées
2021/06/30;"Consommation brute";46,242219479167;Données Consolidées
2021/07/01;"Consommation brute";41,2011115;Données Consolidées
2021/07/02;"Consommation brute";38,769291458333;Données Consolidées
2021/07/03;"Consommation brute";45,30063875;Données Consolidées
2021/07/04;"Consommation brute";46,085667041667;Données Consolidées
2021/07/05;"Consommation brute";46,266122229167;Données Consolidées
2021/07/06;"Consommation brute";46,247682583333;Données Consolidées
2021/07/07;"Consommation brute";45,849739229167;Données Consolidées
2021/07/08;"Consommation brute";41,134669770833;Données Consolidées
2021/07/09;"Consommation brute";38,937642583333;Données Consolidées
2021/07/10;"Consommation brute";45,126256020833;Données Consolidées
2021/07/11;"Consommation brute";45,601815625;Données Consolidées
2021/07/12;"Consommation brute";;Données Consolidées
2021/07/13;"Consommation brute";45,085671333333;Données Consolidées
2021/07/14;"Consommation brute";40,565906729167;Données Consolidées
2021/07/15;"Consommation brute";40,872667583333;Données Consolidées
2021/07/16;"Consommation brute";39,005365520833;Données Consolidées
2021/07/17;"Consommation brute";45,988110333333;Données Consolidées
2021/07/18;"Consommation brute";47,40798725;Données Consolidées
2021/07/19;"Consommation brute";47,758429833333;Données Consolidées
2021/07/20;"Consommation brute";47,952168458333;Données Consolidées
2021/07/21;"Consommation brute";47,191875416667;Données Consolidées
2021/07/22;"Consommation brute";41,5050624375;Données Consolidées
2021/07/23;"Consommation brute";39,059822416667;Données Consolidées
2021/07/24;"Consommation brute";44,9201913125;Données Consolidées
2021/07/25;"Consommation brute";45,9889823125;Données Consolidées
2021/07/26;"Consommation brute";45,523581604167;Données Consolidées
2021/07/27;"Consommation brute";45,498897354167;Données Consolidées
2021/07/28;"Consommation brute";44,319722583333;Données Consolidées
2021/07/29;"Consommation brute";39,9956711875;Données Consolidées
2021/07/30;"Consommation brute";36,996568708333;Données Consolidées
2021/07/31;"Consommation brute";41,190837895833;Données Consolidées
2021/08/01;"Consommation brute";42,078743645833;Données Consolidées
2021/08/02;"Consommation brute";41,893212791667;Données Consolidées
2021/08/03;"Consommation brute";41,341180729167;Données Consolidées
2021/08/04;"Consommation brute";40,730852604167;Données Consolidées
2021/08/05;"Consommation brute";37,517862979167;Données Consolidées
2021/08/06;"Consommation brute";35,780099229167;Données Consolidées
2021/08/07;"Consommation brute";39,9157054375;Données Consolidées
2021/08/08;"Consommation brute";41,21985225;Données Consolidées
2021/08/09;"Consommation brute";42,084546708333;Données Consolidées
2021/08/10;"Consommation brute";42,657338958333;Données Consolidées
2021/08/11;"Consommation brute";42,861925625;Données Consolidées
2021/08/12;"Consommation brute";40,420920291667;Données Consolidées
2021/08/13;"Consommation brute";;Données Consolidées
2021/08/14;"Consommation brute";41,0933035625;Données Consolidées
2021/08/15;"Consommation brute";38,032679208333;Données Consolidées
2021/08/16;"Consommation brute";42,3105694375;Données Consolidées
2021/08/17;"Consommation brute";42,5062928125;Données Consolidées
2021/08/18;"Consommation brute";42,718337708333;Données Consolidées
2021/08/19;"Consommation brute";39,755905395833;Données Consolidées
2021/08/20;"Consommation brute";37,765008958333;Données Consolidées
2021/08/21;"Consommation brute";42,982133541667;Données Consolidées
2021/08/22;"Consommation brute";43,7270190625;Données Consolidées
2021/08/23;"Consommation brute";44,101376104167;Données Consolidées
2021/08/24;"Consommation brute";44,781998541667;Données Consolidées
2021/08/25;"Consommation brute";44,235783041667;Données Consolidées
2021/08/26;"Consommation brute";39,945036;Données Consolidées
2021/08/27;"Consommation brute";38,253201791667;Données Consolidées
2021/08/28;"Consommation brute";44,533459958333;Données Consolidées
2021/08/29;"Consommation brute";45,913002270833;Données Consolidées
2021/08/30;"Consommation brute";46,660432;Données Consolidées
2021/08/31;"Consommation brute";46,653806895833;Données Consolidées
2021/09/01;"Consommation brute";46,162854645833;Données Consolidées
2021/09/02;"Consommation brute";41,3388590625;Données Consolidées
2021/09/03;"Consommation brute";39,572222354167;Données Consolidées
2021/09/04;"Consommation brute";46,237055625;Données Consolidées
2021/09/05;"Consommation brute";47,439514229167;Données Consolidées
2021/09/06;"Consommation brute";47,411114375;Données Consolidées
2021/09/07;"Consommation brute";47,11709275;Données Consolidées
2021/09/08;"Consommation brute";46,218102520833;Données Consolidées
2021/09/09;"Consommation brute";40,955707770833;Données Consolidées
2021/09/10;"Consommation brute";38,958243270833;Données Consolidées
2021/09/11;"Consommation brute";45,440701875;Données Consolidées
2021/09/12;"Consommation brute";46,898405604167;Données Consolidées
2021/09/13;"Consommation brute";47,009397916667;Données Consolidées
2021/09/14;"Consommation brute";46,546396416667;Données Consolidées
2021/09/15;"Consommation brute";45,716373208333;Données Consolidées
2021/09/16;"Consommation brute";40,95167525;Données Consolidées
2021/09/17;"Consommation brute";38,872271;Données Consolidées
2021/09/18;"Consommation brute";45,097874208333;Données Consolidées
2021/09/19;"Consommation brute";46,162957520833;Données Consolidées
2021/09/20;"Consommation brute";46,319272041667;Données Consolidées
2021/09/21;"Consommation brute";46,451515958333;Données Consolidées
2021/09/22;"Consommation brute";45,9110089375;Données Consolidées
2021/09/23;"Consommation brute";41,375267520833;Données Consolidées
2021/09/24;"Consommation brute";38,812588875;Données Consolidées
2021/09/25;"Consommation brute";45,423505791667;Données Consolidées
2021/09/26;"Consommation brute";46,927844270833;Données Consolidées
2021/09/27;"Consommation brute";47,137887125;Données Consolidées
2021/09/28;"Consommation brute";47,709954270833;Données Consolidées
2021/09/29;"Consommation brute";47,880865083333;Données Consolidées
2021/09/30;"Consommation brute";43,12734375;Données Consolidées
2021/10/01;"Consommation brute";41,120572916667;Données Consolidées
2021/10/02;"Consommation brute";47,422235416667;Données Consolidées
2021/10/03;"Consommation brute";49,083352083333;Données Consolidées
2021/10/04;"Consommation brute";50,023408333333;Données Consolidées
2021/10/05;"Consommation brute";49,2842875;Données Consolidées
2021/10/06;"Consommation brute";49,289754166667;Données Consolidées
2021/10/07;"Consommation brute";44,242754166667;Données Consolidées
2021/10/08;"Consommation brute";42,876175;Données Consolidées
2021/10/09;"Consommation brute";49,71534375;Données Consolidées
2021/10/10;"Consommation brute";51,751370833333;Données Consolidées
2021/10/11;"Consommation brute";52,051441666667;Données Consolidées
2021/10/12;"Consommation brute";53,192960416667;Données Consolidées
2021/10/13;"Consommation brute";52,553335416667;Données Consolidées
2021/10/14;"Consommation brute";47,586772916667;Données Consolidées
2021/10/15;"Consommation brute";45,970302083333;Données Consolidées
2021/10/16;"Consommation brute";52,3967;Données Consolidées
2021/10/17;"Consommation brute";50,492625;Données Consolidées
2021/10/18;"Consommation brute";50,0932;Données Consolidées
2021/10/19;"Consommation brute";50,781910416667;Données Consolidées
2021/10/20;"Consommation brute";52,608397916667;Données Consolidées
2021/10/21;"Consommation brute";48,420108333333;Données Consolidées
2021/10/22;"Consommation brute";47,461166666667;Données Consolidées
2021/10/23;"Consommation brute";53,242829166667;Données Consolidées
2021/10/24;"Consommation brute";53,563414583333;Données Consolidées
2021/10/25;"Consommation brute";53,750483333333;Données Consolidées
2021/10/26;"Consommation brute";53,736220833333;Données Consolidées
2021/10/27;"Consommation brute";52,531727083333;Données Consolidées
2021/10/28;"Consommation brute";47,517622916667;Données Consolidées
2021/10/29;"Consommation brute";44,483832;Données Consolidées
2021/10/30;"Consommation brute";;Données Consolidées
2021/10/31;"Consommation brute";55,03244375;Données Consolidées
2021/11/01;"Consommation brute";46,991191666667;Données Consolidées
2021/11/02;"Consommation brute";60,350758333333;Données Consolidées
2021/11/03;"Consommation brute";60,500104166667;Données Consolidées
2021/11/04;"Consommation brute";57,06603125;Données Consolidées
2021/11/05;"Consommation brute";53,96569375;Données Consolidées
2021/11/06;"Consommation brute";60,079008333333;Données Consolidées
2021/11/07;"Consommation brute";62,40071875;Données Consolidées
2021/11/08;"Consommation brute";63,810395833333;Données Consolidées
2021/11/09;"Consommation brute";;Données Consolidées
2021/11/10;"Consommation brute";59,54079375;Données Consolidées
2021/11/11;"Consommation brute";57,272285416667;Données Consolidées
2021/11/12;"Consommation brute";51,525839583333;Données Consolidées
2021/11/13;"Consommation brute";60,689675;Données Consolidées
2021/11/14;"Consommation brute";62,750397916667;Données Consolidées
2021/11/15;"Consommation brute";62,637410416667;Données Consolidées
2021/11/16;"Consommation brute";62,975633333333;Données Consolidées
2021/11/17;"Consommation brute";62,635360416667;Données Consolidées
2021/11/18;"Consommation brute";58,400770833333;Données Consolidées
2021/11/19;"Consommation brute";57,404504166667;Données Consolidées
2021/11/20;"Consommation brute";65,766547916667;Données Consolidées
2021/11/21;"Consommation brute";68,14665625;Données Consolidées
2021/11/22;"Consommation brute";68,761295833333;Données Consolidées
2021/11/23;"Consommation brute";69,42800625;Données Consolidées
2021/11/24;"Consommation brute";69,712795833333;Données Consolidées
2021/11/25;"Consommation brute";65,460045833333;Données Consolidées
2021/11/26;"Consommation brute";65,397110416667;Données Consolidées
2021/11/27;"Consommation brute";73,997972916667;Données Consolidées
2021/11/28;"Consommation brute";74,812133333333;Données Consolidées
2021/11/29;"Consommation brute";70,28993125;Données Consolidées
2021/11/30;"Consommation brute";71,8911;Données Consolidées
2021/12/01;"Consommation brute";73,784158333333;Données Consolidées
2021/12/02;"Consommation brute";63,2607875;Données Consolidées
2021/12/03;"Consommation brute";63,76981875;Données Consolidées
2021/12/04;"Consommation brute";70,763525;Données Consolidées
2021/12/05;"Consommation brute";71,681902083333;Données Consolidées
2021/12/06;"Consommation brute";71,8008625;Données Consolidées
2021/12/07;"Consommation brute";73,565139583333;Données Consolidées
2021/12/08;"Consommation brute";72,376310416667;Données Consolidées
2021/12/09;"Consommation brute";66,701225;Données Consolidées
2021/12/10;"Consommation brute";62,253254166667;Données Consolidées
2021/12/11;"Consommation brute";67,996664583333;Données Consolidées
2021/12/12;"Consommation brute";70,407825;Données Consolidées
2021/12/13;"Consommation brute";70,443547916667;Données Consolidées
2021/12/14;"Consommation brute";70,10289375;Données Consolidées
2021/12/15;"Consommation brute";69,869775;Données Consolidées
2021/12/16;"Consommation brute";65,4009;Données Consolidées
2021/12/17;"Consommation brute";64,867741666667;Données Consolidées
2021/12/18;"Consommation brute";67,996664583333;Données Consolidées
2021/12/19;"Consommation brute";70,407825;Données Consolidées
2021/12/20;"Consommation brute";70,443547916667;Données Consolidées
2021/12/21;"Consommation brute";70,10289375;Données Consolidées
2021/12/22;"Consommation brute";69,869775;Données Consolidées
2021/12/23;"Consommation brute";65,4009;Données Consolidées
2021/12/24;"Consommation brute";64,867741666667;Données Consolidées
2021/12/25;"Consommation brute";53,942941666667;Données Consolidées
2021/12/26;"Consommation brute";75,3803375;Données Consolidées
2021/12/27;"Consommation brute";77,42758125;Données Consolidées
2021/12/28;"Consommation brute";71,537479166667;Données Consolidées
2021/12/29;"Consommation brute";61,646533333333;Données Consolidées
2021/12/30;"Consommation brute";;Données Consolidées
2021/12/31;"Consommation brute";54,09145625;Données Consolidées
2022/01/01;"Consommation brute";59,436439583333;Données Consolidées
2022/01/02;"Consommation brute";72,01594375;Données Consolidées
2022/01/03;"Consommation brute";73,4868;Données Consolidées
2022/01/04;"Consommation brute";75,217225;Données Consolidées
2022/01/05;"Consommation brute";75,26121875;Données Consolidées
2022/01/06;"Consommation brute";74,55020625;Données Consolidées
2022/01/07;"Consommation brute";69,305822916667;Données Consolidées
2022/01/08;"Consommation brute";67,222066666667;Données Consolidées
2022/01/09;"Consommation brute";73,511347916667;Données Consolidées
2022/01/10;"Consommation brute";74,524502083333;Données Consolidées
2022/01/11;"Consommation brute";74,941427083333;Données Consolidées
2022/01/12;"Consommation brute";75,412447916667;Données Consolidées
2022/01/13;"Consommation brute";75,05579375;Données Consolidées
2022/01/14;"Consommation brute";69,113139583333;Données Consolidées
2022/01/15;"Consommation brute";66,24889375;Données Consolidées
2022/01/16;"Consommation brute";73,00481875;Données Consolidées
2022/01/17;"Consommation brute";74,01008125;Données Consolidées
2022/01/18;"Consommation brute";73,621958333333;Données Consolidées
2022/01/19;"Consommation brute";73,445539583333;Données Consolidées
2022/01/20;"Consommation brute";73,76753125;Données Consolidées
2022/01/21;"Consommation brute";67,6929375;Données Consolidées
2022/01/22;"Consommation brute";64,847545833333;Données Consolidées
2022/01/23;"Consommation brute";72,064266666667;Données Consolidées
2022/01/24;"Consommation brute";73,020327083333;Données Consolidées
2022/01/25;"Consommation brute";73,002954166667;Données Consolidées
2022/01/26;"Consommation brute";72,602672916667;Données Consolidées
2022/01/27;"Consommation brute";71,56318125;Données Consolidées
2022/01/28;"Consommation brute";66,313122916667;Données Consolidées
2022/01/29;"Consommation brute";63,23901875;Données Consolidées
2022/01/30;"Consommation brute";71,297564583333;Données Consolidées
2022/01/31;"Consommation brute";72,7582;Données Consolidées
2022/02/01;"Consommation brute";71,241633333333;Données Consolidées
2022/02/02;"Consommation brute";70,926297916667;Données Consolidées
2022/02/03;"Consommation brute";70,124560416667;Données Consolidées
2022/02/04;"Consommation brute";64,989552083333;Données Consolidées
2022/02/05;"Consommation brute";64,154470833333;Données Consolidées
2022/02/06;"Consommation brute";69,75404375;Données Consolidées
2022/02/07;"Consommation brute";70,17296875;Données Consolidées
2022/02/08;"Consommation brute";69,98775;Données Consolidées
2022/02/09;"Consommation brute";69,54585;Données Consolidées
2022/02/10;"Consommation brute";68,786414583333;Données Consolidées
2022/02/11;"Consommation brute";64,118014583333;Données Consolidées
2022/02/12;"Consommation brute";61,910927083333;Données Consolidées
2022/02/13;"Consommation brute";67,926183333333;Données Consolidées
2022/02/14;"Consommation brute";69,33805625;Données Consolidées
2022/02/15;"Consommation brute";70,589039583333;Données Consolidées
2022/02/16;"Consommation brute";69,767966666667;Données Consolidées
2022/02/17;"Consommation brute";68,5925;Données Consolidées
2022/02/18;"Consommation brute";63,594247916667;Données Consolidées
2022/02/19;"Consommation brute";61,892479166667;Données Consolidées
2022/02/20;"Consommation brute";69,206339583333;Données Consolidées
2022/02/21;"Consommation brute";69,30075625;Données Consolidées
2022/02/22;"Consommation brute";67,96060625;Données Consolidées
2022/02/23;"Consommation brute";68,03476875;Données Consolidées
2022/02/24;"Consommation brute";67,317375;Données Consolidées
2022/02/25;"Consommation brute";62,065104166667;Données Consolidées
2022/02/26;"Consommation brute";59,684254166667;Données Consolidées
2022/02/27;"Consommation brute";65,57235;Données Consolidées
2022/02/28;"Consommation brute";65,943291666667;Données Consolidées
2022/03/01;"Consommation brute";65,585985416667;Données Consolidées
2022/03/02;"Consommation brute";64,962114583333;Données Consolidées
2022/03/03;"Consommation brute";64,375383333333;Données Consolidées
2022/03/04;"Consommation brute";59,534629166667;Données Consolidées
2022/03/05;"Consommation brute";57,435814583333;Données Consolidées
2022/03/06;"Consommation brute";64,328625;Données Consolidées
2022/03/07;"Consommation brute";64,876902083333;Données Consolidées
2022/03/08;"Consommation brute";64,022302083333;Données Consolidées
2022/03/09;"Consommation brute";63,54171875;Données Consolidées
2022/03/10;"Consommation brute";63,277772916667;Données Consolidées
2022/03/11;"Consommation brute";58,02225;Données Consolidées
2022/03/12;"Consommation brute";56,340422916667;Données Consolidées
2022/03/13;"Consommation brute";62,1040125;Données Consolidées
2022/03/14;"Consommation brute";63,406204166667;Données Consolidées
2022/03/15;"Consommation brute";62,8171625;Données Consolidées
2022/03/16;"Consommation brute";62,662902083333;Données Consolidées
2022/03/17;"Consommation brute";62,75620625;Données Consolidées
2022/03/18;"Consommation brute";57,80946875;Données Consolidées
2022/03/19;"Consommation brute";54,755720833333;Données Consolidées
2022/03/20;"Consommation brute";60,582885416667;Données Consolidées
2022/03/21;"Consommation brute";61,389416666667;Données Consolidées
2022/03/22;"Consommation brute";61,218866666667;Données Consolidées
2022/03/23;"Consommation brute";60,620547916667;Données Consolidées
2022/03/24;"Consommation brute";59,5173625;Données Consolidées
2022/03/25;"Consommation brute";54,461477083333;Données Consolidées
2022/03/26;"Consommation brute";52,458537777778;Données Consolidées
2022/03/27;"Consommation brute";57,981324419729;Données Consolidées
2022/03/28;"Consommation brute";58,801680363475;Données Consolidées
2022/03/29;"Consommation brute";58,220339583333;Données Consolidées
2022/03/30;"Consommation brute";58,0739125;Données Consolidées
2022/03/31;"Consommation brute";58,938304166667;Données Consolidées
2022/04/01;"Consommation brute";53,757689583333;Données Consolidées
2022/04/02;"Consommation brute";50,695133333333;Données Consolidées
2022/04/03;"Consommation brute";55,980941666667;Données Consolidées
2022/04/04;"Consommation brute";56,625089583333;Données Consolidées
2022/04/05;"Consommation brute";56,5945125;Données Consolidées
2022/04/06;"Consommation brute";57,821770833333;Données Consolidées
2022/04/07;"Consommation brute";57,202252083333;Données Consolidées
2022/04/08;"Consommation brute";50,576714583333;Données Consolidées
2022/04/09;"Consommation brute";47,316366666667;Données Consolidées
2022/04/10;"Consommation brute";44,222245833333;Données Consolidées
2022/04/11;"Consommation brute";54,33070625;Données Consolidées
2022/04/12;"Consommation brute";54,22336875;Données Consolidées
2022/04/13;"Consommation brute";53,60715;Données Consolidées
2022/04/14;"Consommation brute";52,001454166667;Données Consolidées
2022/04/15;"Consommation brute";47,1058875;Données Consolidées
2022/04/16;"Consommation brute";44,256639583333;Données Consolidées
2022/04/17;"Consommation brute";;Données Consolidées
2022/04/18;"Consommation brute";49,373954166667;Données Consolidées
2022/04/19;"Consommation brute";50,277675;Données Consolidées
2022/04/20;"Consommation brute";50,690760416667;Données Consolidées
2022/04/21;"Consommation brute";49,7208;Données Consolidées
2022/04/22;"Consommation brute";45,362527083333;Données Consolidées
2022/04/23;"Consommation brute";43,17221875;Données Consolidées
2022/04/24;"Consommation brute";48,629083333333;Données Consolidées
2022/04/25;"Consommation brute";48,877052083333;Données Consolidées
2022/04/26;"Consommation brute";48,633510416667;Données Consolidées
2022/04/27;"Consommation brute";48,821554166667;Données Consolidées
2022/04/28;"Consommation brute";48,292372916667;Données Consolidées
2022/04/29;"Consommation brute";43,044135416667;Données Consolidées
2022/04/30;"Consommation brute";;Données Consolidées
2022/05/01;"Consommation brute";39,627839583333;Données Consolidées
2022/05/02;"Consommation brute";47,683416666667;Données Consolidées
2022/05/03;"Consommation brute";47,902860416667;Données Consolidées
2022/05/04;"Consommation brute";47,904447916667;Données Consolidées
2022/05/05;"Consommation brute";47,4827625;Données Consolidées
2022/05/06;"Consommation brute";42,6018375;Données Consolidées
2022/05/07;"Consommation brute";;Données Consolidées
2022/05/08;"Consommation brute";40,383302083333;Données Consolidées
2022/05/09;"Consommation brute";47,0943;Données Consolidées
2022/05/10;"Consommation brute";47,001589583333;Données Consolidées
2022/05/11;"Consommation brute";47,073;Données Consolidées
2022/05/12;"Consommation brute";46,455591666667;Données Consolidées
2022/05/13;"Consommation brute";41,577189583333;Données Consolidées
2022/05/14;"Consommation brute";39,01075;Données Consolidées
2022/05/15;"Consommation brute";45,03789375;Données Consolidées
2022/05/16;"Consommation brute";46,112716666667;Données Consolidées
2022/05/17;"Consommation brute";46,34106875;Données Consolidées
2022/05/18;"Consommation brute";40,691275;Données Consolidées
2022/05/19;"Consommation brute";45,644054166667;Données Consolidées
2022/05/20;"Consommation brute";41,07969375;Données Consolidées
2022/05/21;"Consommation brute";38,775775;Données Consolidées
2022/05/22;"Consommation brute";44,97626875;Données Consolidées
2022/05/23;"Consommation brute";45,42758125;Données Consolidées
2022/05/24;"Consommation brute";45,467295833333;Données Consolidées
2022/05/25;"Consommation brute";;Données Consolidées
2022/05/26;"Consommation brute";42,101077083333;Données Consolidées
2022/05/27;"Consommation brute";40,065016666667;Données Consolidées
2022/05/28;"Consommation brute";38,31634375;Données Consolidées
2022/05/29;"Consommation brute";39,775333333333;Données Consolidées
2022/05/30;"Consommation brute";45,975339583333;Données Consolidées
2022/05/31;"Consommation brute";46,32410625;Données Consolidées
2022/06/01;"Consommation brute";46,347085416667;Données Consolidées
2022/06/02;"Consommation brute";45,605760416667;Données Consolidées
2022/06/03;"Consommation brute";40,68434375;Données Consolidées
2022/06/04;"Consommation brute";37,86729375;Données Consolidées
2022/06/05;"Consommation brute";;Données Consolidées
2022/06/06;"Consommation brute";45,073239583333;Données Consolidées
2022/06/07;"Consommation brute";45,888797916667;Données Consolidées
2022/06/08;"Consommation brute";45,886777083333;Données Consolidées
2022/06/09;"Consommation brute";45,705754166667;Données Consolidées
2022/06/10;"Consommation brute";40,866954166667;Données Consolidées
2022/06/11;"Consommation brute";38,679160416667;Données Consolidées
2022/06/12;"Consommation brute";44,985504166667;Données Consolidées
2022/06/13;"Consommation brute";46,53675625;Données Consolidées
2022/06/14;"Consommation brute";46,929991666667;Données Consolidées
2022/06/15;"Consommation brute";46,898639583333;Données Consolidées
2022/06/16;"Consommation brute";46,518066666667;Données Consolidées
2022/06/17;"Consommation brute";41,532439583333;Données Consolidées
2022/06/18;"Consommation brute";38,7753125;Données Consolidées
2022/06/19;"Consommation brute";45,38976875;Données Consolidées
2022/06/20;"Consommation brute";46,626333333333;Données Consolidées
2022/06/21;"Consommation brute";46,690191666667;Données Consolidées
2022/06/22;"Consommation brute";46,514408333333;Données Consolidées
2022/06/23;"Consommation brute";45,470422916667;Données Consolidées
2022/06/24;"Consommation brute";40,83985;Données Consolidées
2022/06/25;"Consommation brute";39,324708333333;Données Consolidées
2022/06/26;"Consommation brute";45,28956875;Données Consolidées
2022/06/27;"Consommation brute";46,2071125;Données Consolidées
2022/06/28;"Consommation brute";46,53333125;Données Consolidées
2022/06/29;"Consommation brute";46,811983333333;Données Consolidées
2022/06/30;"Consommation brute";45,9159125;Données Consolidées
2022/07/01;"Consommation brute";41,548939583333;Données Consolidées
2022/07/02;"Consommation brute";38,383785416667;Données Consolidées
2022/07/03;"Consommation brute";45,709854166667;Données Consolidées
2022/07/04;"Consommation brute";47,005427083333;Données Consolidées
2022/07/05;"Consommation brute";46,847627083333;Données Consolidées
2022/07/06;"Consommation brute";47,418833333333;Données Consolidées
2022/07/07;"Consommation brute";47,218864583333;Données Consolidées
2022/07/08;"Consommation brute";42,23535625;Données Consolidées
2022/07/09;"Consommation brute";39,586895833333;Données Consolidées
2022/07/10;"Consommation brute";46,283597916667;Données Consolidées
2022/07/11;"Consommation brute";47,545254166667;Données Consolidées
2022/07/12;"Consommation brute";47,319870833333;Données Consolidées
2022/07/13;"Consommation brute";;Données Consolidées
2022/07/14;"Consommation brute";41,78883125;Données Consolidées
2022/07/15;"Consommation brute";41,545364583333;Données Consolidées
2022/07/16;"Consommation brute";39,687864583333;Données Consolidées
2022/07/17;"Consommation brute";46,47415;Données Consolidées
2022/07/18;"Consommation brute";47,239239583333;Données Consolidées
2022/07/19;"Consommation brute";47,24349375;Données Consolidées
2022/07/20;"Consommation brute";47,677902083333;Données Consolidées
2022/07/21;"Consommation brute";47,242866666667;Données Consolidées
2022/07/22;"Consommation brute";42,198939583333;Données Consolidées
2022/07/23;"Consommation brute";40,015689583333;Données Consolidées
2022/07/24;"Consommation brute";45,28759375;Données Consolidées
2022/07/25;"Consommation brute";46,1038375;Données Consolidées
2022/07/26;"Consommation brute";46,154072916667;Données Consolidées
2022/07/27;"Consommation brute";46,15286875;Données Consolidées
2022/07/28;"Consommation brute";44,82820625;Données Consolidées
2022/07/29;"Consommation brute";40,379602083333;Données Consolidées
2022/07/30;"Consommation brute";38,317352083333;Données Consolidées
2022/07/31;"Consommation brute";43,035245833333;Données Consolidées
2022/08/01;"Consommation brute";44,044639583333;Données Consolidées
2022/08/02;"Consommation brute";44,231216666667;Données Consolidées
2022/08/03;"Consommation brute";43,792152083333;Données Consolidées
2022/08/04;"Consommation brute";42,993133333333;Données Consolidées
2022/08/05;"Consommation brute";39,646552083333;Données Consolidées
2022/08/06;"Consommation brute";37,612991666667;Données Consolidées
2022/08/07;"Consommation brute";41,503735416667;Données Consolidées
2022/08/08;"Consommation brute";42,1026625;Données Consolidées
2022/08/09;"Consommation brute";41,998720833333;Données Consolidées
2022/08/10;"Consommation brute";42,038445833333;Données Consolidées
2022/08/11;"Consommation brute";41,909254166667;Données Consolidées
2022/08/12;"Consommation brute";38,430839583333;Données Consolidées
2022/08/13;"Consommation brute";36,002527083333;Données Consolidées
2022/08/14;"Consommation brute";;Données Consolidées
2022/08/15;"Consommation brute";37,347154166667;Données Consolidées
2022/08/16;"Consommation brute";41,614966666667;Données Consolidées
2022/08/17;"Consommation brute";41,797247916667;Données Consolidées
2022/08/18;"Consommation brute";41,694564583333;Données Consolidées
2022/08/19;"Consommation brute";38,979741666667;Données Consolidées
2022/08/20;"Consommation brute";37,2666375;Données Consolidées
2022/08/21;"Consommation brute";42,63148125;Données Consolidées
2022/08/22;"Consommation brute";44,107697916667;Données Consolidées
2022/08/23;"Consommation brute";44,371291666667;Données Consolidées
2022/08/24;"Consommation brute";44,223647916667;Données Consolidées
2022/08/25;"Consommation brute";43,984527083333;Données Consolidées
2022/08/26;"Consommation brute";39,742385416667;Données Consolidées
2022/08/27;"Consommation brute";37,666516666667;Données Consolidées
2022/08/28;"Consommation brute";43,758620833333;Données Consolidées
2022/08/29;"Consommation brute";45,090504166667;Données Consolidées
2022/08/30;"Consommation brute";45,114691666667;Données Consolidées
2022/08/31;"Consommation brute";45,143970833333;Données Consolidées
2022/09/01;"Consommation brute";44,412229166667;Données Consolidées
2022/09/02;"Consommation brute";39,88621875;Données Consolidées
2022/09/03;"Consommation brute";38,22798125;Données Consolidées
2022/09/04;"Consommation brute";44,052927083333;Données Consolidées
2022/09/05;"Consommation brute";44,74678125;Données Consolidées
2022/09/06;"Consommation brute";44,841925;Données Consolidées
2022/09/07;"Consommation brute";44,720041666667;Données Consolidées
2022/09/08;"Consommation brute";44,50229375;Données Consolidées
2022/09/09;"Consommation brute";40,051883333333;Données Consolidées
2022/09/10;"Consommation brute";38,123147916667;Données Consolidées
2022/09/11;"Consommation brute";43,994435416667;Données Consolidées
2022/09/12;"Consommation brute";44,731845833333;Données Consolidées
2022/09/13;"Consommation brute";44,62194375;Données Consolidées
2022/09/14;"Consommation brute";44,683447916667;Données Consolidées
2022/09/15;"Consommation brute";44,457797916667;Données Consolidées
2022/09/16;"Consommation brute";39,760554166667;Données Consolidées
2022/09/17;"Consommation brute";37,680004166667;Données Consolidées
2022/09/18;"Consommation brute";43,693710416667;Données Consolidées
2022/09/19;"Consommation brute";44,8582875;Données Consolidées
2022/09/20;"Consommation brute";44,853647916667;Données Consolidées
2022/09/21;"Consommation brute";44,997960416667;Données Consolidées
2022/09/22;"Consommation brute";44,654777083333;Données Consolidées
2022/09/23;"Consommation brute";40,018720833333;Données Consolidées
2022/09/24;"Consommation brute";37,9855625;Données Consolidées
2022/09/25;"Consommation brute";44,268477083333;Données Consolidées
2022/09/26;"Consommation brute";45,46745625;Données Consolidées
2022/09/27;"Consommation brute";45,617666666667;Données Consolidées
2022/09/28;"Consommation brute";44,602154166667;Données Consolidées
2022/09/29;"Consommation brute";44,01130625;Données Consolidées
2022/09/30;"Consommation brute";41,262195833333;Données Consolidées
2022/10/01;"Consommation brute";39,62061875;Données Consolidées
2022/10/02;"Consommation brute";45,230104166667;Données Consolidées
2022/10/03;"Consommation brute";45,9298125;Données Consolidées
2022/10/04;"Consommation brute";46,356077083333;Données Consolidées
2022/10/05;"Consommation brute";46,27589375;Données Consolidées
2022/10/06;"Consommation brute";45,600260416667;Données Consolidées
2022/10/07;"Consommation brute";41,292429166667;Données Consolidées
2022/10/08;"Consommation brute";39,244533333333;Données Consolidées
2022/10/09;"Consommation brute";45,640097916667;Données Consolidées
2022/10/10;"Consommation brute";46,799795833333;Données Consolidées
2022/10/11;"Consommation brute";46,99949375;Données Consolidées
2022/10/12;"Consommation brute";47,275739583333;Données Consolidées
2022/10/13;"Consommation brute";47,466029166667;Données Consolidées
2022/10/14;"Consommation brute";42,999147916667;Données Consolidées
2022/10/15;"Consommation brute";41,459047916667;Données Consolidées
2022/10/16;"Consommation brute";46,93493125;Données Consolidées
2022/10/17;"Consommation brute";47,708020833333;Données Consolidées
2022/10/18;"Consommation brute";48,110358333333;Données Consolidées
2022/10/19;"Consommation brute";48,368877083333;Données Consolidées
2022/10/20;"Consommation brute";48,214458333333;Données Consolidées
2022/10/21;"Consommation brute";44,081522916667;Données Consolidées
2022/10/22;"Consommation brute";42,4262;Données Consolidées
2022/10/23;"Consommation brute";48,72536875;Données Consolidées
2022/10/24;"Consommation brute";49,728472916667;Données Consolidées
2022/10/25;"Consommation brute";49,904720833333;Données Consolidées
2022/10/26;"Consommation brute";49,973202083333;Données Consolidées
2022/10/27;"Consommation brute";49,665035416667;Données Consolidées
2022/10/28;"Consommation brute";45,266483333333;Données Consolidées
2022/10/29;"Consommation brute";43,834597;Données Consolidées
2022/10/30;"Consommation brute";47,51145;Données Consolidées
2022/10/31;"Consommation brute";;Données Consolidées
2022/11/01;"Consommation brute";46,409042708333;Données Consolidées
2022/11/02;"Consommation brute";52,658227083333;Données Consolidées
2022/11/03;"Consommation brute";52,467466666667;Données Consolidées
2022/11/04;"Consommation brute";47,820635416667;Données Consolidées
2022/11/05;"Consommation brute";46,872647916667;Données Consolidées
2022/11/06;"Consommation brute";54,069370833333;Données Consolidées
2022/11/07;"Consommation brute";55,874275;Données Consolidées
2022/11/08;"Consommation brute";56,519958333333;Données Consolidées
2022/11/09;"Consommation brute";55,568022916667;Données Consolidées
2022/11/10;"Consommation brute";;Données Consolidées
2022/11/11;"Consommation brute";50,361783333333;Données Consolidées
2022/11/12;"Consommation brute";49,4264625;Données Consolidées
2022/11/13;"Consommation brute";55,728420833333;Données Consolidées
2022/11/14;"Consommation brute";57,55145625;Données Consolidées
2022/11/15;"Consommation brute";58,594633333333;Données Consolidées
2022/11/16;"Consommation brute";59,137522916667;Données Consolidées
2022/11/17;"Consommation brute";58,513733333333;Données Consolidées
2022/11/18;"Consommation brute";52,684125;Données Consolidées
2022/11/19;"Consommation brute";51,14481875;Données Consolidées
2022/11/20;"Consommation brute";58,23438125;Données Consolidées
2022/11/21;"Consommation brute";60,294341666667;Données Consolidées
2022/11/22;"Consommation brute";61,194720833333;Données Consolidées
2022/11/23;"Consommation brute";61,424077083333;Données Consolidées
2022/11/24;"Consommation brute";61,00135625;Données Consolidées
2022/11/25;"Consommation brute";55,688329166667;Données Consolidées
2022/11/26;"Consommation brute";53,8761;Données Consolidées
2022/11/27;"Consommation brute";60,46460625;Données Consolidées
2022/11/28;"Consommation brute";62,15535;Données Consolidées
2022/11/29;"Consommation brute";62,385095833333;Données Consolidées
2022/11/30;"Consommation brute";62,674060416667;Données Consolidées
2022/12/01;"Consommation brute";62,103735416667;Données Consolidées
2022/12/02;"Consommation brute";57,3247375;Données Consolidées
2022/12/03;"Consommation brute";55,79800625;Données Consolidées
2022/12/04;"Consommation brute";62,8660125;Données Consolidées
2022/12/05;"Consommation brute";63,966975;Données Consolidées
2022/12/06;"Consommation brute";64,163777083333;Données Consolidées
2022/12/07;"Consommation brute";64,050522916667;Données Consolidées
2022/12/08;"Consommation brute";63,6578375;Données Consolidées
2022/12/09;"Consommation brute";59,454472916667;Données Consolidées
2022/12/10;"Consommation brute";57,98811875;Données Consolidées
2022/12/11;"Consommation brute";64,7882875;Données Consolidées
2022/12/12;"Consommation brute";65,781591666667;Données Consolidées
2022/12/13;"Consommation brute";65,170997916667;Données Consolidées
2022/12/14;"Consommation brute";66,2809125;Données Consolidées
2022/12/15;"Consommation brute";66,232114583333;Données Consolidées
2022/12/16;"Consommation brute";61,773529166667;Données Consolidées
2022/12/17;"Consommation brute";59,174960416667;Données Consolidées
2022/12/18;"Consommation brute";66,083685416667;Données Consolidées
2022/12/19;"Consommation brute";67,036410416667;Données Consolidées
2022/12/20;"Consommation brute";66,37203125;Données Consolidées
2022/12/21;"Consommation brute";67,439704166667;Données Consolidées
2022/12/22;"Consommation brute";67,295247916667;Données Consolidées
2022/12/23;"Consommation brute";62,761677083333;Données Consolidées
2022/12/24;"Consommation brute";60,124439583333;Données Consolidées
2022/12/25;"Consommation brute";56,845160416667;Données Consolidées
2022/12/26;"Consommation brute";66,5178625;Données Consolidées
2022/12/27;"Consommation brute";66,000575;Données Consolidées
2022/12/28;"Consommation brute";66,32624375;Données Consolidées
2022/12/29;"Consommation brute";64,655;Données Consolidées
2022/12/30;"Consommation brute";60,101652083333;Données Consolidées
2022/12/31;"Consommation brute";;Données Consolidées
2022/01/01;"Consommation brute";43,489475;Données Consolidées
2022/01/02;"Consommation brute";59,873672916667;Données Consolidées
2022/01/03;"Consommation brute";62,529439583333;Données Consolidées
2022/01/04;"Consommation brute";68,668822916667;Données Consolidées
2022/01/05;"Consommation brute";72,894377083333;Données Consolidées
2022/01/06;"Consommation brute";72,768197916667;Données Consolidées
2022/01/07;"Consommation brute";65,48645625;Données Consolidées
2022/01/08;"Consommation brute";62,8075;Données Consolidées
2022/01/09;"Consommation brute";69,937245833333;Données Consolidées
2022/01/10;"Consommation brute";72,953691666667;Données Consolidées
2022/01/11;"Consommation brute";75,776727083333;Données Consolidées
2022/01/12;"Consommation brute";77,087747916667;Données Consolidées
2022/01/13;"Consommation brute";77,96538125;Données Consolidées
2022/01/14;"Consommation brute";73,249302083333;Données Consolidées
2022/01/15;"Consommation brute";71,0655875;Données Consolidées
2022/01/16;"Consommation brute";75,326154166667;Données Consolidées
2022/01/17;"Consommation brute";75,776747916667;Données Consolidées
2022/01/18;"Consommation brute";75,65160625;Données Consolidées
2022/01/19;"Consommation brute";74,156391666667;Données Consolidées
2022/01/20;"Consommation brute";75,5752875;Données Consolidées
2022/01/21;"Consommation brute";70,75909375;Données Consolidées
2022/01/22;"Consommation brute";67,7903875;Données Consolidées
2022/01/23;"Consommation brute";75,1459;Données Consolidées
2022/01/24;"Consommation brute";78,417720833333;Données Consolidées
2022/01/25;"Consommation brute";79,056139583333;Données Consolidées
2022/01/26;"Consommation brute";78,187929166667;Données Consolidées
2022/01/27;"Consommation brute";74,71840625;Données Consolidées
2022/01/28;"Consommation brute";67,503275;Données Consolidées
2022/01/29;"Consommation brute";62,4754625;Données Consolidées
2022/01/30;"Consommation brute";70,298779166667;Données Consolidées
2022/01/31;"Consommation brute";72,20833125;Données Consolidées
2022/02/01;"Consommation brute";67,631385416667;Données Consolidées
2022/02/02;"Consommation brute";67,926029166667;Données Consolidées
2022/02/03;"Consommation brute";66,832925;Données Consolidées
2022/02/04;"Consommation brute";62,431139583333;Données Consolidées
2022/02/05;"Consommation brute";61,89788125;Données Consolidées
2022/02/06;"Consommation brute";65,174170833333;Données Consolidées
2022/02/07;"Consommation brute";66,858447916667;Données Consolidées
2022/02/08;"Consommation brute";66,509516666667;Données Consolidées
2022/02/09;"Consommation brute";66,152827083333;Données Consolidées
2022/02/10;"Consommation brute";66,98954375;Données Consolidées
2022/02/11;"Consommation brute";64,714647916667;Données Consolidées
2022/02/12;"Consommation brute";61,163366666667;Données Consolidées
2022/02/13;"Consommation brute";64,918864583333;Données Consolidées
2022/02/14;"Consommation brute";67,307604166667;Données Consolidées
2022/02/15;"Consommation brute";65,57994375;Données Consolidées
2022/02/16;"Consommation brute";61,22241875;Données Consolidées
2022/02/17;"Consommation brute";60,378808333333;Données Consolidées
2022/02/18;"Consommation brute";58,8249875;Données Consolidées
2022/02/19;"Consommation brute";56,58298125;Données Consolidées
2022/02/20;"Consommation brute";63,749229166667;Données Consolidées
2022/02/21;"Consommation brute";64,146875;Données Consolidées
2022/02/22;"Consommation brute";62,559783333333;Données Consolidées
2022/02/23;"Consommation brute";63,520391666667;Données Consolidées
2022/02/24;"Consommation brute";64,9976;Données Consolidées
2022/02/25;"Consommation brute";61,068314583333;Données Consolidées
2022/02/26;"Consommation brute";59,586170833333;Données Consolidées
2022/02/27;"Consommation brute";64,69830625;Données Consolidées
2022/02/28;"Consommation brute";64,609483333333;Données Consolidées
2022/03/01;"Consommation brute";63,786427083333;Données Consolidées
2022/03/02;"Consommation brute";62,358695833333;Données Consolidées
2022/03/03;"Consommation brute";61,872683333333;Données Consolidées
2022/03/04;"Consommation brute";58,693927083333;Données Consolidées
2022/03/05;"Consommation brute";58,68656875;Données Consolidées
2022/03/06;"Consommation brute";67,872077083333;Données Consolidées
2022/03/07;"Consommation brute";67,832910416667;Données Consolidées
2022/03/08;"Consommation brute";63,8962625;Données Consolidées
2022/03/09;"Consommation brute";61,34366875;Données Consolidées
2022/03/10;"Consommation brute";60,90836875;Données Consolidées
2022/03/11;"Consommation brute";56,148060416667;Données Consolidées
2022/03/12;"Consommation brute";55,039189583333;Données Consolidées
2022/03/13;"Consommation brute";60,548452083333;Données Consolidées
2022/03/14;"Consommation brute";59,573008333333;Données Consolidées
2022/03/15;"Consommation brute";58,51878125;Données Consolidées
2022/03/16;"Consommation brute";59,584354166667;Données Consolidées
2022/03/17;"Consommation brute";60,179125;Données Consolidées
2022/03/18;"Consommation brute";53,967741666667;Données Consolidées
2022/03/19;"Consommation brute";51,59435625;Données Consolidées
2022/03/20;"Consommation brute";55,717972916667;Données Consolidées
2022/03/21;"Consommation brute";56,078422916667;Données Consolidées
2022/03/22;"Consommation brute";56,296802083333;Données Consolidées
2022/03/23;"Consommation brute";55,430372916667;Données Consolidées
2022/03/24;"Consommation brute";53,490464583333;Données Consolidées
2022/03/25;"Consommation brute";47,899220833333;Données Consolidées
2022/03/26;"Consommation brute";45,309866666667;Données Consolidées
2022/03/27;"Consommation brute";50,71734893617;Données Consolidées
2022/03/28;"Consommation brute";51,9630375;Données Consolidées
2022/03/29;"Consommation brute";54,083891666667;Données Consolidées
2022/03/30;"Consommation brute";58,043558333333;Données Consolidées
2022/03/31;"Consommation brute";65,285964583333;Données Consolidées
2022/04/01;"Consommation brute";62,980383333333;Données Consolidées
2022/04/02;"Consommation brute";60,6646375;Données Consolidées
2022/04/03;"Consommation brute";65,131222916667;Données Consolidées
2022/04/04;"Consommation brute";62,261110416667;Données Consolidées
2022/04/05;"Consommation brute";59,908166666667;Données Consolidées
2022/04/06;"Consommation brute";58,721827083333;Données Consolidées
2022/04/07;"Consommation brute";58,446447916667;Données Consolidées
2022/04/08;"Consommation brute";54,424885416667;Données Consolidées
2022/04/09;"Consommation brute";51,812722916667;Données Consolidées
2022/04/10;"Consommation brute";41,206204166667;Données Consolidées
2022/04/11;"Consommation brute";52,331689583333;Données Consolidées
2022/04/12;"Consommation brute";51,610060416667;Données Consolidées
2022/04/13;"Consommation brute";49,843616666667;Données Consolidées
2022/04/14;"Consommation brute";47,307891666667;Données Consolidées
2022/04/15;"Consommation brute";42,318075;Données Consolidées
2022/04/16;"Consommation brute";40,142879166667;Données Consolidées
2022/04/17;"Consommation brute";;Données Consolidées
2022/04/18;"Consommation brute";47,7686125;Données Consolidées
2022/04/19;"Consommation brute";49,431495833333;Données Consolidées
2022/04/20;"Consommation brute";49,167289583333;Données Consolidées
2022/04/21;"Consommation brute";47,87155;Données Consolidées
2022/04/22;"Consommation brute";44,021422916667;Données Consolidées
2022/04/23;"Consommation brute";42,803641666667;Données Consolidées
2022/04/24;"Consommation brute";48,66223125;Données Consolidées
2022/04/25;"Consommation brute";49,258427083333;Données Consolidées
2022/04/26;"Consommation brute";48,685195833333;Données Consolidées
2022/04/27;"Consommation brute";48,038310416667;Données Consolidées
2022/04/28;"Consommation brute";47,055595833333;Données Consolidées
2022/04/29;"Consommation brute";42,498454166667;Données Consolidées
2022/04/30;"Consommation brute";;Données Consolidées
2022/05/01;"Consommation brute";39,910789583333;Données Consolidées
2022/05/02;"Consommation brute";47,428435416667;Données Consolidées
2022/05/03;"Consommation brute";47,869397916667;Données Consolidées
2022/05/04;"Consommation brute";48,08158125;Données Consolidées
2022/05/05;"Consommation brute";47,4408125;Données Consolidées
2022/05/06;"Consommation brute";41,956310416667;Données Consolidées
2022/05/07;"Consommation brute";;Données Consolidées
2022/05/08;"Consommation brute";39,51958125;Données Consolidées
2022/05/09;"Consommation brute";46,109627083333;Données Consolidées
2022/05/10;"Consommation brute";46,129020833333;Données Consolidées
2022/05/11;"Consommation brute";46,16054375;Données Consolidées
2022/05/12;"Consommation brute";45,627927083333;Données Consolidées
2022/05/13;"Consommation brute";40,892495833333;Données Consolidées
2022/05/14;"Consommation brute";38,63565;Données Consolidées
2022/05/15;"Consommation brute";44,862529166667;Données Consolidées
2022/05/16;"Consommation brute";46,252972916667;Données Consolidées
2022/05/17;"Consommation brute";46,875772916667;Données Consolidées
2022/05/18;"Consommation brute";40,517258333333;Données Consolidées
2022/05/19;"Consommation brute";46,0745875;Données Consolidées
2022/05/20;"Consommation brute";41,142266666667;Données Consolidées
2022/05/21;"Consommation brute";39,039522916667;Données Consolidées
2022/05/22;"Consommation brute";45,04053125;Données Consolidées
2022/05/23;"Consommation brute";45,1761375;Données Consolidées
2022/05/24;"Consommation brute";45,3985;Données Consolidées
2022/05/25;"Consommation brute";;Données Consolidées
2022/05/26;"Consommation brute";41,936535416667;Données Consolidées
2022/05/27;"Consommation brute";39,922195833333;Données Consolidées
2022/05/28;"Consommation brute";38,256864583333;Données Consolidées
2022/05/29;"Consommation brute";39,945522916667;Données Consolidées
2022/05/30;"Consommation brute";46,015110416667;Données Consolidées
2022/05/31;"Consommation brute";46,312054166667;Données Consolidées
2022/06/01;"Consommation brute";46,428191666667;Données Consolidées
2022/06/02;"Consommation brute";45,961672916667;Données Consolidées
2022/06/03;"Consommation brute";41,302325;Données Consolidées
2022/06/04;"Consommation brute";38,354766666667;Données Consolidées
2022/06/05;"Consommation brute";;Données Consolidées
2022/06/06;"Consommation brute";45,1734625;Données Consolidées
2022/06/07;"Consommation brute";45,8730375;Données Consolidées
2022/06/08;"Consommation brute";45,778760416667;Données Consolidées
2022/06/09;"Consommation brute";45,716322916667;Données Consolidées
2022/06/10;"Consommation brute";41,250425;Données Consolidées
2022/06/11;"Consommation brute";39,28774375;Données Consolidées
2022/06/12;"Consommation brute";45,463989583333;Données Consolidées
2022/06/13;"Consommation brute";47,143472916667;Données Consolidées
2022/06/14;"Consommation brute";48,2381;Données Consolidées
2022/06/15;"Consommation brute";48,66308125;Données Consolidées
2022/06/16;"Consommation brute";48,824885416667;Données Consolidées
2022/06/17;"Consommation brute";44,392079166667;Données Consolidées
2022/06/18;"Consommation brute";41,038227083333;Données Consolidées
2022/06/19;"Consommation brute";46,668554166667;Données Consolidées
2022/06/20;"Consommation brute";47,4975125;Données Consolidées
2022/06/21;"Consommation brute";47,458045833333;Données Consolidées
2022/06/22;"Consommation brute";47,166970833333;Données Consolidées
2022/06/23;"Consommation brute";45,779495833333;Données Consolidées
2022/06/24;"Consommation brute";40,711204166667;Données Consolidées
2022/06/25;"Consommation brute";38,935252083333;Données Consolidées
2022/06/26;"Consommation brute";44,91291875;Données Consolidées
2022/06/27;"Consommation brute";45,9148125;Données Consolidées
2022/06/28;"Consommation brute";46,465725;Données Consolidées
2022/06/29;"Consommation brute";46,41876875;Données Consolidées
2022/06/30;"Consommation brute";45,287133333333;Données Consolidées
2022/07/01;"Consommation brute";41,143204166667;Données Consolidées
2022/07/02;"Consommation brute";38,348127083333;Données Consolidées
2022/07/03;"Consommation brute";45,773758333333;Données Consolidées
2022/07/04;"Consommation brute";47,137116666667;Données Consolidées
2022/07/05;"Consommation brute";47,027020833333;Données Consolidées
2022/07/06;"Consommation brute";47,505995833333;Données Consolidées
2022/07/07;"Consommation brute";47,222364583333;Données Consolidées
2022/07/08;"Consommation brute";42,691204166667;Données Consolidées
2022/07/09;"Consommation brute";40,2323375;Données Consolidées
2022/07/10;"Consommation brute";47,161735416667;Données Consolidées
2022/07/11;"Consommation brute";48,937420833333;Données Consolidées
2022/07/12;"Consommation brute";49,136420833333;Données Consolidées
2022/07/13;"Consommation brute";;Données Consolidées
2022/07/14;"Consommation brute";43,6514875;Données Consolidées
2022/07/15;"Consommation brute";42,660670833333;Données Consolidées
2022/07/16;"Consommation brute";41,077472916667;Données Consolidées
2022/07/17;"Consommation brute";48,680185416667;Données Consolidées
2022/07/18;"Consommation brute";49,997779166667;Données Consolidées
2022/07/19;"Consommation brute";48,98599375;Données Consolidées
2022/07/20;"Consommation brute";48,550225;Données Consolidées
2022/07/21;"Consommation brute";47,952589583333;Données Consolidées
2022/07/22;"Consommation brute";42,692541666667;Données Consolidées
2022/07/23;"Consommation brute";40,943864583333;Données Consolidées
2022/07/24;"Consommation brute";46,487966666667;Données Consolidées
2022/07/25;"Consommation brute";46,573570833333;Données Consolidées
2022/07/26;"Consommation brute";46,181166666667;Données Consolidées
2022/07/27;"Consommation brute";46,264566666667;Données Consolidées
2022/07/28;"Consommation brute";45,164835416667;Données Consolidées
2022/07/29;"Consommation brute";40,968452083333;Données Consolidées
2022/07/30;"Consommation brute";39,138960416667;Données Consolidées
2022/07/31;"Consommation brute";43,999420833333;Données Consolidées
2022/08/01;"Consommation brute";45,173729166667;Données Consolidées
2022/08/02;"Consommation brute";45,939127083333;Données Consolidées
2022/08/03;"Consommation brute";45,63500625;Données Consolidées
2022/08/04;"Consommation brute";44,14656875;Données Consolidées
2022/08/05;"Consommation brute";40,228885416667;Données Consolidées
2022/08/06;"Consommation brute";38,152939583333;Données Consolidées
2022/08/07;"Consommation brute";42,294672916667;Données Consolidées
2022/08/08;"Consommation brute";43,276089583333;Données Consolidées
2022/08/09;"Consommation brute";43,65130625;Données Consolidées
2022/08/10;"Consommation brute";44,042754166667;Données Consolidées
2022/08/11;"Consommation brute";44,130447916667;Données Consolidées
2022/08/12;"Consommation brute";40,617316666667;Données Consolidées
2022/08/13;"Consommation brute";37,5119125;Données Consolidées
2022/08/14;"Consommation brute";;Données Consolidées
2022/08/15;"Consommation brute";37,935033333333;Données Consolidées
2022/08/16;"Consommation brute";41,849808333333;Données Consolidées
2022/08/17;"Consommation brute";41,785133333333;Données Consolidées
2022/08/18;"Consommation brute";41,800864583333;Données Consolidées
2022/08/19;"Consommation brute";39,106533333333;Données Consolidées
2022/08/20;"Consommation brute";37,431745833333;Données Consolidées
2022/08/21;"Consommation brute";43,031197916667;Données Consolidées
2022/08/22;"Consommation brute";44,89441875;Données Consolidées
2022/08/23;"Consommation brute";45,690510416667;Données Consolidées
2022/08/24;"Consommation brute";45,837277083333;Données Consolidées
2022/08/25;"Consommation brute";45,11808125;Données Consolidées
2022/08/26;"Consommation brute";40,496141666667;Données Consolidées
2022/08/27;"Consommation brute";38,443314583333;Données Consolidées
2022/08/28;"Consommation brute";44,888522916667;Données Consolidées
2022/08/29;"Consommation brute";46,301489583333;Données Consolidées
2022/08/30;"Consommation brute";46,149995833333;Données Consolidées
2022/08/31;"Consommation brute";46,227847916667;Données Consolidées
2022/09/01;"Consommation brute";45,247633333333;Données Consolidées
2022/09/02;"Consommation brute";40,401689583333;Données Consolidées
2022/09/03;"Consommation brute";38,914608333333;Données Consolidées
2022/09/04;"Consommation brute";45,335004166667;Données Consolidées
2022/09/05;"Consommation brute";46,001275;Données Consolidées
2022/09/06;"Consommation brute";45,653939583333;Données Consolidées
2022/09/07;"Consommation brute";45,022197916667;Données Consolidées
2022/09/08;"Consommation brute";44,621364583333;Données Consolidées
2022/09/09;"Consommation brute";40,032497916667;Données Consolidées
2022/09/10;"Consommation brute";38,20908125;Données Consolidées
2022/09/11;"Consommation brute";44,58783125;Données Consolidées
2022/09/12;"Consommation brute";46,10789375;Données Consolidées
2022/09/13;"Consommation brute";45,92638125;Données Consolidées
2022/09/14;"Consommation brute";45,407845833333;Données Consolidées
2022/09/15;"Consommation brute";44,564054166667;Données Consolidées
2022/09/16;"Consommation brute";39,723229166667;Données Consolidées
2022/09/17;"Consommation brute";38,036614583333;Données Consolidées
2022/09/18;"Consommation brute";43,977514583333;Données Consolidées
2022/09/19;"Consommation brute";45,266472916667;Données Consolidées
2022/09/20;"Consommation brute";45,250670833333;Données Consolidées
2022/09/21;"Consommation brute";45,443752083333;Données Consolidées
2022/09/22;"Consommation brute";45,065502083333;Données Consolidées
2022/09/23;"Consommation brute";40,40053125;Données Consolidées
2022/09/24;"Consommation brute";38,60068125;Données Consolidées
2022/09/25;"Consommation brute";45,510847916667;Données Consolidées
2022/09/26;"Consommation brute";47,122004166667;Données Consolidées
2022/09/27;"Consommation brute";47,13213125;Données Consolidées
2022/09/28;"Consommation brute";46,8495875;Données Consolidées
2022/09/29;"Consommation brute";47,00748125;Données Consolidées
2022/09/30;"Consommation brute";42,539333333333;Données Consolidées
2022/10/01;"Consommation brute";39,498141666667;Données Consolidées
2022/10/02;"Consommation brute";45,293295833333;Données Consolidées
2022/10/03;"Consommation brute";46,355808333333;Données Consolidées
2022/10/04;"Consommation brute";46,05653125;Données Consolidées
2022/10/05;"Consommation brute";45,72686875;Données Consolidées
2022/10/06;"Consommation brute";45,49479375;Données Consolidées
2022/10/07;"Consommation brute";40,925091666667;Données Consolidées
2022/10/08;"Consommation brute";39,516810416667;Données Consolidées
2022/10/09;"Consommation brute";45,065564583333;Données Consolidées
2022/10/10;"Consommation brute";45,961110416667;Données Consolidées
2022/10/11;"Consommation brute";46,4964375;Données Consolidées
2022/10/12;"Consommation brute";46,650777083333;Données Consolidées
2022/10/13;"Consommation brute";45,9753375;Données Consolidées
2022/10/14;"Consommation brute";40,917164583333;Données Consolidées
2022/10/15;"Consommation brute";38,970102083333;Données Consolidées
2022/10/16;"Consommation brute";44,150625;Données Consolidées
2022/10/17;"Consommation brute";44,668772916667;Données Consolidées
2022/10/18;"Consommation brute";44,840689583333;Données Consolidées
2022/10/19;"Consommation brute";44,842916666667;Données Consolidées
2022/10/20;"Consommation brute";44,4400375;Données Consolidées
2022/10/21;"Consommation brute";40,036779166667;Données Consolidées
2022/10/22;"Consommation brute";38,10404375;Données Consolidées
2022/10/23;"Consommation brute";44,11881875;Données Consolidées
2022/10/24;"Consommation brute";44,941420833333;Données Consolidées
2022/10/25;"Consommation brute";44,717947916667;Données Consolidées
2022/10/26;"Consommation brute";44,522504166667;Données Consolidées
2022/10/27;"Consommation brute";43,986677083333;Données Consolidées
2022/10/28;"Consommation brute";39,263058333333;Données Consolidées
2022/10/29;"Consommation brute";37,42027;Données Consolidées
2022/10/30;"Consommation brute";40,953821875;Données Consolidées
2022/10/31;"Consommation brute";;Données Consolidées
2022/11/01;"Consommation brute";39,683995833333;Données Consolidées
2022/11/02;"Consommation brute";47,562166666667;Données Consolidées
2022/11/03;"Consommation brute";48,839272916667;Données Consolidées
2022/11/04;"Consommation brute";46,019579166667;Données Consolidées
2022/11/05;"Consommation brute";44,924395833333;Données Consolidées
2022/11/06;"Consommation brute";49,55086875;Données Consolidées
2022/11/07;"Consommation brute";50,140329166667;Données Consolidées
2022/11/08;"Consommation brute";50,038929166667;Données Consolidées
2022/11/09;"Consommation brute";50,741677083333;Données Consolidées
2022/11/10;"Consommation brute";;Données Consolidées
2022/11/11;"Consommation brute";45,81703125;Données Consolidées
2022/11/12;"Consommation brute";44,192660416667;Données Consolidées
2022/11/13;"Consommation brute";51,289420833333;Données Consolidées
2022/11/14;"Consommation brute";52,178985416667;Données Consolidées
2022/11/15;"Consommation brute";52,398216666667;Données Consolidées
2022/11/16;"Consommation brute";52,1678875;Données Consolidées
2022/11/17;"Consommation brute";53,081833333333;Données Consolidées
2022/11/18;"Consommation brute";50,441783333333;Données Consolidées
2022/11/19;"Consommation brute";49,667527083333;Données Consolidées
2022/11/20;"Consommation brute";57,36724375;Données Consolidées
2022/11/21;"Consommation brute";58,859691666667;Données Consolidées
2022/11/22;"Consommation brute";58,4231;Données Consolidées
2022/11/23;"Consommation brute";57,563564583333;Données Consolidées
2022/11/24;"Consommation brute";56,37285625;Données Consolidées
2022/11/25;"Consommation brute";53,453870833333;Données Consolidées
2022/11/26;"Consommation brute";52,018835416667;Données Consolidées
2022/11/27;"Consommation brute";57,239010416667;Données Consolidées
2022/11/28;"Consommation brute";60,311575;Données Consolidées
2022/11/29;"Consommation brute";61,721397916667;Données Consolidées
2022/11/30;"Consommation brute";63,5209375;Données Consolidées
2022/12/01;"Consommation brute";64,65808125;Données Consolidées
2022/12/02;"Consommation brute";60,818302083333;Données Consolidées
2022/12/03;"Consommation brute";59,517991666667;Données Consolidées
2022/12/04;"Consommation brute";66,612785416667;Données Consolidées
2022/12/05;"Consommation brute";67,852925;Données Consolidées
2022/12/06;"Consommation brute";67,993402083333;Données Consolidées
2022/12/07;"Consommation brute";69,470958333333;Données Consolidées
2022/12/08;"Consommation brute";69,034516666667;Données Consolidées
2022/12/09;"Consommation brute";66,100654166667;Données Consolidées
2022/12/10;"Consommation brute";67,728252083333;Données Consolidées
2022/12/11;"Consommation brute";76,080945833333;Données Consolidées
2022/12/12;"Consommation brute";76,007466666667;Données Consolidées
2022/12/13;"Consommation brute";71,838320833333;Données Consolidées
2022/12/14;"Consommation brute";71,647347916667;Données Consolidées
2022/12/15;"Consommation brute";71,74876875;Données Consolidées
2022/12/16;"Consommation brute";70,6805;Données Consolidées
2022/12/17;"Consommation brute";68,121704166667;Données Consolidées
2022/12/18;"Consommation brute";76,080945833333;Données Consolidées
2022/12/19;"Consommation brute";76,007466666667;Données Consolidées
2022/12/20;"Consommation brute";71,838320833333;Données Consolidées
2022/12/21;"Consommation brute";71,647347916667;Données Consolidées
2022/12/22;"Consommation brute";71,74876875;Données Consolidées
2022/12/23;"Consommation brute";70,6805;Données Consolidées
2022/12/24;"Consommation brute";68,121704166667;Données Consolidées
2022/12/25;"Consommation brute";44,607685416667;Données Consolidées
2022/12/26;"Consommation brute";59,758316666667;Données Consolidées
2022/12/27;"Consommation brute";57,198366666667;Données Consolidées
2022/12/28;"Consommation brute";55,5830625;Données Consolidées
2022/12/29;"Consommation brute";51,5218;Données Consolidées
2022/12/30;"Consommation brute";47,13823125;Données Consolidées
2022/12/31;"Consommation brute";;Données Consolidées
2023/01/01;"Consommation brute";;Données Consolidées
2023/01/02;"Consommation brute";65,1884375;Données Consolidées
2023/01/03;"Consommation brute";67,913875;Données Consolidées
2023/01/04;"Consommation brute";68,9515;Données Consolidées
2023/01/05;"Consommation brute";69,5985625;Données Consolidées
2023/01/06;"Consommation brute";68,593604166667;Données Consolidées
2023/01/07;"Consommation brute";63,29425;Données Consolidées
2023/01/08;"Consommation brute";61,391041666667;Données Consolidées
2023/01/09;"Consommation brute";68,771958333333;Données Consolidées
2023/01/10;"Consommation brute";69,850395833333;Données Consolidées
2023/01/11;"Consommation brute";69,453354166667;Données Consolidées
2023/01/12;"Consommation brute";69,684166666667;Données Consolidées
2023/01/13;"Consommation brute";69,1248125;Données Consolidées
2023/01/14;"Consommation brute";63,86825;Données Consolidées
2023/01/15;"Consommation brute";62,291833333333;Données Consolidées
2023/01/16;"Consommation brute";69,048375;Données Consolidées
2023/01/17;"Consommation brute";69,383291666667;Données Consolidées
2023/01/18;"Consommation brute";69,82125;Données Consolidées
2023/01/19;"Consommation brute";68,793;Données Consolidées
2023/01/20;"Consommation brute";68,958708333333;Données Consolidées
2023/01/21;"Consommation brute";63,60325;Données Consolidées
2023/01/22;"Consommation brute";62,191458333333;Données Consolidées
2023/01/23;"Consommation brute";68,4423125;Données Consolidées
2023/01/24;"Consommation brute";69,161791666667;Données Consolidées
2023/01/25;"Consommation brute";69,405916666667;Données Consolidées
2023/01/26;"Consommation brute";68,271541666667;Données Consolidées
2023/01/27;"Consommation brute";67,253208333333;Données Consolidées
2023/01/28;"Consommation brute";62,168041666667;Données Consolidées
2023/01/29;"Consommation brute";60,056375;Données Consolidées
2023/01/30;"Consommation brute";66,184541666667;Données Consolidées
2023/01/31;"Consommation brute";65,35025;Données Consolidées
2023/02/01;"Consommation brute";66,557125;Données Consolidées
2023/02/02;"Consommation brute";67,3124375;Données Consolidées
2023/02/03;"Consommation brute";66,842770833333;Données Consolidées
2023/02/04;"Consommation brute";61,0831875;Données Consolidées
2023/02/05;"Consommation brute";59,193666666667;Données Consolidées
2023/02/06;"Consommation brute";65,924791666667;Données Consolidées
2023/02/07;"Consommation brute";66,197083333333;Données Consolidées
2023/02/08;"Consommation brute";66,326041666667;Données Consolidées
2023/02/09;"Consommation brute";66,5055625;Données Consolidées
2023/02/10;"Consommation brute";65,109541666667;Données Consolidées
2023/02/11;"Consommation brute";59,369229166667;Données Consolidées
2023/02/12;"Consommation brute";57,308708333333;Données Consolidées
2023/02/13;"Consommation brute";63,965520833333;Données Consolidées
2023/02/14;"Consommation brute";64,566458333333;Données Consolidées
2023/02/15;"Consommation brute";64,268875;Données Consolidées
2023/02/16;"Consommation brute";63,475041666667;Données Consolidées
2023/02/17;"Consommation brute";63,397;Données Consolidées
2023/02/18;"Consommation brute";58,9044375;Données Consolidées
2023/02/19;"Consommation brute";56,3345625;Données Consolidées
2023/02/20;"Consommation brute";62,5703125;Données Consolidées
2023/02/21;"Consommation brute";63,098333333333;Données Consolidées
2023/02/22;"Consommation brute";63,083333333333;Données Consolidées
2023/02/23;"Consommation brute";63,118708333333;Données Consolidées
2023/02/24;"Consommation brute";62,261145833333;Données Consolidées
2023/02/25;"Consommation brute";57,567479166667;Données Consolidées
2023/02/26;"Consommation brute";56,743333333333;Données Consolidées
2023/02/27;"Consommation brute";63,965458333333;Données Consolidées
2023/02/28;"Consommation brute";64,016291666667;Données Consolidées
2023/03/01;"Consommation brute";63,0724375;Données Consolidées
2023/03/02;"Consommation brute";62,455625;Données Consolidées
2023/03/03;"Consommation brute";61,502854166667;Données Consolidées
2023/03/04;"Consommation brute";55,8848125;Données Consolidées
2023/03/05;"Consommation brute";53,362125;Données Consolidées
2023/03/06;"Consommation brute";59,2005625;Données Consolidées
2023/03/07;"Consommation brute";58,7659375;Données Consolidées
2023/03/08;"Consommation brute";59,585354166667;Données Consolidées
2023/03/09;"Consommation brute";60,505479166667;Données Consolidées
2023/03/10;"Consommation brute";60,4976875;Données Consolidées
2023/03/11;"Consommation brute";54,330708333333;Données Consolidées
2023/03/12;"Consommation brute";52,521729166667;Données Consolidées
2023/03/13;"Consommation brute";59,0439375;Données Consolidées
2023/03/14;"Consommation brute";59,6644375;Données Consolidées
2023/03/15;"Consommation brute";58,172791666667;Données Consolidées
2023/03/16;"Consommation brute";57,981770833333;Données Consolidées
2023/03/17;"Consommation brute";57,729333333333;Données Consolidées
2023/03/18;"Consommation brute";52,600729166667;Données Consolidées
2023/03/19;"Consommation brute";50,399625;Données Consolidées
2023/03/20;"Consommation brute";55,658104166667;Données Consolidées
2023/03/21;"Consommation brute";56,062166666667;Données Consolidées
2023/03/22;"Consommation brute";57,103583333333;Données Consolidées
2023/03/23;"Consommation brute";56,687854166667;Données Consolidées
2023/03/24;"Consommation brute";56,436916666667;Données Consolidées
2023/03/25;"Consommation brute";51,714854166667;Données Consolidées
2023/03/26;"Consommation brute";49,597666666667;Données Consolidées
2023/03/27;"Consommation brute";54,412021276596;Données Consolidées
2023/03/28;"Consommation brute";54,229708333333;Données Consolidées
2023/03/29;"Consommation brute";55,079916666667;Données Consolidées
2023/03/30;"Consommation brute";55,579854166667;Données Consolidées
2023/03/31;"Consommation brute";55,296895833333;Données Consolidées
2023/04/01;"Consommation brute";50,493416666667;Données Consolidées
2023/04/02;"Consommation brute";47,8464375;Données Consolidées
2023/04/03;"Consommation brute";53,1581875;Données Consolidées
2023/04/04;"Consommation brute";53,304479166667;Données Consolidées
2023/04/05;"Consommation brute";52,4933125;Données Consolidées
2023/04/06;"Consommation brute";51,4194375;Données Consolidées
2023/04/07;"Consommation brute";50,837916666667;Données Consolidées
2023/04/08;"Consommation brute";46,3793125;Données Consolidées
2023/04/09;"Consommation brute";43,8071875;Données Consolidées
2023/04/10;"Consommation brute";44,3379375;Données Consolidées
2023/04/11;"Consommation brute";50,254854166667;Données Consolidées
2023/04/12;"Consommation brute";51,180541666667;Données Consolidées
2023/04/13;"Consommation brute";49,85725;Données Consolidées
2023/04/14;"Consommation brute";48,902041666667;Données Consolidées
2023/04/15;"Consommation brute";45,080375;Données Consolidées
2023/04/16;"Consommation brute";43,045104166667;Données Consolidées
2023/04/17;"Consommation brute";47,905229166667;Données Consolidées
2023/04/18;"Consommation brute";48,109583333333;Données Consolidées
2023/04/19;"Consommation brute";48,765166666667;Données Consolidées
2023/04/20;"Consommation brute";48,1620625;Données Consolidées
2023/04/21;"Consommation brute";46,540145833333;Données Consolidées
2023/04/22;"Consommation brute";42,819125;Données Consolidées
2023/04/23;"Consommation brute";41,3839375;Données Consolidées
2023/04/24;"Consommation brute";46,3509375;Données Consolidées
2023/04/25;"Consommation brute";46,84225;Données Consolidées
2023/04/26;"Consommation brute";46,905375;Données Consolidées
2023/04/27;"Consommation brute";47,439416666667;Données Consolidées
2023/04/28;"Consommation brute";47,323645833333;Données Consolidées
2023/04/29;"Consommation brute";42,614354166667;Données Consolidées
2023/04/30;"Consommation brute";39,807145833333;Données Consolidées
2023/05/01;"Consommation brute";39,038479166667;Données Consolidées
2023/05/02;"Consommation brute";45,330708333333;Données Consolidées
2023/05/03;"Consommation brute";46,302854166667;Données Consolidées
2023/05/04;"Consommation brute";46,229208333333;Données Consolidées
2023/05/05;"Consommation brute";45,540333333333;Données Consolidées
2023/05/06;"Consommation brute";40,832916666667;Données Consolidées
2023/05/07;"Consommation brute";38,671;Données Consolidées
2023/05/08;"Consommation brute";39,3526875;Données Consolidées
2023/05/09;"Consommation brute";44,894041666667;Données Consolidées
2023/05/10;"Consommation brute";45,405041666667;Données Consolidées
2023/05/11;"Consommation brute";44,806;Données Consolidées
2023/05/12;"Consommation brute";43,780479166667;Données Consolidées
2023/05/13;"Consommation brute";39,7143125;Données Consolidées
2023/05/14;"Consommation brute";38,003395833333;Données Consolidées
2023/05/15;"Consommation brute";43,3709375;Données Consolidées
2023/05/16;"Consommation brute";43,991791666667;Données Consolidées
2023/05/17;"Consommation brute";43,386666666667;Données Consolidées
2023/05/18;"Consommation brute";38,4301875;Données Consolidées
2023/05/19;"Consommation brute";39,722666666667;Données Consolidées
2023/05/20;"Consommation brute";38,208270833333;Données Consolidées
2023/05/21;"Consommation brute";37,40125;Données Consolidées
2023/05/22;"Consommation brute";42,972583333333;Données Consolidées
2023/05/23;"Consommation brute";43,8125625;Données Consolidées
2023/05/24;"Consommation brute";45,048875;Données Consolidées
2023/05/25;"Consommation brute";43,879;Données Consolidées
2023/05/26;"Consommation brute";43,305333333333;Données Consolidées
2023/05/27;"Consommation brute";38,655145833333;Données Consolidées
2023/05/28;"Consommation brute";35,945729166667;Données Consolidées
2023/05/29;"Consommation brute";37,453041666667;Données Consolidées
2023/05/30;"Consommation brute";42,581479166667;Données Consolidées
2023/05/31;"Consommation brute";43,506791666667;Données Consolidées
2023/06/01;"Consommation brute";43,7121875;Données Consolidées
2023/06/02;"Consommation brute";43,3161875;Données Consolidées
2023/06/03;"Consommation brute";38,866625;Données Consolidées
2023/06/04;"Consommation brute";36,505208333333;Données Consolidées
2023/06/05;"Consommation brute";42,2038125;Données Consolidées
2023/06/06;"Consommation brute";42,9835625;Données Consolidées
2023/06/07;"Consommation brute";43,122854166667;Données Consolidées
2023/06/08;"Consommation brute";43,133604166667;Données Consolidées
2023/06/09;"Consommation brute";42,6495;Données Consolidées
2023/06/10;"Consommation brute";38,308833333333;Données Consolidées
2023/06/11;"Consommation brute";36,506625;Données Consolidées
2023/06/12;"Consommation brute";42,420375;Données Consolidées
2023/06/13;"Consommation brute";43,264791666667;Données Consolidées
2023/06/14;"Consommation brute";43,449979166667;Données Consolidées
2023/06/15;"Consommation brute";43,566291666667;Données Consolidées
2023/06/16;"Consommation brute";43,182895833333;Données Consolidées
2023/06/17;"Consommation brute";38,531041666667;Données Consolidées
2023/06/18;"Consommation brute";36,247854166667;Données Consolidées
2023/06/19;"Consommation brute";42,382291666667;Données Consolidées
2023/06/20;"Consommation brute";43,429479166667;Données Consolidées
2023/06/21;"Consommation brute";43,732520833333;Données Consolidées
2023/06/22;"Consommation brute";43,775020833333;Données Consolidées
2023/06/23;"Consommation brute";43,472333333333;Données Consolidées
2023/06/24;"Consommation brute";38,840520833333;Données Consolidées
2023/06/25;"Consommation brute";36,5808125;Données Consolidées
2023/06/26;"Consommation brute";42,62025;Données Consolidées
2023/06/27;"Consommation brute";43,906166666667;Données Consolidées
2023/06/28;"Consommation brute";44,361791666667;Données Consolidées
2023/06/29;"Consommation brute";44,602895833333;Données Consolidées
2023/06/30;"Consommation brute";43,756979166667;Données Consolidées
2023/07/01;"Consommation brute";39,85525;Données Consolidées
2023/07/02;"Consommation brute";37,904041666667;Données Consolidées
2023/07/03;"Consommation brute";43,818541666667;Données Consolidées
2023/07/04;"Consommation brute";45,262354166667;Données Consolidées
2023/07/05;"Consommation brute";45,764916666667;Données Consolidées
2023/07/06;"Consommation brute";45,923229166667;Données Consolidées
2023/07/07;"Consommation brute";45,350208333333;Données Consolidées
2023/07/08;"Consommation brute";40,327083333333;Données Consolidées
2023/07/09;"Consommation brute";37,9110625;Données Consolidées
2023/07/10;"Consommation brute";44,667770833333;Données Consolidées
2023/07/11;"Consommation brute";46,202729166667;Données Consolidées
2023/07/12;"Consommation brute";45,654229166667;Données Consolidées
2023/07/13;"Consommation brute";45,5630625;Données Consolidées
2023/07/14;"Consommation brute";40,405895833333;Données Consolidées
2023/07/15;"Consommation brute";39,486479166667;Données Consolidées
2023/07/16;"Consommation brute";38,480416666667;Données Consolidées
2023/07/17;"Consommation brute";44,9945625;Données Consolidées
2023/07/18;"Consommation brute";46,543375;Données Consolidées
2023/07/19;"Consommation brute";46,212541666667;Données Consolidées
2023/07/20;"Consommation brute";46,149458333333;Données Consolidées
2023/07/21;"Consommation brute";45,395979166667;Données Consolidées
2023/07/22;"Consommation brute";40,869604166667;Données Consolidées
2023/07/23;"Consommation brute";38,932166666667;Données Consolidées
2023/07/24;"Consommation brute";43,940145833333;Données Consolidées
2023/07/25;"Consommation brute";44,590604166667;Données Consolidées
2023/07/26;"Consommation brute";44,752958333333;Données Consolidées
2023/07/27;"Consommation brute";44,905104166667;Données Consolidées
2023/07/28;"Consommation brute";43,898833333333;Données Consolidées
2023/07/29;"Consommation brute";39,444375;Données Consolidées
2023/07/30;"Consommation brute";37,438041666667;Données Consolidées
2023/07/31;"Consommation brute";41,768854166667;Données Consolidées
2023/08/01;"Consommation brute";42,478416666667;Données Consolidées
2023/08/02;"Consommation brute";43,037375;Données Consolidées
2023/08/03;"Consommation brute";42,419416666667;Données Consolidées
2023/08/04;"Consommation brute";41,455229166667;Données Consolidées
2023/08/05;"Consommation brute";38,720833333333;Données Consolidées
2023/08/06;"Consommation brute";37,265625;Données Consolidées
2023/08/07;"Consommation brute";40,519145833333;Données Consolidées
2023/08/08;"Consommation brute";41,118979166667;Données Consolidées
2023/08/09;"Consommation brute";40,915208333333;Données Consolidées
2023/08/10;"Consommation brute";40,801041666667;Données Consolidées
2023/08/11;"Consommation brute";40,77525;Données Consolidées
2023/08/12;"Consommation brute";37,7123125;Données Consolidées
2023/08/13;"Consommation brute";35,973833333333;Données Consolidées
2023/08/14;"Consommation brute";38,622833333333;Données Consolidées
2023/08/15;"Consommation brute";37,099729166667;Données Consolidées
2023/08/16;"Consommation brute";40,1748125;Données Consolidées
2023/08/17;"Consommation brute";40,917291666667;Données Consolidées
2023/08/18;"Consommation brute";41,025833333333;Données Consolidées
2023/08/19;"Consommation brute";38,147145833333;Données Consolidées
2023/08/20;"Consommation brute";36,636770833333;Données Consolidées
2023/08/21;"Consommation brute";42,202291666667;Données Consolidées
2023/08/22;"Consommation brute";43,900854166667;Données Consolidées
2023/08/23;"Consommation brute";44,442541666667;Données Consolidées
2023/08/24;"Consommation brute";44,2545625;Données Consolidées
2023/08/25;"Consommation brute";43,117458333333;Données Consolidées
2023/08/26;"Consommation brute";39,291416666667;Données Consolidées
2023/08/27;"Consommation brute";37,327;Données Consolidées
2023/08/28;"Consommation brute";42,709291666667;Données Consolidées
2023/08/29;"Consommation brute";43,913020833333;Données Consolidées
2023/08/30;"Consommation brute";44,151625;Données Consolidées
2023/08/31;"Consommation brute";44,552791666667;Données Consolidées
2023/09/01;"Consommation brute";44,033145833333;Données Consolidées
2023/09/02;"Consommation brute";39,367479166667;Données Consolidées
2023/09/03;"Consommation brute";37,0598125;Données Consolidées
2023/09/04;"Consommation brute";42,380375;Données Consolidées
2023/09/05;"Consommation brute";43,490104166667;Données Consolidées
2023/09/06;"Consommation brute";43,63825;Données Consolidées
2023/09/07;"Consommation brute";43,793083333333;Données Consolidées
2023/09/08;"Consommation brute";43,793083333333;Données Consolidées
2023/09/09;"Consommation brute";38,497791666667;Données Consolidées
2023/09/10;"Consommation brute";37,719479166667;Données Consolidées
2023/09/11;"Consommation brute";42,527645833333;Données Consolidées
2023/09/12;"Consommation brute";43,210145833333;Données Consolidées
2023/09/13;"Consommation brute";43,99025;Données Consolidées
2023/09/14;"Consommation brute";44,359208333333;Données Consolidées
2023/09/15;"Consommation brute";43,77675;Données Consolidées
2023/09/16;"Consommation brute";39,2851875;Données Consolidées
2023/09/17;"Consommation brute";37,396229166667;Données Consolidées
2023/09/18;"Consommation brute";42,87775;Données Consolidées
2023/09/19;"Consommation brute";44,069854166667;Données Consolidées
2023/09/20;"Consommation brute";44,402854166667;Données Consolidées
2023/09/21;"Consommation brute";44,435270833333;Données Consolidées
2023/09/22;"Consommation brute";43,884395833333;Données Consolidées
2023/09/23;"Consommation brute";39,099729166667;Données Consolidées
2023/09/24;"Consommation brute";37,441270833333;Données Consolidées
2023/09/25;"Consommation brute";43,344395833333;Données Consolidées
2023/09/26;"Consommation brute";44,196458333333;Données Consolidées
2023/09/27;"Consommation brute";44,502958333333;Données Consolidées
2023/09/28;"Consommation brute";44,481375;Données Consolidées
2023/09/29;"Consommation brute";44,05375;Données Consolidées
2023/09/30;"Consommation brute";39,846583333333;Données Consolidées
2023/10/01;"Consommation brute";38,2703125;Données Consolidées
2023/10/02;"Consommation brute";44,0395;Données Consolidées
2023/10/03;"Consommation brute";45,936979166667;Données Consolidées
2023/10/04;"Consommation brute";44,705416666667;Données Consolidées
2023/10/05;"Consommation brute";45,576854166667;Données Consolidées
2023/10/06;"Consommation brute";45,421083333333;Données Consolidées
2023/10/07;"Consommation brute";41,0305625;Données Consolidées
2023/10/08;"Consommation brute";39,2164375;Données Consolidées
2023/10/09;"Consommation brute";44,781416666667;Données Consolidées
2023/10/10;"Consommation brute";46,009625;Données Consolidées
2023/10/11;"Consommation brute";46,372145833333;Données Consolidées
2023/10/12;"Consommation brute";46,341083333333;Données Consolidées
2023/10/13;"Consommation brute";45,929;Données Consolidées
2023/10/14;"Consommation brute";41,924;Données Consolidées
2023/10/15;"Consommation brute";40,3583125;Données Consolidées
2023/10/16;"Consommation brute";45,979145833333;Données Consolidées
2023/10/17;"Consommation brute";48,4859375;Données Consolidées
2023/10/18;"Consommation brute";50,596958333333;Données Consolidées
2023/10/19;"Consommation brute";50,159854166667;Données Consolidées
2023/10/20;"Consommation brute";49,520520833333;Données Consolidées
2023/10/21;"Consommation brute";45,453270833333;Données Consolidées
2023/10/22;"Consommation brute";42,909895833333;Données Consolidées
2023/10/23;"Consommation brute";48,709041666667;Données Consolidées
2023/10/24;"Consommation brute";50,100708333333;Données Consolidées
2023/10/25;"Consommation brute";51,17525;Données Consolidées
2023/10/26;"Consommation brute";51,681416666667;Données Consolidées
2023/10/27;"Consommation brute";51,658125;Données Consolidées
2023/10/28;"Consommation brute";47,608458333333;Données Consolidées
2023/10/29;"Consommation brute";46,45652;Données Consolidées
2023/10/30;"Consommation brute";51,858375;Données Consolidées
2023/10/31;"Consommation brute";52,2736875;Données Consolidées
2023/11/01;"Consommation brute";48,556645833333;Données Consolidées
2023/11/02;"Consommation brute";52,104583333333;Données Consolidées
2023/11/03;"Consommation brute";52,115729166667;Données Consolidées
2023/11/04;"Consommation brute";49,1455625;Données Consolidées
2023/11/05;"Consommation brute";48,818583333333;Données Consolidées
2023/11/06;"Consommation brute";54,799166666667;Données Consolidées
2023/11/07;"Consommation brute";55,753020833333;Données Consolidées
2023/11/08;"Consommation brute";57,05625;Données Consolidées
2023/11/09;"Consommation brute";56,636354166667;Données Consolidées
2023/11/10;"Consommation brute";57,785291666667;Données Consolidées
2023/11/11;"Consommation brute";50,761291666667;Données Consolidées
2023/11/12;"Consommation brute";50,5590625;Données Consolidées
2023/11/13;"Consommation brute";58,801395833333;Données Consolidées
2023/11/14;"Consommation brute";60,557395833333;Données Consolidées
2023/11/15;"Consommation brute";59,8860625;Données Consolidées
2023/11/16;"Consommation brute";60,058208333333;Données Consolidées
2023/11/17;"Consommation brute";59,243770833333;Données Consolidées
2023/11/18;"Consommation brute";54,986375;Données Consolidées
2023/11/19;"Consommation brute";54,339479166667;Données Consolidées
2023/11/20;"Consommation brute";60,9251875;Données Consolidées
2023/11/21;"Consommation brute";61,164833333333;Données Consolidées
2023/11/22;"Consommation brute";61,805854166667;Données Consolidées
2023/11/23;"Consommation brute";61,8694375;Données Consolidées
2023/11/24;"Consommation brute";61,509770833333;Données Consolidées
2023/11/25;"Consommation brute";57,345395833333;Données Consolidées
2023/11/26;"Consommation brute";55,168145833333;Données Consolidées
2023/11/27;"Consommation brute";61,7723125;Données Consolidées
2023/11/28;"Consommation brute";63,129833333333;Données Consolidées
2023/11/29;"Consommation brute";63,505395833333;Données Consolidées
2023/11/30;"Consommation brute";62,900083333333;Données Consolidées
2023/12/01;"Consommation brute";62,5319375;Données Consolidées
2023/12/02;"Consommation brute";59,3855625;Données Consolidées
2023/12/03;"Consommation brute";57,886041666667;Données Consolidées
2023/12/04;"Consommation brute";64,7540625;Données Consolidées
2023/12/05;"Consommation brute";65,710395833333;Données Consolidées
2023/12/06;"Consommation brute";66,1139375;Données Consolidées
2023/12/07;"Consommation brute";66,24825;Données Consolidées
2023/12/08;"Consommation brute";65,348;Données Consolidées
2023/12/09;"Consommation brute";62,4975;Données Consolidées
2023/12/10;"Consommation brute";61,297270833333;Données Consolidées
2023/12/11;"Consommation brute";66,921354166667;Données Consolidées
2023/12/12;"Consommation brute";68,049375;Données Consolidées
2023/12/13;"Consommation brute";68,264125;Données Consolidées
2023/12/14;"Consommation brute";68,688645833333;Données Consolidées
2023/12/15;"Consommation brute";68,036729166667;Données Consolidées
2023/12/16;"Consommation brute";63,456020833333;Données Consolidées
2023/12/17;"Consommation brute";61,906479166667;Données Consolidées
2023/12/18;"Consommation brute";67,588895833333;Données Consolidées
2023/12/19;"Consommation brute";68,0935625;Données Consolidées
2023/12/20;"Consommation brute";68,432208333333;Données Consolidées
2023/12/21;"Consommation brute";69,116354166667;Données Consolidées
2023/12/22;"Consommation brute";67,444520833333;Données Consolidées
2023/12/23;"Consommation brute";62,656291666667;Données Consolidées
2023/12/24;"Consommation brute";60,963604166667;Données Consolidées
2023/12/25;"Consommation brute";59,1548125;Données Consolidées
2023/12/26;"Consommation brute";62,766645833333;Données Consolidées
2023/12/27;"Consommation brute";63,9130625;Données Consolidées
2023/12/28;"Consommation brute";64,783145833333;Données Consolidées
2023/12/29;"Consommation brute";64,987375;Données Consolidées
2023/12/30;"Consommation brute";62,044958333333;Données Consolidées
2023/12/31;"Consommation brute";62,022875;Données Consolidées
2023/01/01;"Consommation brute";;Données Consolidées
2023/01/02;"Consommation brute";50,123364583333;Données Consolidées
2023/01/03;"Consommation brute";56,35669375;Données Consolidées
2023/01/04;"Consommation brute";57,319920833333;Données Consolidées
2023/01/05;"Consommation brute";55,7948875;Données Consolidées
2023/01/06;"Consommation brute";55,621464583333;Données Consolidées
2023/01/07;"Consommation brute";51,268816666667;Données Consolidées
2023/01/08;"Consommation brute";50,110225;Données Consolidées
2023/01/09;"Consommation brute";59,296220833333;Données Consolidées
2023/01/10;"Consommation brute";61,53011875;Données Consolidées
2023/01/11;"Consommation brute";59,297870833333;Données Consolidées
2023/01/12;"Consommation brute";59,414402083333;Données Consolidées
2023/01/13;"Consommation brute";58,45319375;Données Consolidées
2023/01/14;"Consommation brute";53,867260416667;Données Consolidées
2023/01/15;"Consommation brute";53,68125625;Données Consolidées
2023/01/16;"Consommation brute";63,7778375;Données Consolidées
2023/01/17;"Consommation brute";67,804204166667;Données Consolidées
2023/01/18;"Consommation brute";70,637333333333;Données Consolidées
2023/01/19;"Consommation brute";71,925275;Données Consolidées
2023/01/20;"Consommation brute";72,662054166667;Données Consolidées
2023/01/21;"Consommation brute";68,126075;Données Consolidées
2023/01/22;"Consommation brute";69,575752083333;Données Consolidées
2023/01/23;"Consommation brute";76,10086875;Données Consolidées
2023/01/24;"Consommation brute";75,395383333333;Données Consolidées
2023/01/25;"Consommation brute";75,967579166667;Données Consolidées
2023/01/26;"Consommation brute";74,679316666667;Données Consolidées
2023/01/27;"Consommation brute";72,75823125;Données Consolidées
2023/01/28;"Consommation brute";67,781675;Données Consolidées
2023/01/29;"Consommation brute";66,195510416667;Données Consolidées
2023/01/30;"Consommation brute";70,902235416667;Données Consolidées
2023/01/31;"Consommation brute";67,730333333333;Données Consolidées
2023/02/01;"Consommation brute";66,450170833333;Données Consolidées
2023/02/02;"Consommation brute";65,918035416667;Données Consolidées
2023/02/03;"Consommation brute";64,517770833333;Données Consolidées
2023/02/04;"Consommation brute";58,139275;Données Consolidées
2023/02/05;"Consommation brute";56,135664583333;Données Consolidées
2023/02/06;"Consommation brute";65,090070833333;Données Consolidées
2023/02/07;"Consommation brute";67,985204166667;Données Consolidées
2023/02/08;"Consommation brute";70,143827083333;Données Consolidées
2023/02/09;"Consommation brute";72,039216666667;Données Consolidées
2023/02/10;"Consommation brute";69,355579166667;Données Consolidées
2023/02/11;"Consommation brute";62,791054166667;Données Consolidées
2023/02/12;"Consommation brute";58,995527083333;Données Consolidées
2023/02/13;"Consommation brute";64,85305;Données Consolidées
2023/02/14;"Consommation brute";64,266241666667;Données Consolidées
2023/02/15;"Consommation brute";62,956135416667;Données Consolidées
2023/02/16;"Consommation brute";60,891525;Données Consolidées
2023/02/17;"Consommation brute";57,931239583333;Données Consolidées
2023/02/18;"Consommation brute";52,176810416667;Données Consolidées
2023/02/19;"Consommation brute";49,91269375;Données Consolidées
2023/02/20;"Consommation brute";57,509375;Données Consolidées
2023/02/21;"Consommation brute";58,59445625;Données Consolidées
2023/02/22;"Consommation brute";58,712485416667;Données Consolidées
2023/02/23;"Consommation brute";60,0378875;Données Consolidées
2023/02/24;"Consommation brute";59,121472916667;Données Consolidées
2023/02/25;"Consommation brute";56,9429875;Données Consolidées
2023/02/26;"Consommation brute";59,532277083333;Données Consolidées
2023/02/27;"Consommation brute";69,603264583333;Données Consolidées
2023/02/28;"Consommation brute";71,56446875;Données Consolidées
2023/03/01;"Consommation brute";70,390170833333;Données Consolidées
2023/03/02;"Consommation brute";68,917889583333;Données Consolidées
2023/03/03;"Consommation brute";66,706683333333;Données Consolidées
2023/03/04;"Consommation brute";61,06515625;Données Consolidées
2023/03/05;"Consommation brute";58,2182125;Données Consolidées
2023/03/06;"Consommation brute";64,914752083333;Données Consolidées
2023/03/07;"Consommation brute";64,021210416667;Données Consolidées
2023/03/08;"Consommation brute";60,9508625;Données Consolidées
2023/03/09;"Consommation brute";57,085670833333;Données Consolidées
2023/03/10;"Consommation brute";57,996033333333;Données Consolidées
2023/03/11;"Consommation brute";53,481827083333;Données Consolidées
2023/03/12;"Consommation brute";48,296258333333;Données Consolidées
2023/03/13;"Consommation brute";51,530189583333;Données Consolidées
2023/03/14;"Consommation brute";54,765802083333;Données Consolidées
2023/03/15;"Consommation brute";56,512758333333;Données Consolidées
2023/03/16;"Consommation brute";54,468570833333;Données Consolidées
2023/03/17;"Consommation brute";52,162710416667;Données Consolidées
2023/03/18;"Consommation brute";47,0586;Données Consolidées
2023/03/19;"Consommation brute";45,906554166667;Données Consolidées
2023/03/20;"Consommation brute";52,5058375;Données Consolidées
2023/03/21;"Consommation brute";52,136147916667;Données Consolidées
2023/03/22;"Consommation brute";52,070816666667;Données Consolidées
2023/03/23;"Consommation brute";49,934379166667;Données Consolidées
2023/03/24;"Consommation brute";49,8611875;Données Consolidées
2023/03/25;"Consommation brute";46,775195833333;Données Consolidées
2023/03/26;"Consommation brute";46,333093333333;Données Consolidées
2023/03/27;"Consommation brute";53,603806382979;Données Consolidées
2023/03/28;"Consommation brute";55,280729166667;Données Consolidées
2023/03/29;"Consommation brute";51,32208125;Données Consolidées
2023/03/30;"Consommation brute";49,00454375;Données Consolidées
2023/03/31;"Consommation brute";49,940139583333;Données Consolidées
2023/04/01;"Consommation brute";47,422870833333;Données Consolidées
2023/04/02;"Consommation brute";47,552879166667;Données Consolidées
2023/04/03;"Consommation brute";54,320085416667;Données Consolidées
2023/04/04;"Consommation brute";56,018214583333;Données Consolidées
2023/04/05;"Consommation brute";56,015079166667;Données Consolidées
2023/04/06;"Consommation brute";53,636958333333;Données Consolidées
2023/04/07;"Consommation brute";52,174120833333;Données Consolidées
2023/04/08;"Consommation brute";47,346572916667;Données Consolidées
2023/04/09;"Consommation brute";43,362554166667;Données Consolidées
2023/04/10;"Consommation brute";43,46241875;Données Consolidées
2023/04/11;"Consommation brute";49,771408333333;Données Consolidées
2023/04/12;"Consommation brute";51,905502083333;Données Consolidées
2023/04/13;"Consommation brute";53,163016666667;Données Consolidées
2023/04/14;"Consommation brute";54,0061875;Données Consolidées
2023/04/15;"Consommation brute";48,856020833333;Données Consolidées
2023/04/16;"Consommation brute";46,24989375;Données Consolidées
2023/04/17;"Consommation brute";51,049825;Données Consolidées
2023/04/18;"Consommation brute";50,637529166667;Données Consolidées
2023/04/19;"Consommation brute";49,08715625;Données Consolidées
2023/04/20;"Consommation brute";49,161079166667;Données Consolidées
2023/04/21;"Consommation brute";49,573572916667;Données Consolidées
2023/04/22;"Consommation brute";44,696014583333;Données Consolidées
2023/04/23;"Consommation brute";43,058827083333;Données Consolidées
2023/04/24;"Consommation brute";48,85828125;Données Consolidées
2023/04/25;"Consommation brute";50,334920833333;Données Consolidées
2023/04/26;"Consommation brute";50,110285416667;Données Consolidées
2023/04/27;"Consommation brute";47,884279166667;Données Consolidées
2023/04/28;"Consommation brute";45,746008333333;Données Consolidées
2023/04/29;"Consommation brute";41,424802083333;Données Consolidées
2023/04/30;"Consommation brute";39,344702083333;Données Consolidées
2023/05/01;"Consommation brute";38,9602;Données Consolidées
2023/05/02;"Consommation brute";45,21945625;Données Consolidées
2023/05/03;"Consommation brute";45,541335416667;Données Consolidées
2023/05/04;"Consommation brute";44,83355625;Données Consolidées
2023/05/05;"Consommation brute";44,286904166667;Données Consolidées
2023/05/06;"Consommation brute";39,76470625;Données Consolidées
2023/05/07;"Consommation brute";37,734310416667;Données Consolidées
2023/05/08;"Consommation brute";38,691939583333;Données Consolidées
2023/05/09;"Consommation brute";44,47180625;Données Consolidées
2023/05/10;"Consommation brute";45,85895;Données Consolidées
2023/05/11;"Consommation brute";46,1007;Données Consolidées
2023/05/12;"Consommation brute";46,102720833333;Données Consolidées
2023/05/13;"Consommation brute";41,46298125;Données Consolidées
2023/05/14;"Consommation brute";39,533485416667;Données Consolidées
2023/05/15;"Consommation brute";45,064589583333;Données Consolidées
2023/05/16;"Consommation brute";46,477760416667;Données Consolidées
2023/05/17;"Consommation brute";46,110254166667;Données Consolidées
2023/05/18;"Consommation brute";41,01094375;Données Consolidées
2023/05/19;"Consommation brute";41,785133333333;Données Consolidées
2023/05/20;"Consommation brute";39,479533333333;Données Consolidées
2023/05/21;"Consommation brute";37,906389583333;Données Consolidées
2023/05/22;"Consommation brute";43,101889583333;Données Consolidées
2023/05/23;"Consommation brute";43,96626875;Données Consolidées
2023/05/24;"Consommation brute";45,350477083333;Données Consolidées
2023/05/25;"Consommation brute";44,12329375;Données Consolidées
2023/05/26;"Consommation brute";43,413947916667;Données Consolidées
2023/05/27;"Consommation brute";38,814429166667;Données Consolidées
2023/05/28;"Consommation brute";36,36706875;Données Consolidées
2023/05/29;"Consommation brute";37,867808333333;Données Consolidées
2023/05/30;"Consommation brute";42,83434375;Données Consolidées
2023/05/31;"Consommation brute";43,747754166667;Données Consolidées
2023/06/01;"Consommation brute";44,08161875;Données Consolidées
2023/06/02;"Consommation brute";43,53890625;Données Consolidées
2023/06/03;"Consommation brute";38,99256875;Données Consolidées
2023/06/04;"Consommation brute";36,812575;Données Consolidées
2023/06/05;"Consommation brute";42,595347916667;Données Consolidées
2023/06/06;"Consommation brute";43,414304166667;Données Consolidées
2023/06/07;"Consommation brute";43,812975;Données Consolidées
2023/06/08;"Consommation brute";44,221495833333;Données Consolidées
2023/06/09;"Consommation brute";43,948091666667;Données Consolidées
2023/06/10;"Consommation brute";39,5536125;Données Consolidées
2023/06/11;"Consommation brute";37,697229166667;Données Consolidées
2023/06/12;"Consommation brute";43,3647625;Données Consolidées
2023/06/13;"Consommation brute";44,19008125;Données Consolidées
2023/06/14;"Consommation brute";44,45260625;Données Consolidées
2023/06/15;"Consommation brute";44,63641875;Données Consolidées
2023/06/16;"Consommation brute";44,38739375;Données Consolidées
2023/06/17;"Consommation brute";40,070295833333;Données Consolidées
2023/06/18;"Consommation brute";37,77469375;Données Consolidées
2023/06/19;"Consommation brute";43,446158333333;Données Consolidées
2023/06/20;"Consommation brute";44,597891666667;Données Consolidées
2023/06/21;"Consommation brute";44,893060416667;Données Consolidées
2023/06/22;"Consommation brute";44,762622916667;Données Consolidées
2023/06/23;"Consommation brute";44,14063125;Données Consolidées
2023/06/24;"Consommation brute";39,994889583333;Données Consolidées
2023/06/25;"Consommation brute";38,421245833333;Données Consolidées
2023/06/26;"Consommation brute";44,16725625;Données Consolidées
2023/06/27;"Consommation brute";44,62073125;Données Consolidées
2023/06/28;"Consommation brute";44,938427083333;Données Consolidées
2023/06/29;"Consommation brute";45,365227083333;Données Consolidées
2023/06/30;"Consommation brute";43,75613125;Données Consolidées
2023/07/01;"Consommation brute";39,59435;Données Consolidées
2023/07/02;"Consommation brute";37,632277083333;Données Consolidées
2023/07/03;"Consommation brute";43,6479625;Données Consolidées
2023/07/04;"Consommation brute";45,085579166667;Données Consolidées
2023/07/05;"Consommation brute";45,31938125;Données Consolidées
2023/07/06;"Consommation brute";45,521589583333;Données Consolidées
2023/07/07;"Consommation brute";45,870564583333;Données Consolidées
2023/07/08;"Consommation brute";42,002147916667;Données Consolidées
2023/07/09;"Consommation brute";39,734729166667;Données Consolidées
2023/07/10;"Consommation brute";46,18665;Données Consolidées
2023/07/11;"Consommation brute";47,85905;Données Consolidées
2023/07/12;"Consommation brute";46,68305625;Données Consolidées
2023/07/13;"Consommation brute";45,739129166667;Données Consolidées
2023/07/14;"Consommation brute";40,628425;Données Consolidées
2023/07/15;"Consommation brute";40,299172916667;Données Consolidées
2023/07/16;"Consommation brute";38,5890125;Données Consolidées
2023/07/17;"Consommation brute";44,905866666667;Données Consolidées
2023/07/18;"Consommation brute";46,850910416667;Données Consolidées
2023/07/19;"Consommation brute";46,819327083333;Données Consolidées
2023/07/20;"Consommation brute";46,373470833333;Données Consolidées
2023/07/21;"Consommation brute";45,344777083333;Données Consolidées
2023/07/22;"Consommation brute";40,521075;Données Consolidées
2023/07/23;"Consommation brute";38,872016666667;Données Consolidées
2023/07/24;"Consommation brute";43,955795833333;Données Consolidées
2023/07/25;"Consommation brute";43,9683;Données Consolidées
2023/07/26;"Consommation brute";43,720964583333;Données Consolidées
2023/07/27;"Consommation brute";44,212929166667;Données Consolidées
2023/07/28;"Consommation brute";43,651929166667;Données Consolidées
2023/07/29;"Consommation brute";39,429635416667;Données Consolidées
2023/07/30;"Consommation brute";37,181435416667;Données Consolidées
2023/07/31;"Consommation brute";41,369514583333;Données Consolidées
2023/08/01;"Consommation brute";42,127527083333;Données Consolidées
2023/08/02;"Consommation brute";42,7923;Données Consolidées
2023/08/03;"Consommation brute";41,890935416667;Données Consolidées
2023/08/04;"Consommation brute";40,480652083333;Données Consolidées
2023/08/05;"Consommation brute";37,570683333333;Données Consolidées
2023/08/06;"Consommation brute";36,11314375;Données Consolidées
2023/08/07;"Consommation brute";39,37855;Données Consolidées
2023/08/08;"Consommation brute";40,158777083333;Données Consolidées
2023/08/09;"Consommation brute";40,438120833333;Données Consolidées
2023/08/10;"Consommation brute";41,0056375;Données Consolidées
2023/08/11;"Consommation brute";41,43153125;Données Consolidées
2023/08/12;"Consommation brute";38,514191666667;Données Consolidées
2023/08/13;"Consommation brute";36,527733333333;Données Consolidées
2023/08/14;"Consommation brute";39,184191666667;Données Consolidées
2023/08/15;"Consommation brute";37,75596875;Données Consolidées
2023/08/16;"Consommation brute";40,874575;Données Consolidées
2023/08/17;"Consommation brute";42,087191666667;Données Consolidées
2023/08/18;"Consommation brute";42,757252083333;Données Consolidées
2023/08/19;"Consommation brute";40,322610416667;Données Consolidées
2023/08/20;"Consommation brute";38,7628375;Données Consolidées
2023/08/21;"Consommation brute";44,534935416667;Données Consolidées
2023/08/22;"Consommation brute";46,50458125;Données Consolidées
2023/08/23;"Consommation brute";47,3034625;Données Consolidées
2023/08/24;"Consommation brute";47,35840625;Données Consolidées
2023/08/25;"Consommation brute";45,243314583333;Données Consolidées
2023/08/26;"Consommation brute";39,893666666667;Données Consolidées
2023/08/27;"Consommation brute";37,06313125;Données Consolidées
2023/08/28;"Consommation brute";42,19576875;Données Consolidées
2023/08/29;"Consommation brute";43,369379166667;Données Consolidées
2023/08/30;"Consommation brute";43,66546875;Données Consolidées
2023/08/31;"Consommation brute";44,1518125;Données Consolidées
2023/09/01;"Consommation brute";44,015041666667;Données Consolidées
2023/09/02;"Consommation brute";39,918435416667;Données Consolidées
2023/09/03;"Consommation brute";38,328616666667;Données Consolidées
2023/09/04;"Consommation brute";44,527760416667;Données Consolidées
2023/09/05;"Consommation brute";46,189127083333;Données Consolidées
2023/09/06;"Consommation brute";46,425675;Données Consolidées
2023/09/07;"Consommation brute";46,553402083333;Données Consolidées
2023/09/08;"Consommation brute";46,6648875;Données Consolidées
2023/09/09;"Consommation brute";41,569502083333;Données Consolidées
2023/09/10;"Consommation brute";40,851858333333;Données Consolidées
2023/09/11;"Consommation brute";45,153477083333;Données Consolidées
2023/09/12;"Consommation brute";44,952752083333;Données Consolidées
2023/09/13;"Consommation brute";44,895372916667;Données Consolidées
2023/09/14;"Consommation brute";44,886347916667;Données Consolidées
2023/09/15;"Consommation brute";44,457908333333;Données Consolidées
2023/09/16;"Consommation brute";40,3223875;Données Consolidées
2023/09/17;"Consommation brute";38,735320833333;Données Consolidées
2023/09/18;"Consommation brute";44,0412875;Données Consolidées
2023/09/19;"Consommation brute";44,436489583333;Données Consolidées
2023/09/20;"Consommation brute";44,699652083333;Données Consolidées
2023/09/21;"Consommation brute";44,616897916667;Données Consolidées
2023/09/22;"Consommation brute";43,731791666667;Données Consolidées
2023/09/23;"Consommation brute";39,1659875;Données Consolidées
2023/09/24;"Consommation brute";37,591777083333;Données Consolidées
2023/09/25;"Consommation brute";43,2149125;Données Consolidées
2023/09/26;"Consommation brute";43,965864583333;Données Consolidées
2023/09/27;"Consommation brute";44,337285416667;Données Consolidées
2023/09/28;"Consommation brute";44,461845833333;Données Consolidées
2023/09/29;"Consommation brute";44,09646875;Données Consolidées
2023/09/30;"Consommation brute";39,514052083333;Données Consolidées
2023/10/01;"Consommation brute";37,9295125;Données Consolidées
2023/10/02;"Consommation brute";43,952129166667;Données Consolidées
2023/10/03;"Consommation brute";45,903679166667;Données Consolidées
2023/10/04;"Consommation brute";43,788120833333;Données Consolidées
2023/10/05;"Consommation brute";44,599575;Données Consolidées
2023/10/06;"Consommation brute";44,446916666667;Données Consolidées
2023/10/07;"Consommation brute";39,88193125;Données Consolidées
2023/10/08;"Consommation brute";37,849764583333;Données Consolidées
2023/10/09;"Consommation brute";43,34573125;Données Consolidées
2023/10/10;"Consommation brute";44,43241875;Données Consolidées
2023/10/11;"Consommation brute";44,653154166667;Données Consolidées
2023/10/12;"Consommation brute";44,572570833333;Données Consolidées
2023/10/13;"Consommation brute";44,165183333333;Données Consolidées
2023/10/14;"Consommation brute";39,694989583333;Données Consolidées
2023/10/15;"Consommation brute";38,595027083333;Données Consolidées
2023/10/16;"Consommation brute";45,726;Données Consolidées
2023/10/17;"Consommation brute";47,5582125;Données Consolidées
2023/10/18;"Consommation brute";47,811895833333;Données Consolidées
2023/10/19;"Consommation brute";46,725758333333;Données Consolidées
2023/10/20;"Consommation brute";46,054166666667;Données Consolidées
2023/10/21;"Consommation brute";42,363489583333;Données Consolidées
2023/10/22;"Consommation brute";40,489391666667;Données Consolidées
2023/10/23;"Consommation brute";47,384029166667;Données Consolidées
2023/10/24;"Consommation brute";47,869158333333;Données Consolidées
2023/10/25;"Consommation brute";48,545858333333;Données Consolidées
2023/10/26;"Consommation brute";48,614145833333;Données Consolidées
2023/10/27;"Consommation brute";48,5093125;Données Consolidées
2023/10/28;"Consommation brute";44,6065125;Données Consolidées
2023/10/29;"Consommation brute";42,092294;Données Consolidées
2023/10/30;"Consommation brute";48,199029166667;Données Consolidées
2023/10/31;"Consommation brute";48,857045833333;Données Consolidées
2023/11/01;"Consommation brute";45,349714583333;Données Consolidées
2023/11/02;"Consommation brute";49,8893625;Données Consolidées
2023/11/03;"Consommation brute";52,621860416667;Données Consolidées
2023/11/04;"Consommation brute";49,336897916667;Données Consolidées
2023/11/05;"Consommation brute";46,427579166667;Données Consolidées
2023/11/06;"Consommation brute";53,205870833333;Données Consolidées
2023/11/07;"Consommation brute";55,05814375;Données Consolidées
2023/11/08;"Consommation brute";56,77055;Données Consolidées
2023/11/09;"Consommation brute";56,263760416667;Données Consolidées
2023/11/10;"Consommation brute";57,405147916667;Données Consolidées
2023/11/11;"Consommation brute";51,119416666667;Données Consolidées
2023/11/12;"Consommation brute";49,311272916667;Données Consolidées
2023/11/13;"Consommation brute";52,518510416667;Données Consolidées
2023/11/14;"Consommation brute";52,69835;Données Consolidées
2023/11/15;"Consommation brute";52,894341666667;Données Consolidées
2023/11/16;"Consommation brute";55,367225;Données Consolidées
2023/11/17;"Consommation brute";54,895014583333;Données Consolidées
2023/11/18;"Consommation brute";50,695270833333;Données Consolidées
2023/11/19;"Consommation brute";46,57830625;Données Consolidées
2023/11/20;"Consommation brute";54,0738375;Données Consolidées
2023/11/21;"Consommation brute";55,067391666667;Données Consolidées
2023/11/22;"Consommation brute";57,081133333333;Données Consolidées
2023/11/23;"Consommation brute";59,4040375;Données Consolidées
2023/11/24;"Consommation brute";58,0289875;Données Consolidées
2023/11/25;"Consommation brute";56,961577083333;Données Consolidées
2023/11/26;"Consommation brute";58,246475;Données Consolidées
2023/11/27;"Consommation brute";64,201185416667;Données Consolidées
2023/11/28;"Consommation brute";63,419872916667;Données Consolidées
2023/11/29;"Consommation brute";66,019116666667;Données Consolidées
2023/11/30;"Consommation brute";64,86360625;Données Consolidées
2023/12/01;"Consommation brute";64,856775;Données Consolidées
2023/12/02;"Consommation brute";64,721354166667;Données Consolidées
2023/12/03;"Consommation brute";65,230297916667;Données Consolidées
2023/12/04;"Consommation brute";68,436104166667;Données Consolidées
2023/12/05;"Consommation brute";66,193479166667;Données Consolidées
2023/12/06;"Consommation brute";67,503460416667;Données Consolidées
2023/12/07;"Consommation brute";69,379845833333;Données Consolidées
2023/12/08;"Consommation brute";63,7317;Données Consolidées
2023/12/09;"Consommation brute";58,313675;Données Consolidées
2023/12/10;"Consommation brute";54,31770625;Données Consolidées
2023/12/11;"Consommation brute";57,303104166667;Données Consolidées
2023/12/12;"Consommation brute";57,317979166667;Données Consolidées
2023/12/13;"Consommation brute";59,246139583333;Données Consolidées
2023/12/14;"Consommation brute";61,837295833333;Données Consolidées
2023/12/15;"Consommation brute";60,870727083333;Données Consolidées
2023/12/16;"Consommation brute";58,20504375;Données Consolidées
2023/12/17;"Consommation brute";60,268516666667;Données Consolidées
2023/12/18;"Consommation brute";68,085310416667;Données Consolidées
2023/12/19;"Consommation brute";67,557895833333;Données Consolidées
2023/12/20;"Consommation brute";64,64511875;Données Consolidées
2023/12/21;"Consommation brute";61,907452083333;Données Consolidées
2023/12/22;"Consommation brute";57,87061875;Données Consolidées
2023/12/23;"Consommation brute";52,892808333333;Données Consolidées
2023/12/24;"Consommation brute";50,36820625;Données Consolidées
2023/12/25;"Consommation brute";48,64488125;Données Consolidées
2023/12/26;"Consommation brute";53,429341666667;Données Consolidées
2023/12/27;"Consommation brute";55,688252083333;Données Consolidées
2023/12/28;"Consommation brute";55,240029166667;Données Consolidées
2023/12/29;"Consommation brute";54,23278125;Données Consolidées
2023/12/30;"Consommation brute";51,405775;Données Consolidées
2023/12/31;"Consommation brute";52,0188;Données Consolidées
2019/01/01;"Enveloppe basse 2014 - 2019";53,963311020833;Données Consolidées
2019/01/02;"Enveloppe basse 2014 - 2019";64,602261104167;Données Consolidées
2019/01/03;"Enveloppe basse 2014 - 2019";64,143989291667;Données Consolidées
2019/01/04;"Enveloppe basse 2014 - 2019";63,327064145833;Données Consolidées
2019/01/05;"Enveloppe basse 2014 - 2019";64,430405229167;Données Consolidées
2019/01/06;"Enveloppe basse 2014 - 2019";65,930945583333;Données Consolidées
2019/01/07;"Enveloppe basse 2014 - 2019";57,976019666667;Données Consolidées
2019/01/08;"Enveloppe basse 2014 - 2019";57,753279375;Données Consolidées
2019/01/09;"Enveloppe basse 2014 - 2019";64,602261104167;Données Consolidées
2019/01/10;"Enveloppe basse 2014 - 2019";64,143989291667;Données Consolidées
2019/01/11;"Enveloppe basse 2014 - 2019";63,327064145833;Données Consolidées
2019/01/12;"Enveloppe basse 2014 - 2019";64,430405229167;Données Consolidées
2019/01/13;"Enveloppe basse 2014 - 2019";65,930945583333;Données Consolidées
2019/01/14;"Enveloppe basse 2014 - 2019";57,976019666667;Données Consolidées
2019/01/15;"Enveloppe basse 2014 - 2019";57,753279375;Données Consolidées
2019/01/16;"Enveloppe basse 2014 - 2019";66,626323916667;Données Consolidées
2019/01/17;"Enveloppe basse 2014 - 2019";68,489983020833;Données Consolidées
2019/01/18;"Enveloppe basse 2014 - 2019";68,6734694375;Données Consolidées
2019/01/19;"Enveloppe basse 2014 - 2019";68,799131395833;Données Consolidées
2019/01/20;"Enveloppe basse 2014 - 2019";67,636794458333;Données Consolidées
2019/01/21;"Enveloppe basse 2014 - 2019";62,108290666667;Données Consolidées
2019/01/22;"Enveloppe basse 2014 - 2019";59,203879208333;Données Consolidées
2019/01/23;"Enveloppe basse 2014 - 2019";64,330287291667;Données Consolidées
2019/01/24;"Enveloppe basse 2014 - 2019";65,4683058125;Données Consolidées
2019/01/25;"Enveloppe basse 2014 - 2019";63,975274270833;Données Consolidées
2019/01/26;"Enveloppe basse 2014 - 2019";65,488764958333;Données Consolidées
2019/01/27;"Enveloppe basse 2014 - 2019";66,793247270833;Données Consolidées
2019/01/28;"Enveloppe basse 2014 - 2019";61,414397916667;Données Consolidées
2019/01/29;"Enveloppe basse 2014 - 2019";56,785179875;Données Consolidées
2019/01/30;"Enveloppe basse 2014 - 2019";61,980709791667;Données Consolidées
2019/01/31;"Enveloppe basse 2014 - 2019";63,245277625;Données Consolidées
2019/02/01;"Enveloppe basse 2014 - 2019";66,420566520833;Données Consolidées
2019/02/02;"Enveloppe basse 2014 - 2019";66,170783979167;Données Consolidées
2019/02/03;"Enveloppe basse 2014 - 2019";65,281421166667;Données Consolidées
2019/02/04;"Enveloppe basse 2014 - 2019";58,723482479167;Données Consolidées
2019/02/05;"Enveloppe basse 2014 - 2019";56,754451166667;Données Consolidées
2019/02/06;"Enveloppe basse 2014 - 2019";65,181563270833;Données Consolidées
2019/02/07;"Enveloppe basse 2014 - 2019";67,378790416667;Données Consolidées
2019/02/08;"Enveloppe basse 2014 - 2019";70,411058020833;Données Consolidées
2019/02/09;"Enveloppe basse 2014 - 2019";70,675785979167;Données Consolidées
2019/02/10;"Enveloppe basse 2014 - 2019";67,357553729167;Données Consolidées
2019/02/11;"Enveloppe basse 2014 - 2019";62,889615354167;Données Consolidées
2019/02/12;"Enveloppe basse 2014 - 2019";59,3670035625;Données Consolidées
2019/02/13;"Enveloppe basse 2014 - 2019";68,4182406875;Données Consolidées
2019/02/14;"Enveloppe basse 2014 - 2019";67,136235770833;Données Consolidées
2019/02/15;"Enveloppe basse 2014 - 2019";64,199368854167;Données Consolidées
2019/02/16;"Enveloppe basse 2014 - 2019";63,875287291667;Données Consolidées
2019/02/17;"Enveloppe basse 2014 - 2019";63,890038791667;Données Consolidées
2019/02/18;"Enveloppe basse 2014 - 2019";59,358130479167;Données Consolidées
2019/02/19;"Enveloppe basse 2014 - 2019";56,407805583333;Données Consolidées
2019/02/20;"Enveloppe basse 2014 - 2019";63,330403916667;Données Consolidées
2019/02/21;"Enveloppe basse 2014 - 2019";63,011913395833;Données Consolidées
2019/02/22;"Enveloppe basse 2014 - 2019";62,595614895833;Données Consolidées
2019/02/23;"Enveloppe basse 2014 - 2019";63,324882270833;Données Consolidées
2019/02/24;"Enveloppe basse 2014 - 2019";62,440742833333;Données Consolidées
2019/02/25;"Enveloppe basse 2014 - 2019";55,393874291667;Données Consolidées
2019/02/26;"Enveloppe basse 2014 - 2019";53,957704479167;Données Consolidées
2019/02/27;"Enveloppe basse 2014 - 2019";60,712296458333;Données Consolidées
2019/02/28;"Enveloppe basse 2014 - 2019";60,399896520833;Données Consolidées
2019/03/01;"Enveloppe basse 2014 - 2019";59,056003708333;Données Consolidées
2019/03/02;"Enveloppe basse 2014 - 2019";59,219141270833;Données Consolidées
2019/03/03;"Enveloppe basse 2014 - 2019";59,938005270833;Données Consolidées
2019/03/04;"Enveloppe basse 2014 - 2019";54,98414975;Données Consolidées
2019/03/05;"Enveloppe basse 2014 - 2019";52,353266666667;Données Consolidées
2019/03/06;"Enveloppe basse 2014 - 2019";60,617327270833;Données Consolidées
2019/03/07;"Enveloppe basse 2014 - 2019";62,261009145833;Données Consolidées
2019/03/08;"Enveloppe basse 2014 - 2019";62,017952479167;Données Consolidées
2019/03/09;"Enveloppe basse 2014 - 2019";61,264970354167;Données Consolidées
2019/03/10;"Enveloppe basse 2014 - 2019";58,783294416667;Données Consolidées
2019/03/11;"Enveloppe basse 2014 - 2019";52,355383291667;Données Consolidées
2019/03/12;"Enveloppe basse 2014 - 2019";49,803506416667;Données Consolidées
2019/03/13;"Enveloppe basse 2014 - 2019";57,055131020833;Données Consolidées
2019/03/14;"Enveloppe basse 2014 - 2019";58,6561889375;Données Consolidées
2019/03/15;"Enveloppe basse 2014 - 2019";57,871098083333;Données Consolidées
2019/03/16;"Enveloppe basse 2014 - 2019";56,608466583333;Données Consolidées
2019/03/17;"Enveloppe basse 2014 - 2019";55,831157583333;Données Consolidées
2019/03/18;"Enveloppe basse 2014 - 2019";52,372908895833;Données Consolidées
2019/03/19;"Enveloppe basse 2014 - 2019";48,529332208333;Données Consolidées
2019/03/20;"Enveloppe basse 2014 - 2019";56,188524541667;Données Consolidées
2019/03/21;"Enveloppe basse 2014 - 2019";58,149647479167;Données Consolidées
2019/03/22;"Enveloppe basse 2014 - 2019";57,130382666667;Données Consolidées
2019/03/23;"Enveloppe basse 2014 - 2019";56,189970979167;Données Consolidées
2019/03/24;"Enveloppe basse 2014 - 2019";55,4852339375;Données Consolidées
2019/03/25;"Enveloppe basse 2014 - 2019";51,734602291667;Données Consolidées
2019/03/26;"Enveloppe basse 2014 - 2019";49,069530520833;Données Consolidées
2019/03/27;"Enveloppe basse 2014 - 2019";54,594434375;Données Consolidées
2019/03/28;"Enveloppe basse 2014 - 2019";54,089767479167;Données Consolidées
2019/03/29;"Enveloppe basse 2014 - 2019";53,214090541667;Données Consolidées
2019/03/30;"Enveloppe basse 2014 - 2019";51,809806583333;Données Consolidées
2019/03/31;"Enveloppe basse 2014 - 2019";50,497115479167;Données Consolidées
2019/04/01;"Enveloppe basse 2014 - 2019";47,1997084375;Données Consolidées
2019/04/02;"Enveloppe basse 2014 - 2019";45,953100604167;Données Consolidées
2019/04/03;"Enveloppe basse 2014 - 2019";52,144192;Données Consolidées
2019/04/04;"Enveloppe basse 2014 - 2019";52,617276104167;Données Consolidées
2019/04/05;"Enveloppe basse 2014 - 2019";53,079150916667;Données Consolidées
2019/04/06;"Enveloppe basse 2014 - 2019";54,026954958333;Données Consolidées
2019/04/07;"Enveloppe basse 2014 - 2019";53,263829020833;Données Consolidées
2019/04/08;"Enveloppe basse 2014 - 2019";45,947436416667;Données Consolidées
2019/04/09;"Enveloppe basse 2014 - 2019";41,904891083333;Données Consolidées
2019/04/10;"Enveloppe basse 2014 - 2019";41,391595895833;Données Consolidées
2019/04/11;"Enveloppe basse 2014 - 2019";50,5191159375;Données Consolidées
2019/04/12;"Enveloppe basse 2014 - 2019";51,2247916875;Données Consolidées
2019/04/13;"Enveloppe basse 2014 - 2019";51,311075145833;Données Consolidées
2019/04/14;"Enveloppe basse 2014 - 2019";50,284888645833;Données Consolidées
2019/04/15;"Enveloppe basse 2014 - 2019";46,02606075;Données Consolidées
2019/04/16;"Enveloppe basse 2014 - 2019";43,283204770833;Données Consolidées
2019/04/17;"Enveloppe basse 2014 - 2019";50,196726770833;Données Consolidées
2019/04/18;"Enveloppe basse 2014 - 2019";49,8269613125;Données Consolidées
2019/04/19;"Enveloppe basse 2014 - 2019";48,678050020833;Données Consolidées
2019/04/20;"Enveloppe basse 2014 - 2019";47,4962659375;Données Consolidées
2019/04/21;"Enveloppe basse 2014 - 2019";47,425948875;Données Consolidées
2019/04/22;"Enveloppe basse 2014 - 2019";42,011632541667;Données Consolidées
2019/04/23;"Enveloppe basse 2014 - 2019";39,219767895833;Données Consolidées
2019/04/24;"Enveloppe basse 2014 - 2019";45,668715666667;Données Consolidées
2019/04/25;"Enveloppe basse 2014 - 2019";47,0435563125;Données Consolidées
2019/04/26;"Enveloppe basse 2014 - 2019";47,8809488125;Données Consolidées
2019/04/27;"Enveloppe basse 2014 - 2019";48,730014520833;Données Consolidées
2019/04/28;"Enveloppe basse 2014 - 2019";48,698117708333;Données Consolidées
2019/04/29;"Enveloppe basse 2014 - 2019";43,333971208333;Données Consolidées
2019/04/30;"Enveloppe basse 2014 - 2019";41,209184083333;Données Consolidées
2019/05/01;"Enveloppe basse 2014 - 2019";43,108151375;Données Consolidées
2019/05/02;"Enveloppe basse 2014 - 2019";51,617602875;Données Consolidées
2019/05/03;"Enveloppe basse 2014 - 2019";51,845687458333;Données Consolidées
2019/05/04;"Enveloppe basse 2014 - 2019";50,047051770833;Données Consolidées
2019/05/05;"Enveloppe basse 2014 - 2019";44,591028625;Données Consolidées
2019/05/06;"Enveloppe basse 2014 - 2019";41,4217998125;Données Consolidées
2019/05/07;"Enveloppe basse 2014 - 2019";39,825534645833;Données Consolidées
2019/05/08;"Enveloppe basse 2014 - 2019";39,1805188125;Données Consolidées
2019/05/09;"Enveloppe basse 2014 - 2019";48,484245395833;Données Consolidées
2019/05/10;"Enveloppe basse 2014 - 2019";44,042623;Données Consolidées
2019/05/11;"Enveloppe basse 2014 - 2019";49,419634520833;Données Consolidées
2019/05/12;"Enveloppe basse 2014 - 2019";44,236738770833;Données Consolidées
2019/05/13;"Enveloppe basse 2014 - 2019";41,684460854167;Données Consolidées
2019/05/14;"Enveloppe basse 2014 - 2019";39,403916708333;Données Consolidées
2019/05/15;"Enveloppe basse 2014 - 2019";46,420858375;Données Consolidées
2019/05/16;"Enveloppe basse 2014 - 2019";47,447957979167;Données Consolidées
2019/05/17;"Enveloppe basse 2014 - 2019";47,566216916667;Données Consolidées
2019/05/18;"Enveloppe basse 2014 - 2019";41,172017166667;Données Consolidées
2019/05/19;"Enveloppe basse 2014 - 2019";45,137709604167;Données Consolidées
2019/05/20;"Enveloppe basse 2014 - 2019";42,436841645833;Données Consolidées
2019/05/21;"Enveloppe basse 2014 - 2019";39,4343288125;Données Consolidées
2019/05/22;"Enveloppe basse 2014 - 2019";46,623314833333;Données Consolidées
2019/05/23;"Enveloppe basse 2014 - 2019";46,641763208333;Données Consolidées
2019/05/24;"Enveloppe basse 2014 - 2019";47,139240291667;Données Consolidées
2019/05/25;"Enveloppe basse 2014 - 2019";47,374095979167;Données Consolidées
2019/05/26;"Enveloppe basse 2014 - 2019";43,2808956875;Données Consolidées
2019/05/27;"Enveloppe basse 2014 - 2019";41,0646845625;Données Consolidées
2019/05/28;"Enveloppe basse 2014 - 2019";38,620534229167;Données Consolidées
2019/05/29;"Enveloppe basse 2014 - 2019";39,868810125;Données Consolidées
2019/05/30;"Enveloppe basse 2014 - 2019";46,876453833333;Données Consolidées
2019/05/31;"Enveloppe basse 2014 - 2019";47,425179916667;Données Consolidées
2019/06/01;"Enveloppe basse 2014 - 2019";47,418214416667;Données Consolidées
2019/06/02;"Enveloppe basse 2014 - 2019";43,367239104167;Données Consolidées
2019/06/03;"Enveloppe basse 2014 - 2019";40,8998063125;Données Consolidées
2019/06/04;"Enveloppe basse 2014 - 2019";38,175478270833;Données Consolidées
2019/06/05;"Enveloppe basse 2014 - 2019";45,4764540625;Données Consolidées
2019/06/06;"Enveloppe basse 2014 - 2019";46,34015925;Données Consolidées
2019/06/07;"Enveloppe basse 2014 - 2019";46,823726666667;Données Consolidées
2019/06/08;"Enveloppe basse 2014 - 2019";46,826583125;Données Consolidées
2019/06/09;"Enveloppe basse 2014 - 2019";46,169793041667;Données Consolidées
2019/06/10;"Enveloppe basse 2014 - 2019";40,976947145833;Données Consolidées
2019/06/11;"Enveloppe basse 2014 - 2019";38,558500979167;Données Consolidées
2019/06/12;"Enveloppe basse 2014 - 2019";45,939796083333;Données Consolidées
2019/06/13;"Enveloppe basse 2014 - 2019";46,721915333333;Données Consolidées
2019/06/14;"Enveloppe basse 2014 - 2019";46,619391854167;Données Consolidées
2019/06/15;"Enveloppe basse 2014 - 2019";47,033190291667;Données Consolidées
2019/06/16;"Enveloppe basse 2014 - 2019";46,74871775;Données Consolidées
2019/06/17;"Enveloppe basse 2014 - 2019";41,371909125;Données Consolidées
2019/06/18;"Enveloppe basse 2014 - 2019";38,341141125;Données Consolidées
2019/06/19;"Enveloppe basse 2014 - 2019";45,691413645833;Données Consolidées
2019/06/20;"Enveloppe basse 2014 - 2019";47,2627198125;Données Consolidées
2019/06/21;"Enveloppe basse 2014 - 2019";47,242252916667;Données Consolidées
2019/06/22;"Enveloppe basse 2014 - 2019";46,908344770833;Données Consolidées
2019/06/23;"Enveloppe basse 2014 - 2019";46,250624520833;Données Consolidées
2019/06/24;"Enveloppe basse 2014 - 2019";40,981984375;Données Consolidées
2019/06/25;"Enveloppe basse 2014 - 2019";38,674145604167;Données Consolidées
2019/06/26;"Enveloppe basse 2014 - 2019";46,063264145833;Données Consolidées
2019/06/27;"Enveloppe basse 2014 - 2019";47,5457015;Données Consolidées
2019/06/28;"Enveloppe basse 2014 - 2019";47,9284548125;Données Consolidées
2019/06/29;"Enveloppe basse 2014 - 2019";47,279151416667;Données Consolidées
2019/06/30;"Enveloppe basse 2014 - 2019";46,743495458333;Données Consolidées
2019/07/01;"Enveloppe basse 2014 - 2019";41,905971270833;Données Consolidées
2019/07/02;"Enveloppe basse 2014 - 2019";38,829494520833;Données Consolidées
2019/07/03;"Enveloppe basse 2014 - 2019";46,074151541667;Données Consolidées
2019/07/04;"Enveloppe basse 2014 - 2019";47,846173104167;Données Consolidées
2019/07/05;"Enveloppe basse 2014 - 2019";48,108145604167;Données Consolidées
2019/07/06;"Enveloppe basse 2014 - 2019";48,567747833333;Données Consolidées
2019/07/07;"Enveloppe basse 2014 - 2019";47,993363729167;Données Consolidées
2019/07/08;"Enveloppe basse 2014 - 2019";42,232165208333;Données Consolidées
2019/07/09;"Enveloppe basse 2014 - 2019";39,137081666667;Données Consolidées
2019/07/10;"Enveloppe basse 2014 - 2019";46,241582145833;Données Consolidées
2019/07/11;"Enveloppe basse 2014 - 2019";47,647277708333;Données Consolidées
2019/07/12;"Enveloppe basse 2014 - 2019";47,334966041667;Données Consolidées
2019/07/13;"Enveloppe basse 2014 - 2019";48,229225916667;Données Consolidées
2019/07/14;"Enveloppe basse 2014 - 2019";39,39584325;Données Consolidées
2019/07/15;"Enveloppe basse 2014 - 2019";41,166260395833;Données Consolidées
2019/07/16;"Enveloppe basse 2014 - 2019";38,94778775;Données Consolidées
2019/07/17;"Enveloppe basse 2014 - 2019";44,466110375;Données Consolidées
2019/07/18;"Enveloppe basse 2014 - 2019";47,072089583333;Données Consolidées
2019/07/19;"Enveloppe basse 2014 - 2019";48,346875229167;Données Consolidées
2019/07/20;"Enveloppe basse 2014 - 2019";48,325291666667;Données Consolidées
2019/07/21;"Enveloppe basse 2014 - 2019";47,586955875;Données Consolidées
2019/07/22;"Enveloppe basse 2014 - 2019";42,137560041667;Données Consolidées
2019/07/23;"Enveloppe basse 2014 - 2019";39,145898270833;Données Consolidées
2019/07/24;"Enveloppe basse 2014 - 2019";45,94623925;Données Consolidées
2019/07/25;"Enveloppe basse 2014 - 2019";46,9546961875;Données Consolidées
2019/07/26;"Enveloppe basse 2014 - 2019";47,246552979167;Données Consolidées
2019/07/27;"Enveloppe basse 2014 - 2019";47,213744791667;Données Consolidées
2019/07/28;"Enveloppe basse 2014 - 2019";46,264957666667;Données Consolidées
2019/07/29;"Enveloppe basse 2014 - 2019";41,281408416667;Données Consolidées
2019/07/30;"Enveloppe basse 2014 - 2019";37,708472625;Données Consolidées
2019/07/31;"Enveloppe basse 2014 - 2019";43,091961916667;Données Consolidées
2019/08/01;"Enveloppe basse 2014 - 2019";44,1878758125;Données Consolidées
2019/08/02;"Enveloppe basse 2014 - 2019";44,5909035625;Données Consolidées
2019/08/03;"Enveloppe basse 2014 - 2019";44,337760125;Données Consolidées
2019/08/04;"Enveloppe basse 2014 - 2019";42,962510895833;Données Consolidées
2019/08/05;"Enveloppe basse 2014 - 2019";39,2533111875;Données Consolidées
2019/08/06;"Enveloppe basse 2014 - 2019";36,793101520833;Données Consolidées
2019/08/07;"Enveloppe basse 2014 - 2019";41,674384416667;Données Consolidées
2019/08/08;"Enveloppe basse 2014 - 2019";42,392637020833;Données Consolidées
2019/08/09;"Enveloppe basse 2014 - 2019";41,956644854167;Données Consolidées
2019/08/10;"Enveloppe basse 2014 - 2019";41,9106183125;Données Consolidées
2019/08/11;"Enveloppe basse 2014 - 2019";41,705565041667;Données Consolidées
2019/08/12;"Enveloppe basse 2014 - 2019";38,5595745625;Données Consolidées
2019/08/13;"Enveloppe basse 2014 - 2019";36,505780270833;Données Consolidées
2019/08/14;"Enveloppe basse 2014 - 2019";40,099465125;Données Consolidées
2019/08/15;"Enveloppe basse 2014 - 2019";37,200742645833;Données Consolidées
2019/08/16;"Enveloppe basse 2014 - 2019";41,250705791667;Données Consolidées
2019/08/17;"Enveloppe basse 2014 - 2019";41,092724229167;Données Consolidées
2019/08/18;"Enveloppe basse 2014 - 2019";40,085658729167;Données Consolidées
2019/08/19;"Enveloppe basse 2014 - 2019";37,449517395833;Données Consolidées
2019/08/20;"Enveloppe basse 2014 - 2019";35,487096895833;Données Consolidées
2019/08/21;"Enveloppe basse 2014 - 2019";40,793618875;Données Consolidées
2019/08/22;"Enveloppe basse 2014 - 2019";42,094029041667;Données Consolidées
2019/08/23;"Enveloppe basse 2014 - 2019";42,5635425;Données Consolidées
2019/08/24;"Enveloppe basse 2014 - 2019";43,149096020833;Données Consolidées
2019/08/25;"Enveloppe basse 2014 - 2019";43,468529583333;Données Consolidées
2019/08/26;"Enveloppe basse 2014 - 2019";39,841043041667;Données Consolidées
2019/08/27;"Enveloppe basse 2014 - 2019";37,163410770833;Données Consolidées
2019/08/28;"Enveloppe basse 2014 - 2019";43,758436354167;Données Consolidées
2019/08/29;"Enveloppe basse 2014 - 2019";45,055127604167;Données Consolidées
2019/08/30;"Enveloppe basse 2014 - 2019";46,089653916667;Données Consolidées
2019/08/31;"Enveloppe basse 2014 - 2019";46,8053535625;Données Consolidées
2019/09/01;"Enveloppe basse 2014 - 2019";46,3479225625;Données Consolidées
2019/09/02;"Enveloppe basse 2014 - 2019";41,2770223125;Données Consolidées
2019/09/03;"Enveloppe basse 2014 - 2019";38,564985791667;Données Consolidées
2019/09/04;"Enveloppe basse 2014 - 2019";45,275865770833;Données Consolidées
2019/09/05;"Enveloppe basse 2014 - 2019";46,685581708333;Données Consolidées
2019/09/06;"Enveloppe basse 2014 - 2019";47,0149798125;Données Consolidées
2019/09/07;"Enveloppe basse 2014 - 2019";46,632857833333;Données Consolidées
2019/09/08;"Enveloppe basse 2014 - 2019";46,09103075;Données Consolidées
2019/09/09;"Enveloppe basse 2014 - 2019";40,953145229167;Données Consolidées
2019/09/10;"Enveloppe basse 2014 - 2019";39,033255604167;Données Consolidées
2019/09/11;"Enveloppe basse 2014 - 2019";46,000578625;Données Consolidées
2019/09/12;"Enveloppe basse 2014 - 2019";47,004868583333;Données Consolidées
2019/09/13;"Enveloppe basse 2014 - 2019";47,18765475;Données Consolidées
2019/09/14;"Enveloppe basse 2014 - 2019";47,231059604167;Données Consolidées
2019/09/15;"Enveloppe basse 2014 - 2019";46,633358229167;Données Consolidées
2019/09/16;"Enveloppe basse 2014 - 2019";41,414046166667;Données Consolidées
2019/09/17;"Enveloppe basse 2014 - 2019";39,195414854167;Données Consolidées
2019/09/18;"Enveloppe basse 2014 - 2019";46,111104625;Données Consolidées
2019/09/19;"Enveloppe basse 2014 - 2019";47,078109;Données Consolidées
2019/09/20;"Enveloppe basse 2014 - 2019";46,91586975;Données Consolidées
2019/09/21;"Enveloppe basse 2014 - 2019";46,8000680625;Données Consolidées
2019/09/22;"Enveloppe basse 2014 - 2019";46,410729375;Données Consolidées
2019/09/23;"Enveloppe basse 2014 - 2019";41,28633825;Données Consolidées
2019/09/24;"Enveloppe basse 2014 - 2019";38,796801083333;Données Consolidées
2019/09/25;"Enveloppe basse 2014 - 2019";45,127884666667;Données Consolidées
2019/09/26;"Enveloppe basse 2014 - 2019";46,490207333333;Données Consolidées
2019/09/27;"Enveloppe basse 2014 - 2019";47,217294729167;Données Consolidées
2019/09/28;"Enveloppe basse 2014 - 2019";47,601847604167;Données Consolidées
2019/09/29;"Enveloppe basse 2014 - 2019";46,7857326875;Données Consolidées
2019/09/30;"Enveloppe basse 2014 - 2019";41,706999208333;Données Consolidées
2019/10/01;"Enveloppe basse 2014 - 2019";39,562119354167;Données Consolidées
2019/10/02;"Enveloppe basse 2014 - 2019";46,4503250625;Données Consolidées
2019/10/03;"Enveloppe basse 2014 - 2019";47,734992270833;Données Consolidées
2019/10/04;"Enveloppe basse 2014 - 2019";48,107159354167;Données Consolidées
2019/10/05;"Enveloppe basse 2014 - 2019";48,741733104167;Données Consolidées
2019/10/06;"Enveloppe basse 2014 - 2019";48,101628479167;Données Consolidées
2019/10/07;"Enveloppe basse 2014 - 2019";42,388178791667;Données Consolidées
2019/10/08;"Enveloppe basse 2014 - 2019";40,195996604167;Données Consolidées
2019/10/09;"Enveloppe basse 2014 - 2019";48,609762479167;Données Consolidées
2019/10/10;"Enveloppe basse 2014 - 2019";49,465780958333;Données Consolidées
2019/10/11;"Enveloppe basse 2014 - 2019";49,149195729167;Données Consolidées
2019/10/12;"Enveloppe basse 2014 - 2019";48,657190708333;Données Consolidées
2019/10/13;"Enveloppe basse 2014 - 2019";47,990679520833;Données Consolidées
2019/10/14;"Enveloppe basse 2014 - 2019";42,294644895833;Données Consolidées
2019/10/15;"Enveloppe basse 2014 - 2019";39,982467416667;Données Consolidées
2019/10/16;"Enveloppe basse 2014 - 2019";46,964264520833;Données Consolidées
2019/10/17;"Enveloppe basse 2014 - 2019";48,2826616875;Données Consolidées
2019/10/18;"Enveloppe basse 2014 - 2019";48,736951458333;Données Consolidées
2019/10/19;"Enveloppe basse 2014 - 2019";48,7508509375;Données Consolidées
2019/10/20;"Enveloppe basse 2014 - 2019";48,603835979167;Données Consolidées
2019/10/21;"Enveloppe basse 2014 - 2019";43,579670020833;Données Consolidées
2019/10/22;"Enveloppe basse 2014 - 2019";40,156194354167;Données Consolidées
2019/10/23;"Enveloppe basse 2014 - 2019";48,026162270833;Données Consolidées
2019/10/24;"Enveloppe basse 2014 - 2019";50,635905791667;Données Consolidées
2019/10/25;"Enveloppe basse 2014 - 2019";51,5464525;Données Consolidées
2019/10/26;"Enveloppe basse 2014 - 2019";51,795382;Données Consolidées
2019/10/27;"Enveloppe basse 2014 - 2019";51,167647208333;Données Consolidées
2019/10/28;"Enveloppe basse 2014 - 2019";45,503897875;Données Consolidées
2019/10/29;"Enveloppe basse 2014 - 2019";43,53515714;Données Consolidées
2019/10/30;"Enveloppe basse 2014 - 2019";51,299012583333;Données Consolidées
2019/10/31;"Enveloppe basse 2014 - 2019";53,514297416667;Données Consolidées
2019/11/01;"Enveloppe basse 2014 - 2019";44,898724020833;Données Consolidées
2019/11/02;"Enveloppe basse 2014 - 2019";52,558813083333;Données Consolidées
2019/11/03;"Enveloppe basse 2014 - 2019";51,1869254375;Données Consolidées
2019/11/04;"Enveloppe basse 2014 - 2019";46,6919325;Données Consolidées
2019/11/05;"Enveloppe basse 2014 - 2019";43,935912104167;Données Consolidées
2019/11/06;"Enveloppe basse 2014 - 2019";53,121458979167;Données Consolidées
2019/11/07;"Enveloppe basse 2014 - 2019";56,002937604167;Données Consolidées
2019/11/08;"Enveloppe basse 2014 - 2019";55,761100458333;Données Consolidées
2019/11/09;"Enveloppe basse 2014 - 2019";54,9777854375;Données Consolidées
2019/11/10;"Enveloppe basse 2014 - 2019";53,448980854167;Données Consolidées
2019/11/11;"Enveloppe basse 2014 - 2019";48,769790145833;Données Consolidées
2019/11/12;"Enveloppe basse 2014 - 2019";44,095341666667;Données Consolidées
2019/11/13;"Enveloppe basse 2014 - 2019";51,315726520833;Données Consolidées
2019/11/14;"Enveloppe basse 2014 - 2019";53,499631041667;Données Consolidées
2019/11/15;"Enveloppe basse 2014 - 2019";58,286680854167;Données Consolidées
2019/11/16;"Enveloppe basse 2014 - 2019";55,032936854167;Données Consolidées
2019/11/17;"Enveloppe basse 2014 - 2019";55,99306425;Données Consolidées
2019/11/18;"Enveloppe basse 2014 - 2019";52,0864731875;Données Consolidées
2019/11/19;"Enveloppe basse 2014 - 2019";48,682688604167;Données Consolidées
2019/11/20;"Enveloppe basse 2014 - 2019";56,230677104167;Données Consolidées
2019/11/21;"Enveloppe basse 2014 - 2019";57,070344583333;Données Consolidées
2019/11/22;"Enveloppe basse 2014 - 2019";55,781629333333;Données Consolidées
2019/11/23;"Enveloppe basse 2014 - 2019";56,212288875;Données Consolidées
2019/11/24;"Enveloppe basse 2014 - 2019";56,713994854167;Données Consolidées
2019/11/25;"Enveloppe basse 2014 - 2019";54,1505295;Données Consolidées
2019/11/26;"Enveloppe basse 2014 - 2019";50,306613895833;Données Consolidées
2019/11/27;"Enveloppe basse 2014 - 2019";58,614632645833;Données Consolidées
2019/11/28;"Enveloppe basse 2014 - 2019";60,959781666667;Données Consolidées
2019/11/29;"Enveloppe basse 2014 - 2019";60,732892708333;Données Consolidées
2019/11/30;"Enveloppe basse 2014 - 2019";60,760671833333;Données Consolidées
2019/12/01;"Enveloppe basse 2014 - 2019";59,6188733125;Données Consolidées
2019/12/02;"Enveloppe basse 2014 - 2019";54,123849458333;Données Consolidées
2019/12/03;"Enveloppe basse 2014 - 2019";53,829227520833;Données Consolidées
2019/12/04;"Enveloppe basse 2014 - 2019";59,125629395833;Données Consolidées
2019/12/05;"Enveloppe basse 2014 - 2019";60,307948125;Données Consolidées
2019/12/06;"Enveloppe basse 2014 - 2019";62,123132770833;Données Consolidées
2019/12/07;"Enveloppe basse 2014 - 2019";60,852388145833;Données Consolidées
2019/12/08;"Enveloppe basse 2014 - 2019";61,042233479167;Données Consolidées
2019/12/09;"Enveloppe basse 2014 - 2019";58,252956208333;Données Consolidées
2019/12/10;"Enveloppe basse 2014 - 2019";55,706065375;Données Consolidées
2019/12/11;"Enveloppe basse 2014 - 2019";61,470793020833;Données Consolidées
2019/12/12;"Enveloppe basse 2014 - 2019";63,555456520833;Données Consolidées
2019/12/13;"Enveloppe basse 2014 - 2019";64,7981364375;Données Consolidées
2019/12/14;"Enveloppe basse 2014 - 2019";69,170145229167;Données Consolidées
2019/12/15;"Enveloppe basse 2014 - 2019";67,9112511875;Données Consolidées
2019/12/16;"Enveloppe basse 2014 - 2019";60,344626083333;Données Consolidées
2019/12/17;"Enveloppe basse 2014 - 2019";56,790358520833;Données Consolidées
2019/12/18;"Enveloppe basse 2014 - 2019";62,974492895833;Données Consolidées
2019/12/19;"Enveloppe basse 2014 - 2019";61,503664729167;Données Consolidées
2019/12/20;"Enveloppe basse 2014 - 2019";61,911325416667;Données Consolidées
2019/12/21;"Enveloppe basse 2014 - 2019";60,527337833333;Données Consolidées
2019/12/22;"Enveloppe basse 2014 - 2019";59,565501770833;Données Consolidées
2019/12/23;"Enveloppe basse 2014 - 2019";54,332644979167;Données Consolidées
2019/12/24;"Enveloppe basse 2014 - 2019";52,033466395833;Données Consolidées
2019/12/25;"Enveloppe basse 2014 - 2019";48,568423520833;Données Consolidées
2019/12/26;"Enveloppe basse 2014 - 2019";56,0865170625;Données Consolidées
2019/12/27;"Enveloppe basse 2014 - 2019";57,8326;Données Consolidées
2019/12/28;"Enveloppe basse 2014 - 2019";54,8890960625;Données Consolidées
2019/12/29;"Enveloppe basse 2014 - 2019";57,98109525;Données Consolidées
2019/12/30;"Enveloppe basse 2014 - 2019";50,882496333333;Données Consolidées
2019/12/31;"Enveloppe basse 2014 - 2019";51,289025020833;Données Consolidées
2019/01/01;"Enveloppe basse 2014 - 2019";60,688159958333;Données Consolidées
2019/01/02;"Enveloppe basse 2014 - 2019";68,045749541667;Données Consolidées
2019/01/03;"Enveloppe basse 2014 - 2019";73,021240020833;Données Consolidées
2019/01/04;"Enveloppe basse 2014 - 2019";73,717978791667;Données Consolidées
2019/01/05;"Enveloppe basse 2014 - 2019";75,1688961875;Données Consolidées
2019/01/06;"Enveloppe basse 2014 - 2019";74,136818395833;Données Consolidées
2019/01/07;"Enveloppe basse 2014 - 2019";67,963733604167;Données Consolidées
2019/01/08;"Enveloppe basse 2014 - 2019";65,6913979375;Données Consolidées
2019/01/09;"Enveloppe basse 2014 - 2019";71,84687425;Données Consolidées
2019/01/10;"Enveloppe basse 2014 - 2019";73,635899895833;Données Consolidées
2019/01/11;"Enveloppe basse 2014 - 2019";73,574591291667;Données Consolidées
2019/01/12;"Enveloppe basse 2014 - 2019";74,377997708333;Données Consolidées
2019/01/13;"Enveloppe basse 2014 - 2019";74,350241416667;Données Consolidées
2019/01/14;"Enveloppe basse 2014 - 2019";67,700552354167;Données Consolidées
2019/01/15;"Enveloppe basse 2014 - 2019";65,390114604167;Données Consolidées
2019/01/16;"Enveloppe basse 2014 - 2019";73,37826975;Données Consolidées
2019/01/17;"Enveloppe basse 2014 - 2019";74,301410979167;Données Consolidées
2019/01/18;"Enveloppe basse 2014 - 2019";73,8892301875;Données Consolidées
2019/01/19;"Enveloppe basse 2014 - 2019";73,688659395833;Données Consolidées
2019/01/20;"Enveloppe basse 2014 - 2019";73,143675020833;Données Consolidées
2019/01/21;"Enveloppe basse 2014 - 2019";66,277919979167;Données Consolidées
2019/01/22;"Enveloppe basse 2014 - 2019";63,979343791667;Données Consolidées
2019/01/23;"Enveloppe basse 2014 - 2019";71,8594819375;Données Consolidées
2019/01/24;"Enveloppe basse 2014 - 2019";72,880668333333;Données Consolidées
2019/01/25;"Enveloppe basse 2014 - 2019";72,927447166667;Données Consolidées
2019/01/26;"Enveloppe basse 2014 - 2019";73,251663770833;Données Consolidées
2019/01/27;"Enveloppe basse 2014 - 2019";72,8260889375;Données Consolidées
2019/01/28;"Enveloppe basse 2014 - 2019";66,332802833333;Données Consolidées
2019/01/29;"Enveloppe basse 2014 - 2019";63,4886755;Données Consolidées
2019/01/30;"Enveloppe basse 2014 - 2019";71,289048520833;Données Consolidées
2019/01/31;"Enveloppe basse 2014 - 2019";71,672593541667;Données Consolidées
2019/02/01;"Enveloppe basse 2014 - 2019";71,9345394375;Données Consolidées
2019/02/02;"Enveloppe basse 2014 - 2019";71,816814875;Données Consolidées
2019/02/03;"Enveloppe basse 2014 - 2019";71,458752854167;Données Consolidées
2019/02/04;"Enveloppe basse 2014 - 2019";65,366726708333;Données Consolidées
2019/02/05;"Enveloppe basse 2014 - 2019";62,9567920625;Données Consolidées
2019/02/06;"Enveloppe basse 2014 - 2019";70,472781583333;Données Consolidées
2019/02/07;"Enveloppe basse 2014 - 2019";71,360858125;Données Consolidées
2019/02/08;"Enveloppe basse 2014 - 2019";71,44366625;Données Consolidées
2019/02/09;"Enveloppe basse 2014 - 2019";71,243771395833;Données Consolidées
2019/02/10;"Enveloppe basse 2014 - 2019";70,688636625;Données Consolidées
2019/02/11;"Enveloppe basse 2014 - 2019";65,040889625;Données Consolidées
2019/02/12;"Enveloppe basse 2014 - 2019";61,8090098125;Données Consolidées
2019/02/13;"Enveloppe basse 2014 - 2019";69,8639633125;Données Consolidées
2019/02/14;"Enveloppe basse 2014 - 2019";70,793815291667;Données Consolidées
2019/02/15;"Enveloppe basse 2014 - 2019";70,016206416667;Données Consolidées
2019/02/16;"Enveloppe basse 2014 - 2019";69,501873875;Données Consolidées
2019/02/17;"Enveloppe basse 2014 - 2019";68,570855458333;Données Consolidées
2019/02/18;"Enveloppe basse 2014 - 2019";62,559938083333;Données Consolidées
2019/02/19;"Enveloppe basse 2014 - 2019";59,036984083333;Données Consolidées
2019/02/20;"Enveloppe basse 2014 - 2019";67,284305979167;Données Consolidées
2019/02/21;"Enveloppe basse 2014 - 2019";67,9887878125;Données Consolidées
2019/02/22;"Enveloppe basse 2014 - 2019";67,959073020833;Données Consolidées
2019/02/23;"Enveloppe basse 2014 - 2019";67,411854270833;Données Consolidées
2019/02/24;"Enveloppe basse 2014 - 2019";66,320834333333;Données Consolidées
2019/02/25;"Enveloppe basse 2014 - 2019";61,109356229167;Données Consolidées
2019/02/26;"Enveloppe basse 2014 - 2019";58,92038125;Données Consolidées
2019/02/27;"Enveloppe basse 2014 - 2019";66,641049354167;Données Consolidées
2019/02/28;"Enveloppe basse 2014 - 2019";67,701279854167;Données Consolidées
2019/03/01;"Enveloppe basse 2014 - 2019";67,608303708333;Données Consolidées
2019/03/02;"Enveloppe basse 2014 - 2019";66,879728770833;Données Consolidées
2019/03/03;"Enveloppe basse 2014 - 2019";66,355660854167;Données Consolidées
2019/03/04;"Enveloppe basse 2014 - 2019";59,8420165625;Données Consolidées
2019/03/05;"Enveloppe basse 2014 - 2019";56,832136229167;Données Consolidées
2019/03/06;"Enveloppe basse 2014 - 2019";63,5641441875;Données Consolidées
2019/03/07;"Enveloppe basse 2014 - 2019";63,962190604167;Données Consolidées
2019/03/08;"Enveloppe basse 2014 - 2019";64,814803729167;Données Consolidées
2019/03/09;"Enveloppe basse 2014 - 2019";65,193855145833;Données Consolidées
2019/03/10;"Enveloppe basse 2014 - 2019";64,191059208333;Données Consolidées
2019/03/11;"Enveloppe basse 2014 - 2019";58,287165208333;Données Consolidées
2019/03/12;"Enveloppe basse 2014 - 2019";55,292111645833;Données Consolidées
2019/03/13;"Enveloppe basse 2014 - 2019";62,428952583333;Données Consolidées
2019/03/14;"Enveloppe basse 2014 - 2019";62,78963075;Données Consolidées
2019/03/15;"Enveloppe basse 2014 - 2019";63,111242208333;Données Consolidées
2019/03/16;"Enveloppe basse 2014 - 2019";63,350411041667;Données Consolidées
2019/03/17;"Enveloppe basse 2014 - 2019";61,670026333333;Données Consolidées
2019/03/18;"Enveloppe basse 2014 - 2019";56,0312745625;Données Consolidées
2019/03/19;"Enveloppe basse 2014 - 2019";52,888830604167;Données Consolidées
2019/03/20;"Enveloppe basse 2014 - 2019";60,2964653125;Données Consolidées
2019/03/21;"Enveloppe basse 2014 - 2019";61,422618729167;Données Consolidées
2019/03/22;"Enveloppe basse 2014 - 2019";61,512118854167;Données Consolidées
2019/03/23;"Enveloppe basse 2014 - 2019";61,0678311875;Données Consolidées
2019/03/24;"Enveloppe basse 2014 - 2019";60,477361041667;Données Consolidées
2019/03/25;"Enveloppe basse 2014 - 2019";54,427238509964;Données Consolidées
2019/03/26;"Enveloppe basse 2014 - 2019";51,427999054348;Données Consolidées
2019/03/27;"Enveloppe basse 2014 - 2019";58,183072708333;Données Consolidées
2019/03/28;"Enveloppe basse 2014 - 2019";59,154594833333;Données Consolidées
2019/03/29;"Enveloppe basse 2014 - 2019";58,9409854375;Données Consolidées
2019/03/30;"Enveloppe basse 2014 - 2019";58,559690895833;Données Consolidées
2019/03/31;"Enveloppe basse 2014 - 2019";57,506096729167;Données Consolidées
2019/04/01;"Enveloppe basse 2014 - 2019";51,648768854167;Données Consolidées
2019/04/02;"Enveloppe basse 2014 - 2019";49,105594354167;Données Consolidées
2019/04/03;"Enveloppe basse 2014 - 2019";56,350319083333;Données Consolidées
2019/04/04;"Enveloppe basse 2014 - 2019";57,011305270833;Données Consolidées
2019/04/05;"Enveloppe basse 2014 - 2019";56,655978;Données Consolidées
2019/04/06;"Enveloppe basse 2014 - 2019";56,011004291667;Données Consolidées
2019/04/07;"Enveloppe basse 2014 - 2019";55,162698729167;Données Consolidées
2019/04/08;"Enveloppe basse 2014 - 2019";49,858736416667;Données Consolidées
2019/04/09;"Enveloppe basse 2014 - 2019";46,927468166667;Données Consolidées
2019/04/10;"Enveloppe basse 2014 - 2019";42,723430270833;Données Consolidées
2019/04/11;"Enveloppe basse 2014 - 2019";53,9162284375;Données Consolidées
2019/04/12;"Enveloppe basse 2014 - 2019";54,0168916875;Données Consolidées
2019/04/13;"Enveloppe basse 2014 - 2019";53,9109168125;Données Consolidées
2019/04/14;"Enveloppe basse 2014 - 2019";52,709271979167;Données Consolidées
2019/04/15;"Enveloppe basse 2014 - 2019";47,447586604167;Données Consolidées
2019/04/16;"Enveloppe basse 2014 - 2019";44,336961020833;Données Consolidées
2019/04/17;"Enveloppe basse 2014 - 2019";51,400925895833;Données Consolidées
2019/04/18;"Enveloppe basse 2014 - 2019";51,3929576875;Données Consolidées
2019/04/19;"Enveloppe basse 2014 - 2019";51,841274020833;Données Consolidées
2019/04/20;"Enveloppe basse 2014 - 2019";51,0260159375;Données Consolidées
2019/04/21;"Enveloppe basse 2014 - 2019";50,641621791667;Données Consolidées
2019/04/22;"Enveloppe basse 2014 - 2019";44,878299208333;Données Consolidées
2019/04/23;"Enveloppe basse 2014 - 2019";41,8844720625;Données Consolidées
2019/04/24;"Enveloppe basse 2014 - 2019";48,440088583333;Données Consolidées
2019/04/25;"Enveloppe basse 2014 - 2019";49,5731595625;Données Consolidées
2019/04/26;"Enveloppe basse 2014 - 2019";49,117355125;Données Consolidées
2019/04/27;"Enveloppe basse 2014 - 2019";49,110683229167;Données Consolidées
2019/04/28;"Enveloppe basse 2014 - 2019";48,8152716875;Données Consolidées
2019/04/29;"Enveloppe basse 2014 - 2019";43,3175805625;Données Consolidées
2019/04/30;"Enveloppe basse 2014 - 2019";41,149771;Données Consolidées
2019/05/01;"Enveloppe basse 2014 - 2019";40,434928479167;Données Consolidées
2019/05/02;"Enveloppe basse 2014 - 2019";48,203903979167;Données Consolidées
2019/05/03;"Enveloppe basse 2014 - 2019";47,99271125;Données Consolidées
2019/05/04;"Enveloppe basse 2014 - 2019";47,212791354167;Données Consolidées
2019/05/05;"Enveloppe basse 2014 - 2019";44,714947375;Données Consolidées
2019/05/06;"Enveloppe basse 2014 - 2019";42,011078979167;Données Consolidées
2019/05/07;"Enveloppe basse 2014 - 2019";39,930698916667;Données Consolidées
2019/05/08;"Enveloppe basse 2014 - 2019";39,8329000625;Données Consolidées
2019/05/09;"Enveloppe basse 2014 - 2019";46,845636270833;Données Consolidées
2019/05/10;"Enveloppe basse 2014 - 2019";44,555225083333;Données Consolidées
2019/05/11;"Enveloppe basse 2014 - 2019";47,644903229167;Données Consolidées
2019/05/12;"Enveloppe basse 2014 - 2019";44,0854866875;Données Consolidées
2019/05/13;"Enveloppe basse 2014 - 2019";41,696840020833;Données Consolidées
2019/05/14;"Enveloppe basse 2014 - 2019";38,881335270833;Données Consolidées
2019/05/15;"Enveloppe basse 2014 - 2019";46,508917333333;Données Consolidées
2019/05/16;"Enveloppe basse 2014 - 2019";47,1174091875;Données Consolidées
2019/05/17;"Enveloppe basse 2014 - 2019";47,629335604167;Données Consolidées
2019/05/18;"Enveloppe basse 2014 - 2019";40,948604666667;Données Consolidées
2019/05/19;"Enveloppe basse 2014 - 2019";44,0181991875;Données Consolidées
2019/05/20;"Enveloppe basse 2014 - 2019";41,6233664375;Données Consolidées
2019/05/21;"Enveloppe basse 2014 - 2019";39,131155895833;Données Consolidées
2019/05/22;"Enveloppe basse 2014 - 2019";46,6102565;Données Consolidées
2019/05/23;"Enveloppe basse 2014 - 2019";46,590650708333;Données Consolidées
2019/05/24;"Enveloppe basse 2014 - 2019";47,098848625;Données Consolidées
2019/05/25;"Enveloppe basse 2014 - 2019";46,997604041667;Données Consolidées
2019/05/26;"Enveloppe basse 2014 - 2019";42,8539081875;Données Consolidées
2019/05/27;"Enveloppe basse 2014 - 2019";40,486261645833;Données Consolidées
2019/05/28;"Enveloppe basse 2014 - 2019";38,204121416667;Données Consolidées
2019/05/29;"Enveloppe basse 2014 - 2019";39,530953354167;Données Consolidées
2019/05/30;"Enveloppe basse 2014 - 2019";46,52087675;Données Consolidées
2019/05/31;"Enveloppe basse 2014 - 2019";46,9283799375;Données Consolidées
2019/06/01;"Enveloppe basse 2014 - 2019";47,181737333333;Données Consolidées
2019/06/02;"Enveloppe basse 2014 - 2019";43,2124599375;Données Consolidées
2019/06/03;"Enveloppe basse 2014 - 2019";40,618420895833;Données Consolidées
2019/06/04;"Enveloppe basse 2014 - 2019";37,977908104167;Données Consolidées
2019/06/05;"Enveloppe basse 2014 - 2019";44,986537395833;Données Consolidées
2019/06/06;"Enveloppe basse 2014 - 2019";46,384273833333;Données Consolidées
2019/06/07;"Enveloppe basse 2014 - 2019";46,411224583333;Données Consolidées
2019/06/08;"Enveloppe basse 2014 - 2019";46,450753958333;Données Consolidées
2019/06/09;"Enveloppe basse 2014 - 2019";45,863263875;Données Consolidées
2019/06/10;"Enveloppe basse 2014 - 2019";40,879090895833;Données Consolidées
2019/06/11;"Enveloppe basse 2014 - 2019";37,804205145833;Données Consolidées
2019/06/12;"Enveloppe basse 2014 - 2019";45,977415354167;Données Consolidées
2019/06/13;"Enveloppe basse 2014 - 2019";46,043791791667;Données Consolidées
2019/06/14;"Enveloppe basse 2014 - 2019";46,916993041667;Données Consolidées
2019/06/15;"Enveloppe basse 2014 - 2019";47,072422645833;Données Consolidées
2019/06/16;"Enveloppe basse 2014 - 2019";47,018059354167;Données Consolidées
2019/06/17;"Enveloppe basse 2014 - 2019";41,3522929375;Données Consolidées
2019/06/18;"Enveloppe basse 2014 - 2019";38,406361958333;Données Consolidées
2019/06/19;"Enveloppe basse 2014 - 2019";45,878846979167;Données Consolidées
2019/06/20;"Enveloppe basse 2014 - 2019";46,8944948125;Données Consolidées
2019/06/21;"Enveloppe basse 2014 - 2019";46,73598;Données Consolidées
2019/06/22;"Enveloppe basse 2014 - 2019";46,866544770833;Données Consolidées
2019/06/23;"Enveloppe basse 2014 - 2019";46,360151604167;Données Consolidées
2019/06/24;"Enveloppe basse 2014 - 2019";41,409767708333;Données Consolidées
2019/06/25;"Enveloppe basse 2014 - 2019";38,823795604167;Données Consolidées
2019/06/26;"Enveloppe basse 2014 - 2019";46,213909979167;Données Consolidées
2019/06/27;"Enveloppe basse 2014 - 2019";47,365023020833;Données Consolidées
2019/06/28;"Enveloppe basse 2014 - 2019";47,252818104167;Données Consolidées
2019/06/29;"Enveloppe basse 2014 - 2019";47,003026416667;Données Consolidées
2019/06/30;"Enveloppe basse 2014 - 2019";46,0070439375;Données Consolidées
2019/07/01;"Enveloppe basse 2014 - 2019";41,050183708333;Données Consolidées
2019/07/02;"Enveloppe basse 2014 - 2019";38,360522145833;Données Consolidées
2019/07/03;"Enveloppe basse 2014 - 2019";46,2501909375;Données Consolidées
2019/07/04;"Enveloppe basse 2014 - 2019";48,1689734375;Données Consolidées
2019/07/05;"Enveloppe basse 2014 - 2019";48,301553291667;Données Consolidées
2019/07/06;"Enveloppe basse 2014 - 2019";47,954712416667;Données Consolidées
2019/07/07;"Enveloppe basse 2014 - 2019";47,6717470625;Données Consolidées
2019/07/08;"Enveloppe basse 2014 - 2019";42,258654791667;Données Consolidées
2019/07/09;"Enveloppe basse 2014 - 2019";39,296079583333;Données Consolidées
2019/07/10;"Enveloppe basse 2014 - 2019";46,782621541667;Données Consolidées
2019/07/11;"Enveloppe basse 2014 - 2019";47,576811041667;Données Consolidées
2019/07/12;"Enveloppe basse 2014 - 2019";48,003727854167;Données Consolidées
2019/07/13;"Enveloppe basse 2014 - 2019";48,217767708333;Données Consolidées
2019/07/14;"Enveloppe basse 2014 - 2019";39,795866729167;Données Consolidées
2019/07/15;"Enveloppe basse 2014 - 2019";41,327829145833;Données Consolidées
2019/07/16;"Enveloppe basse 2014 - 2019";39,377663166667;Données Consolidées
2019/07/17;"Enveloppe basse 2014 - 2019";44,387368708333;Données Consolidées
2019/07/18;"Enveloppe basse 2014 - 2019";47,55074375;Données Consolidées
2019/07/19;"Enveloppe basse 2014 - 2019";47,93455725;Données Consolidées
2019/07/20;"Enveloppe basse 2014 - 2019";48,218027083333;Données Consolidées
2019/07/21;"Enveloppe basse 2014 - 2019";47,520265583333;Données Consolidées
2019/07/22;"Enveloppe basse 2014 - 2019";42,132445458333;Données Consolidées
2019/07/23;"Enveloppe basse 2014 - 2019";38,753306604167;Données Consolidées
2019/07/24;"Enveloppe basse 2014 - 2019";46,330703833333;Données Consolidées
2019/07/25;"Enveloppe basse 2014 - 2019";47,369662854167;Données Consolidées
2019/07/26;"Enveloppe basse 2014 - 2019";47,581004083333;Données Consolidées
2019/07/27;"Enveloppe basse 2014 - 2019";47,501107291667;Données Consolidées
2019/07/28;"Enveloppe basse 2014 - 2019";46,471382666667;Données Consolidées
2019/07/29;"Enveloppe basse 2014 - 2019";40,90932925;Données Consolidées
2019/07/30;"Enveloppe basse 2014 - 2019";38,010616375;Données Consolidées
2019/07/31;"Enveloppe basse 2014 - 2019";43,57773275;Données Consolidées
2019/08/01;"Enveloppe basse 2014 - 2019";44,5956383125;Données Consolidées
2019/08/02;"Enveloppe basse 2014 - 2019";44,691945229167;Données Consolidées
2019/08/03;"Enveloppe basse 2014 - 2019";44,563374708333;Données Consolidées
2019/08/04;"Enveloppe basse 2014 - 2019";43,6825275625;Données Consolidées
2019/08/05;"Enveloppe basse 2014 - 2019";39,951549583333;Données Consolidées
2019/08/06;"Enveloppe basse 2014 - 2019";37,0921181875;Données Consolidées
2019/08/07;"Enveloppe basse 2014 - 2019";42,038713583333;Données Consolidées
2019/08/08;"Enveloppe basse 2014 - 2019";42,6113661875;Données Consolidées
2019/08/09;"Enveloppe basse 2014 - 2019";42,39518525;Données Consolidées
2019/08/10;"Enveloppe basse 2014 - 2019";42,348891229167;Données Consolidées
2019/08/11;"Enveloppe basse 2014 - 2019";42,126060875;Données Consolidées
2019/08/12;"Enveloppe basse 2014 - 2019";38,774747520833;Données Consolidées
2019/08/13;"Enveloppe basse 2014 - 2019";36,536644041667;Données Consolidées
2019/08/14;"Enveloppe basse 2014 - 2019";40,225592208333;Données Consolidées
2019/08/15;"Enveloppe basse 2014 - 2019";37,394194729167;Données Consolidées
2019/08/16;"Enveloppe basse 2014 - 2019";41,690637041667;Données Consolidées
2019/08/17;"Enveloppe basse 2014 - 2019";41,6854450625;Données Consolidées
2019/08/18;"Enveloppe basse 2014 - 2019";40,272577479167;Données Consolidées
2019/08/19;"Enveloppe basse 2014 - 2019";38,0104340625;Données Consolidées
2019/08/20;"Enveloppe basse 2014 - 2019";35,818365645833;Données Consolidées
2019/08/21;"Enveloppe basse 2014 - 2019";41,093464708333;Données Consolidées
2019/08/22;"Enveloppe basse 2014 - 2019";42,368406125;Données Consolidées
2019/08/23;"Enveloppe basse 2014 - 2019";42,785409166667;Données Consolidées
2019/08/24;"Enveloppe basse 2014 - 2019";43,242041854167;Données Consolidées
2019/08/25;"Enveloppe basse 2014 - 2019";43,283065;Données Consolidées
2019/08/26;"Enveloppe basse 2014 - 2019";39,383921125;Données Consolidées
2019/08/27;"Enveloppe basse 2014 - 2019";36,848750354167;Données Consolidées
2019/08/28;"Enveloppe basse 2014 - 2019";43,791990520833;Données Consolidées
2019/08/29;"Enveloppe basse 2014 - 2019";45,234983854167;Données Consolidées
2019/08/30;"Enveloppe basse 2014 - 2019";46,063535166667;Données Consolidées
2019/08/31;"Enveloppe basse 2014 - 2019";46,7273254375;Données Consolidées
2019/09/01;"Enveloppe basse 2014 - 2019";46,231724645833;Données Consolidées
2019/09/02;"Enveloppe basse 2014 - 2019";41,304261583333;Données Consolidées
2019/09/03;"Enveloppe basse 2014 - 2019";38,605202458333;Données Consolidées
2019/09/04;"Enveloppe basse 2014 - 2019";45,2354261875;Données Consolidées
2019/09/05;"Enveloppe basse 2014 - 2019";46,691196291667;Données Consolidées
2019/09/06;"Enveloppe basse 2014 - 2019";46,969940229167;Données Consolidées
2019/09/07;"Enveloppe basse 2014 - 2019";46,693914083333;Données Consolidées
2019/09/08;"Enveloppe basse 2014 - 2019";46,185601583333;Données Consolidées
2019/09/09;"Enveloppe basse 2014 - 2019";41,024736895833;Données Consolidées
2019/09/10;"Enveloppe basse 2014 - 2019";38,9845514375;Données Consolidées
2019/09/11;"Enveloppe basse 2014 - 2019";45,599409875;Données Consolidées
2019/09/12;"Enveloppe basse 2014 - 2019";46,794158166667;Données Consolidées
2019/09/13;"Enveloppe basse 2014 - 2019";46,874617770833;Données Consolidées
2019/09/14;"Enveloppe basse 2014 - 2019";47,137163770833;Données Consolidées
2019/09/15;"Enveloppe basse 2014 - 2019";46,385574895833;Données Consolidées
2019/09/16;"Enveloppe basse 2014 - 2019";41,029033666667;Données Consolidées
2019/09/17;"Enveloppe basse 2014 - 2019";38,668537770833;Données Consolidées
2019/09/18;"Enveloppe basse 2014 - 2019";45,538552541667;Données Consolidées
2019/09/19;"Enveloppe basse 2014 - 2019";46,609304833333;Données Consolidées
2019/09/20;"Enveloppe basse 2014 - 2019";46,834411416667;Données Consolidées
2019/09/21;"Enveloppe basse 2014 - 2019";46,891609729167;Données Consolidées
2019/09/22;"Enveloppe basse 2014 - 2019";46,497514791667;Données Consolidées
2019/09/23;"Enveloppe basse 2014 - 2019";41,244665333333;Données Consolidées
2019/09/24;"Enveloppe basse 2014 - 2019";38,7256865;Données Consolidées
2019/09/25;"Enveloppe basse 2014 - 2019";45,324513833333;Données Consolidées
2019/09/26;"Enveloppe basse 2014 - 2019";46,728676083333;Données Consolidées
2019/09/27;"Enveloppe basse 2014 - 2019";47,4711030625;Données Consolidées
2019/09/28;"Enveloppe basse 2014 - 2019";47,922114270833;Données Consolidées
2019/09/29;"Enveloppe basse 2014 - 2019";47,164868104167;Données Consolidées
2019/09/30;"Enveloppe basse 2014 - 2019";42,156157541667;Données Consolidées
2019/10/01;"Enveloppe basse 2014 - 2019";39,8723839375;Données Consolidées
2019/10/02;"Enveloppe basse 2014 - 2019";47,0524438125;Données Consolidées
2019/10/03;"Enveloppe basse 2014 - 2019";48,3994651875;Données Consolidées
2019/10/04;"Enveloppe basse 2014 - 2019";48,7105176875;Données Consolidées
2019/10/05;"Enveloppe basse 2014 - 2019";49,101093229167;Données Consolidées
2019/10/06;"Enveloppe basse 2014 - 2019";48,789475520833;Données Consolidées
2019/10/07;"Enveloppe basse 2014 - 2019";43,254718375;Données Consolidées
2019/10/08;"Enveloppe basse 2014 - 2019";40,7686674375;Données Consolidées
2019/10/09;"Enveloppe basse 2014 - 2019";48,714728645833;Données Consolidées
2019/10/10;"Enveloppe basse 2014 - 2019";49,890914291667;Données Consolidées
2019/10/11;"Enveloppe basse 2014 - 2019";50,243981145833;Données Consolidées
2019/10/12;"Enveloppe basse 2014 - 2019";49,969074041667;Données Consolidées
2019/10/13;"Enveloppe basse 2014 - 2019";49,3568086875;Données Consolidées
2019/10/14;"Enveloppe basse 2014 - 2019";43,6261678125;Données Consolidées
2019/10/15;"Enveloppe basse 2014 - 2019";41,5072695;Données Consolidées
2019/10/16;"Enveloppe basse 2014 - 2019";48,834585354167;Données Consolidées
2019/10/17;"Enveloppe basse 2014 - 2019";50,505520020833;Données Consolidées
2019/10/18;"Enveloppe basse 2014 - 2019";51,141105625;Données Consolidées
2019/10/19;"Enveloppe basse 2014 - 2019";51,373611354167;Données Consolidées
2019/10/20;"Enveloppe basse 2014 - 2019";51,3217255625;Données Consolidées
2019/10/21;"Enveloppe basse 2014 - 2019";46,44727925;Données Consolidées
2019/10/22;"Enveloppe basse 2014 - 2019";43,538242270833;Données Consolidées
2019/10/23;"Enveloppe basse 2014 - 2019";51,645924770833;Données Consolidées
2019/10/24;"Enveloppe basse 2014 - 2019";54,055583104167;Données Consolidées
2019/10/25;"Enveloppe basse 2014 - 2019";54,472683083333;Données Consolidées
2019/10/26;"Enveloppe basse 2014 - 2019";54,426829875;Données Consolidées
2019/10/27;"Enveloppe basse 2014 - 2019";53,974570291667;Données Consolidées
2019/10/28;"Enveloppe basse 2014 - 2019";48,293907520833;Données Consolidées
2019/10/29;"Enveloppe basse 2014 - 2019";46,3284096;Données Consolidées
2019/10/30;"Enveloppe basse 2014 - 2019";51,964964666667;Données Consolidées
2019/10/31;"Enveloppe basse 2014 - 2019";56,061092875;Données Consolidées
2019/11/01;"Enveloppe basse 2014 - 2019";49,762872645833;Données Consolidées
2019/11/02;"Enveloppe basse 2014 - 2019";56,681199375;Données Consolidées
2019/11/03;"Enveloppe basse 2014 - 2019";54,2375576875;Données Consolidées
2019/11/04;"Enveloppe basse 2014 - 2019";51,68250125;Données Consolidées
2019/11/05;"Enveloppe basse 2014 - 2019";49,24218125;Données Consolidées
2019/11/06;"Enveloppe basse 2014 - 2019";57,7754054375;Données Consolidées
2019/11/07;"Enveloppe basse 2014 - 2019";59,601899166667;Données Consolidées
2019/11/08;"Enveloppe basse 2014 - 2019";59,765692708333;Données Consolidées
2019/11/09;"Enveloppe basse 2014 - 2019";60,237775875;Données Consolidées
2019/11/10;"Enveloppe basse 2014 - 2019";59,978869708333;Données Consolidées
2019/11/11;"Enveloppe basse 2014 - 2019";53,825854208333;Données Consolidées
2019/11/12;"Enveloppe basse 2014 - 2019";52,028637729167;Données Consolidées
2019/11/13;"Enveloppe basse 2014 - 2019";57,261108770833;Données Consolidées
2019/11/14;"Enveloppe basse 2014 - 2019";61,639400625;Données Consolidées
2019/11/15;"Enveloppe basse 2014 - 2019";62,685702166667;Données Consolidées
2019/11/16;"Enveloppe basse 2014 - 2019";62,478006791667;Données Consolidées
2019/11/17;"Enveloppe basse 2014 - 2019";62,6309744375;Données Consolidées
2019/11/18;"Enveloppe basse 2014 - 2019";57,313184604167;Données Consolidées
2019/11/19;"Enveloppe basse 2014 - 2019";54,9906261875;Données Consolidées
2019/11/20;"Enveloppe basse 2014 - 2019";63,100074520833;Données Consolidées
2019/11/21;"Enveloppe basse 2014 - 2019";64,773550979167;Données Consolidées
2019/11/22;"Enveloppe basse 2014 - 2019";65,37091525;Données Consolidées
2019/11/23;"Enveloppe basse 2014 - 2019";65,1646536875;Données Consolidées
2019/11/24;"Enveloppe basse 2014 - 2019";64,5656288125;Données Consolidées
2019/11/25;"Enveloppe basse 2014 - 2019";59,3919549375;Données Consolidées
2019/11/26;"Enveloppe basse 2014 - 2019";57,5182368125;Données Consolidées
2019/11/27;"Enveloppe basse 2014 - 2019";64,871558041667;Données Consolidées
2019/11/28;"Enveloppe basse 2014 - 2019";66,271590583333;Données Consolidées
2019/11/29;"Enveloppe basse 2014 - 2019";67,862279541667;Données Consolidées
2019/11/30;"Enveloppe basse 2014 - 2019";68,4645154375;Données Consolidées
2019/12/01;"Enveloppe basse 2014 - 2019";67,709399875;Données Consolidées
2019/12/02;"Enveloppe basse 2014 - 2019";62,515151625;Données Consolidées
2019/12/03;"Enveloppe basse 2014 - 2019";60,6863129375;Données Consolidées
2019/12/04;"Enveloppe basse 2014 - 2019";68,261111333333;Données Consolidées
2019/12/05;"Enveloppe basse 2014 - 2019";70,006819729167;Données Consolidées
2019/12/06;"Enveloppe basse 2014 - 2019";70,349995458333;Données Consolidées
2019/12/07;"Enveloppe basse 2014 - 2019";69,118285604167;Données Consolidées
2019/12/08;"Enveloppe basse 2014 - 2019";69,785479979167;Données Consolidées
2019/12/09;"Enveloppe basse 2014 - 2019";64,439424041667;Données Consolidées
2019/12/10;"Enveloppe basse 2014 - 2019";62,210216354167;Données Consolidées
2019/12/11;"Enveloppe basse 2014 - 2019";69,579436375;Données Consolidées
2019/12/12;"Enveloppe basse 2014 - 2019";71,269667083333;Données Consolidées
2019/12/13;"Enveloppe basse 2014 - 2019";71,395679229167;Données Consolidées
2019/12/14;"Enveloppe basse 2014 - 2019";71,5832420625;Données Consolidées
2019/12/15;"Enveloppe basse 2014 - 2019";70,946472020833;Données Consolidées
2019/12/16;"Enveloppe basse 2014 - 2019";66,321752979167;Données Consolidées
2019/12/17;"Enveloppe basse 2014 - 2019";63,163894416667;Données Consolidées
2019/12/18;"Enveloppe basse 2014 - 2019";70,908546791667;Données Consolidées
2019/12/19;"Enveloppe basse 2014 - 2019";72,530981666667;Données Consolidées
2019/12/20;"Enveloppe basse 2014 - 2019";72,614258395833;Données Consolidées
2019/12/21;"Enveloppe basse 2014 - 2019";72,750612895833;Données Consolidées
2019/12/22;"Enveloppe basse 2014 - 2019";71,29985575;Données Consolidées
2019/12/23;"Enveloppe basse 2014 - 2019";65,145287333333;Données Consolidées
2019/12/24;"Enveloppe basse 2014 - 2019";63,153435729167;Données Consolidées
2019/12/25;"Enveloppe basse 2014 - 2019";60,578720208333;Données Consolidées
2019/12/26;"Enveloppe basse 2014 - 2019";66,618779625;Données Consolidées
2019/12/27;"Enveloppe basse 2014 - 2019";67,22313325;Données Consolidées
2019/12/28;"Enveloppe basse 2014 - 2019";66,5427210625;Données Consolidées
2019/12/29;"Enveloppe basse 2014 - 2019";65,671028354167;Données Consolidées
2019/12/30;"Enveloppe basse 2014 - 2019";63,773519833333;Données Consolidées
2019/12/31;"Enveloppe basse 2014 - 2019";63,603480229167;Données Consolidées
2019/01/01;"Enveloppe haute 2014 - 2019";69,1079098125;Données Consolidées
2019/01/02;"Enveloppe haute 2014 - 2019";73,846051625;Données Consolidées
2019/01/03;"Enveloppe haute 2014 - 2019";79,0674379375;Données Consolidées
2019/01/04;"Enveloppe haute 2014 - 2019";80,690237604167;Données Consolidées
2019/01/05;"Enveloppe haute 2014 - 2019";79,146289583333;Données Consolidées
2019/01/06;"Enveloppe haute 2014 - 2019";82,222010020833;Données Consolidées
2019/01/07;"Enveloppe haute 2014 - 2019";78,562845291667;Données Consolidées
2019/01/08;"Enveloppe haute 2014 - 2019";71,054347541667;Données Consolidées
2019/01/09;"Enveloppe haute 2014 - 2019";75,797560895833;Données Consolidées
2019/01/10;"Enveloppe haute 2014 - 2019";75,6056915625;Données Consolidées
2019/01/11;"Enveloppe haute 2014 - 2019";74,492945458333;Données Consolidées
2019/01/12;"Enveloppe haute 2014 - 2019";77,706781770833;Données Consolidées
2019/01/13;"Enveloppe haute 2014 - 2019";77,0864693125;Données Consolidées
2019/01/14;"Enveloppe haute 2014 - 2019";71,325453708333;Données Consolidées
2019/01/15;"Enveloppe haute 2014 - 2019";69,6773481875;Données Consolidées
2019/01/16;"Enveloppe haute 2014 - 2019";78,765604979167;Données Consolidées
2019/01/17;"Enveloppe haute 2014 - 2019";82,731135145833;Données Consolidées
2019/01/18;"Enveloppe haute 2014 - 2019";86,444495395833;Données Consolidées
2019/01/19;"Enveloppe haute 2014 - 2019";87,191752125;Données Consolidées
2019/01/20;"Enveloppe haute 2014 - 2019";86,228276020833;Données Consolidées
2019/01/21;"Enveloppe haute 2014 - 2019";79,479783791667;Données Consolidées
2019/01/22;"Enveloppe haute 2014 - 2019";76,058325666667;Données Consolidées
2019/01/23;"Enveloppe haute 2014 - 2019";82,297994104167;Données Consolidées
2019/01/24;"Enveloppe haute 2014 - 2019";84,249946854167;Données Consolidées
2019/01/25;"Enveloppe haute 2014 - 2019";85,705267145833;Données Consolidées
2019/01/26;"Enveloppe haute 2014 - 2019";85,4921288125;Données Consolidées
2019/01/27;"Enveloppe haute 2014 - 2019";79,9811219375;Données Consolidées
2019/01/28;"Enveloppe haute 2014 - 2019";72,998487166667;Données Consolidées
2019/01/29;"Enveloppe haute 2014 - 2019";69,218116291667;Données Consolidées
2019/01/30;"Enveloppe haute 2014 - 2019";75,478125833333;Données Consolidées
2019/01/31;"Enveloppe haute 2014 - 2019";77,132832833333;Données Consolidées
2019/02/01;"Enveloppe haute 2014 - 2019";77,707447291667;Données Consolidées
2019/02/02;"Enveloppe haute 2014 - 2019";78,508194020833;Données Consolidées
2019/02/03;"Enveloppe haute 2014 - 2019";74,9047911875;Données Consolidées
2019/02/04;"Enveloppe haute 2014 - 2019";69,55066;Données Consolidées
2019/02/05;"Enveloppe haute 2014 - 2019";68,986135395833;Données Consolidées
2019/02/06;"Enveloppe haute 2014 - 2019";78,400190604167;Données Consolidées
2019/02/07;"Enveloppe haute 2014 - 2019";79,824591458333;Données Consolidées
2019/02/08;"Enveloppe haute 2014 - 2019";81,656077125;Données Consolidées
2019/02/09;"Enveloppe haute 2014 - 2019";83,3718293125;Données Consolidées
2019/02/10;"Enveloppe haute 2014 - 2019";84,657116583333;Données Consolidées
2019/02/11;"Enveloppe haute 2014 - 2019";76,568091541667;Données Consolidées
2019/02/12;"Enveloppe haute 2014 - 2019";70,828788541667;Données Consolidées
2019/02/13;"Enveloppe haute 2014 - 2019";77,840256083333;Données Consolidées
2019/02/14;"Enveloppe haute 2014 - 2019";79,690505125;Données Consolidées
2019/02/15;"Enveloppe haute 2014 - 2019";78,714638479167;Données Consolidées
2019/02/16;"Enveloppe haute 2014 - 2019";75,639096791667;Données Consolidées
2019/02/17;"Enveloppe haute 2014 - 2019";72,650616458333;Données Consolidées
2019/02/18;"Enveloppe haute 2014 - 2019";64,3901735;Données Consolidées
2019/02/19;"Enveloppe haute 2014 - 2019";62,777150416667;Données Consolidées
2019/02/20;"Enveloppe haute 2014 - 2019";70,907430979167;Données Consolidées
2019/02/21;"Enveloppe haute 2014 - 2019";72,189454375;Données Consolidées
2019/02/22;"Enveloppe haute 2014 - 2019";73,473345104167;Données Consolidées
2019/02/23;"Enveloppe haute 2014 - 2019";77,267424416667;Données Consolidées
2019/02/24;"Enveloppe haute 2014 - 2019";78,436195708333;Données Consolidées
2019/02/25;"Enveloppe haute 2014 - 2019";72,686298479167;Données Consolidées
2019/02/26;"Enveloppe haute 2014 - 2019";70,563908791667;Données Consolidées
2019/02/27;"Enveloppe haute 2014 - 2019";82,487113354167;Données Consolidées
2019/02/28;"Enveloppe haute 2014 - 2019";87,6636291875;Données Consolidées
2019/03/01;"Enveloppe haute 2014 - 2019";90,191952208333;Données Consolidées
2019/03/02;"Enveloppe haute 2014 - 2019";84,925277395833;Données Consolidées
2019/03/03;"Enveloppe haute 2014 - 2019";77,262151291667;Données Consolidées
2019/03/04;"Enveloppe haute 2014 - 2019";67,017876208333;Données Consolidées
2019/03/05;"Enveloppe haute 2014 - 2019";62,073740395833;Données Consolidées
2019/03/06;"Enveloppe haute 2014 - 2019";70,661158583333;Données Consolidées
2019/03/07;"Enveloppe haute 2014 - 2019";72,1966288125;Données Consolidées
2019/03/08;"Enveloppe haute 2014 - 2019";71,084250458333;Données Consolidées
2019/03/09;"Enveloppe haute 2014 - 2019";69,885249125;Données Consolidées
2019/03/10;"Enveloppe haute 2014 - 2019";67,670385354167;Données Consolidées
2019/03/11;"Enveloppe haute 2014 - 2019";60,776621458333;Données Consolidées
2019/03/12;"Enveloppe haute 2014 - 2019";58,306524145833;Données Consolidées
2019/03/13;"Enveloppe haute 2014 - 2019";65,15119425;Données Consolidées
2019/03/14;"Enveloppe haute 2014 - 2019";65,04259325;Données Consolidées
2019/03/15;"Enveloppe haute 2014 - 2019";67,384035958333;Données Consolidées
2019/03/16;"Enveloppe haute 2014 - 2019";66,887634854167;Données Consolidées
2019/03/17;"Enveloppe haute 2014 - 2019";64,982848208333;Données Consolidées
2019/03/18;"Enveloppe haute 2014 - 2019";59,794953833333;Données Consolidées
2019/03/19;"Enveloppe haute 2014 - 2019";61,796927666667;Données Consolidées
2019/03/20;"Enveloppe haute 2014 - 2019";72,451992458333;Données Consolidées
2019/03/21;"Enveloppe haute 2014 - 2019";74,3753206875;Données Consolidées
2019/03/22;"Enveloppe haute 2014 - 2019";73,329019833333;Données Consolidées
2019/03/23;"Enveloppe haute 2014 - 2019";72,107785291667;Données Consolidées
2019/03/24;"Enveloppe haute 2014 - 2019";69,1165741875;Données Consolidées
2019/03/25;"Enveloppe haute 2014 - 2019";60,241510520833;Données Consolidées
2019/03/26;"Enveloppe haute 2014 - 2019";55,643838916667;Données Consolidées
2019/03/27;"Enveloppe haute 2014 - 2019";62,167953958333;Données Consolidées
2019/03/28;"Enveloppe haute 2014 - 2019";64,144028583333;Données Consolidées
2019/03/29;"Enveloppe haute 2014 - 2019";65,6455526875;Données Consolidées
2019/03/30;"Enveloppe haute 2014 - 2019";66,532354645833;Données Consolidées
2019/03/31;"Enveloppe haute 2014 - 2019";63,171970895833;Données Consolidées
2019/04/01;"Enveloppe haute 2014 - 2019";58,2237480625;Données Consolidées
2019/04/02;"Enveloppe haute 2014 - 2019";55,103547020833;Données Consolidées
2019/04/03;"Enveloppe haute 2014 - 2019";57,811074291667;Données Consolidées
2019/04/04;"Enveloppe haute 2014 - 2019";58,016774104167;Données Consolidées
2019/04/05;"Enveloppe haute 2014 - 2019";60,672721645833;Données Consolidées
2019/04/06;"Enveloppe haute 2014 - 2019";62,050810458333;Données Consolidées
2019/04/07;"Enveloppe haute 2014 - 2019";60,317086229167;Données Consolidées
2019/04/08;"Enveloppe haute 2014 - 2019";54,738918520833;Données Consolidées
2019/04/09;"Enveloppe haute 2014 - 2019";52,746070229167;Données Consolidées
2019/04/10;"Enveloppe haute 2014 - 2019";53,907238395833;Données Consolidées
2019/04/11;"Enveloppe haute 2014 - 2019";58,766786291667;Données Consolidées
2019/04/12;"Enveloppe haute 2014 - 2019";57,7953919375;Données Consolidées
2019/04/13;"Enveloppe haute 2014 - 2019";57,365507416667;Données Consolidées
2019/04/14;"Enveloppe haute 2014 - 2019";57,439751895833;Données Consolidées
2019/04/15;"Enveloppe haute 2014 - 2019";53,403498416667;Données Consolidées
2019/04/16;"Enveloppe haute 2014 - 2019";52,509353770833;Données Consolidées
2019/04/17;"Enveloppe haute 2014 - 2019";57,655357145833;Données Consolidées
2019/04/18;"Enveloppe haute 2014 - 2019";56,4184365;Données Consolidées
2019/04/19;"Enveloppe haute 2014 - 2019";56,047036520833;Données Consolidées
2019/04/20;"Enveloppe haute 2014 - 2019";57,043281520833;Données Consolidées
2019/04/21;"Enveloppe haute 2014 - 2019";55,287041291667;Données Consolidées
2019/04/22;"Enveloppe haute 2014 - 2019";48,243193041667;Données Consolidées
2019/04/23;"Enveloppe haute 2014 - 2019";49,052693041667;Données Consolidées
2019/04/24;"Enveloppe haute 2014 - 2019";58,215842854167;Données Consolidées
2019/04/25;"Enveloppe haute 2014 - 2019";58,813862395833;Données Consolidées
2019/04/26;"Enveloppe haute 2014 - 2019";59,808683104167;Données Consolidées
2019/04/27;"Enveloppe haute 2014 - 2019";59,198464479167;Données Consolidées
2019/04/28;"Enveloppe haute 2014 - 2019";58,280163354167;Données Consolidées
2019/04/29;"Enveloppe haute 2014 - 2019";52,032707645833;Données Consolidées
2019/04/30;"Enveloppe haute 2014 - 2019";46,651525854167;Données Consolidées
2019/05/01;"Enveloppe haute 2014 - 2019";49,096634854167;Données Consolidées
2019/05/02;"Enveloppe haute 2014 - 2019";53,943728979167;Données Consolidées
2019/05/03;"Enveloppe haute 2014 - 2019";54,962965875;Données Consolidées
2019/05/04;"Enveloppe haute 2014 - 2019";54,376946166667;Données Consolidées
2019/05/05;"Enveloppe haute 2014 - 2019";52,525671583333;Données Consolidées
2019/05/06;"Enveloppe haute 2014 - 2019";48,983599916667;Données Consolidées
2019/05/07;"Enveloppe haute 2014 - 2019";49,207184333333;Données Consolidées
2019/05/08;"Enveloppe haute 2014 - 2019";47,687862895833;Données Consolidées
2019/05/09;"Enveloppe haute 2014 - 2019";53,8789404375;Données Consolidées
2019/05/10;"Enveloppe haute 2014 - 2019";51,1699333125;Données Consolidées
2019/05/11;"Enveloppe haute 2014 - 2019";52,5182490625;Données Consolidées
2019/05/12;"Enveloppe haute 2014 - 2019";51,849350875;Données Consolidées
2019/05/13;"Enveloppe haute 2014 - 2019";46,115721708333;Données Consolidées
2019/05/14;"Enveloppe haute 2014 - 2019";43,968295020833;Données Consolidées
2019/05/15;"Enveloppe haute 2014 - 2019";50,601313166667;Données Consolidées
2019/05/16;"Enveloppe haute 2014 - 2019";52,087268458333;Données Consolidées
2019/05/17;"Enveloppe haute 2014 - 2019";51,750587541667;Données Consolidées
2019/05/18;"Enveloppe haute 2014 - 2019";43,755638958333;Données Consolidées
2019/05/19;"Enveloppe haute 2014 - 2019";50,130160375;Données Consolidées
2019/05/20;"Enveloppe haute 2014 - 2019";44,819269333333;Données Consolidées
2019/05/21;"Enveloppe haute 2014 - 2019";42,929517458333;Données Consolidées
2019/05/22;"Enveloppe haute 2014 - 2019";49,433401916667;Données Consolidées
2019/05/23;"Enveloppe haute 2014 - 2019";49,437525104167;Données Consolidées
2019/05/24;"Enveloppe haute 2014 - 2019";50,310354479167;Données Consolidées
2019/05/25;"Enveloppe haute 2014 - 2019";50,521108791667;Données Consolidées
2019/05/26;"Enveloppe haute 2014 - 2019";49,281818833333;Données Consolidées
2019/05/27;"Enveloppe haute 2014 - 2019";43,282605041667;Données Consolidées
2019/05/28;"Enveloppe haute 2014 - 2019";40,414857916667;Données Consolidées
2019/05/29;"Enveloppe haute 2014 - 2019";43,260162375;Données Consolidées
2019/05/30;"Enveloppe haute 2014 - 2019";49,871927145833;Données Consolidées
2019/05/31;"Enveloppe haute 2014 - 2019";49,753281333333;Données Consolidées
2019/06/01;"Enveloppe haute 2014 - 2019";49,357754791667;Données Consolidées
2019/06/02;"Enveloppe haute 2014 - 2019";48,833380041667;Données Consolidées
2019/06/03;"Enveloppe haute 2014 - 2019";42,852190166667;Données Consolidées
2019/06/04;"Enveloppe haute 2014 - 2019";39,537498291667;Données Consolidées
2019/06/05;"Enveloppe haute 2014 - 2019";47,213308729167;Données Consolidées
2019/06/06;"Enveloppe haute 2014 - 2019";48,601973479167;Données Consolidées
2019/06/07;"Enveloppe haute 2014 - 2019";48,895548979167;Données Consolidées
2019/06/08;"Enveloppe haute 2014 - 2019";49,1532216875;Données Consolidées
2019/06/09;"Enveloppe haute 2014 - 2019";48,907420458333;Données Consolidées
2019/06/10;"Enveloppe haute 2014 - 2019";42,393641354167;Données Consolidées
2019/06/11;"Enveloppe haute 2014 - 2019";39,5411975625;Données Consolidées
2019/06/12;"Enveloppe haute 2014 - 2019";46,925665520833;Données Consolidées
2019/06/13;"Enveloppe haute 2014 - 2019";48,5394370625;Données Consolidées
2019/06/14;"Enveloppe haute 2014 - 2019";48,997690479167;Données Consolidées
2019/06/15;"Enveloppe haute 2014 - 2019";49,514233208333;Données Consolidées
2019/06/16;"Enveloppe haute 2014 - 2019";48,491190645833;Données Consolidées
2019/06/17;"Enveloppe haute 2014 - 2019";43,026707958333;Données Consolidées
2019/06/18;"Enveloppe haute 2014 - 2019";40,599744895833;Données Consolidées
2019/06/19;"Enveloppe haute 2014 - 2019";49,105858833333;Données Consolidées
2019/06/20;"Enveloppe haute 2014 - 2019";51,123532375;Données Consolidées
2019/06/21;"Enveloppe haute 2014 - 2019";51,759495125;Données Consolidées
2019/06/22;"Enveloppe haute 2014 - 2019";52,059959541667;Données Consolidées
2019/06/23;"Enveloppe haute 2014 - 2019";49,947875083333;Données Consolidées
2019/06/24;"Enveloppe haute 2014 - 2019";43,657960395833;Données Consolidées
2019/06/25;"Enveloppe haute 2014 - 2019";40,428484416667;Données Consolidées
2019/06/26;"Enveloppe haute 2014 - 2019";47,997327458333;Données Consolidées
2019/06/27;"Enveloppe haute 2014 - 2019";49,5533048125;Données Consolidées
2019/06/28;"Enveloppe haute 2014 - 2019";50,5059211875;Données Consolidées
2019/06/29;"Enveloppe haute 2014 - 2019";51,173084979167;Données Consolidées
2019/06/30;"Enveloppe haute 2014 - 2019";50,302134520833;Données Consolidées
2019/07/01;"Enveloppe haute 2014 - 2019";45,328993354167;Données Consolidées
2019/07/02;"Enveloppe haute 2014 - 2019";42,1814603125;Données Consolidées
2019/07/03;"Enveloppe haute 2014 - 2019";48,212328104167;Données Consolidées
2019/07/04;"Enveloppe haute 2014 - 2019";50,17620975;Données Consolidées
2019/07/05;"Enveloppe haute 2014 - 2019";50,644128916667;Données Consolidées
2019/07/06;"Enveloppe haute 2014 - 2019";50,804197416667;Données Consolidées
2019/07/07;"Enveloppe haute 2014 - 2019";50,5732385;Données Consolidées
2019/07/08;"Enveloppe haute 2014 - 2019";44,916576875;Données Consolidées
2019/07/09;"Enveloppe haute 2014 - 2019";41,2711373125;Données Consolidées
2019/07/10;"Enveloppe haute 2014 - 2019";48,895246875;Données Consolidées
2019/07/11;"Enveloppe haute 2014 - 2019";50,482729833333;Données Consolidées
2019/07/12;"Enveloppe haute 2014 - 2019";49,293606833333;Données Consolidées
2019/07/13;"Enveloppe haute 2014 - 2019";48,875512041667;Données Consolidées
2019/07/14;"Enveloppe haute 2014 - 2019";42,484596416667;Données Consolidées
2019/07/15;"Enveloppe haute 2014 - 2019";43,390628479167;Données Consolidées
2019/07/16;"Enveloppe haute 2014 - 2019";40,428805020833;Données Consolidées
2019/07/17;"Enveloppe haute 2014 - 2019";48,031900333333;Données Consolidées
2019/07/18;"Enveloppe haute 2014 - 2019";49,934431895833;Données Consolidées
2019/07/19;"Enveloppe haute 2014 - 2019";49,8260995;Données Consolidées
2019/07/20;"Enveloppe haute 2014 - 2019";50,361693416667;Données Consolidées
2019/07/21;"Enveloppe haute 2014 - 2019";49,840119354167;Données Consolidées
2019/07/22;"Enveloppe haute 2014 - 2019";43,6369583125;Données Consolidées
2019/07/23;"Enveloppe haute 2014 - 2019";40,655688375;Données Consolidées
2019/07/24;"Enveloppe haute 2014 - 2019";48,490259041667;Données Consolidées
2019/07/25;"Enveloppe haute 2014 - 2019";50,791908458333;Données Consolidées
2019/07/26;"Enveloppe haute 2014 - 2019";51,472522229167;Données Consolidées
2019/07/27;"Enveloppe haute 2014 - 2019";51,393335895833;Données Consolidées
2019/07/28;"Enveloppe haute 2014 - 2019";49,0305446875;Données Consolidées
2019/07/29;"Enveloppe haute 2014 - 2019";42,476456145833;Données Consolidées
2019/07/30;"Enveloppe haute 2014 - 2019";39,899651645833;Données Consolidées
2019/07/31;"Enveloppe haute 2014 - 2019";46,234202708333;Données Consolidées
2019/08/01;"Enveloppe haute 2014 - 2019";47,714316791667;Données Consolidées
2019/08/02;"Enveloppe haute 2014 - 2019";47,718933916667;Données Consolidées
2019/08/03;"Enveloppe haute 2014 - 2019";48,0416234375;Données Consolidées
2019/08/04;"Enveloppe haute 2014 - 2019";47,793713958333;Données Consolidées
2019/08/05;"Enveloppe haute 2014 - 2019";43,3263546875;Données Consolidées
2019/08/06;"Enveloppe haute 2014 - 2019";40,6102214375;Données Consolidées
2019/08/07;"Enveloppe haute 2014 - 2019";45,4716546875;Données Consolidées
2019/08/08;"Enveloppe haute 2014 - 2019";46,014018833333;Données Consolidées
2019/08/09;"Enveloppe haute 2014 - 2019";44,719793375;Données Consolidées
2019/08/10;"Enveloppe haute 2014 - 2019";44,44515975;Données Consolidées
2019/08/11;"Enveloppe haute 2014 - 2019";44,110017354167;Données Consolidées
2019/08/12;"Enveloppe haute 2014 - 2019";39,865232895833;Données Consolidées
2019/08/13;"Enveloppe haute 2014 - 2019";37,3661606875;Données Consolidées
2019/08/14;"Enveloppe haute 2014 - 2019";41,2243395625;Données Consolidées
2019/08/15;"Enveloppe haute 2014 - 2019";38,8786253125;Données Consolidées
2019/08/16;"Enveloppe haute 2014 - 2019";44,199970270833;Données Consolidées
2019/08/17;"Enveloppe haute 2014 - 2019";44,162387854167;Données Consolidées
2019/08/18;"Enveloppe haute 2014 - 2019";43,9859516875;Données Consolidées
2019/08/19;"Enveloppe haute 2014 - 2019";40,147946875;Données Consolidées
2019/08/20;"Enveloppe haute 2014 - 2019";37,93987225;Données Consolidées
2019/08/21;"Enveloppe haute 2014 - 2019";44,2411449375;Données Consolidées
2019/08/22;"Enveloppe haute 2014 - 2019";46,687547958333;Données Consolidées
2019/08/23;"Enveloppe haute 2014 - 2019";47,703957666667;Données Consolidées
2019/08/24;"Enveloppe haute 2014 - 2019";48,421588583333;Données Consolidées
2019/08/25;"Enveloppe haute 2014 - 2019";48,2743336875;Données Consolidées
2019/08/26;"Enveloppe haute 2014 - 2019";43,5824943125;Données Consolidées
2019/08/27;"Enveloppe haute 2014 - 2019";40,079701791667;Données Consolidées
2019/08/28;"Enveloppe haute 2014 - 2019";47,310121791667;Données Consolidées
2019/08/29;"Enveloppe haute 2014 - 2019";49,022189895833;Données Consolidées
2019/08/30;"Enveloppe haute 2014 - 2019";48,784410791667;Données Consolidées
2019/08/31;"Enveloppe haute 2014 - 2019";48,854717333333;Données Consolidées
2019/09/01;"Enveloppe haute 2014 - 2019";48,5222381875;Données Consolidées
2019/09/02;"Enveloppe haute 2014 - 2019";43,032996729167;Données Consolidées
2019/09/03;"Enveloppe haute 2014 - 2019";40,315596708333;Données Consolidées
2019/09/04;"Enveloppe haute 2014 - 2019";47,5836620625;Données Consolidées
2019/09/05;"Enveloppe haute 2014 - 2019";49,190508666667;Données Consolidées
2019/09/06;"Enveloppe haute 2014 - 2019";48,987380979167;Données Consolidées
2019/09/07;"Enveloppe haute 2014 - 2019";48,8384299375;Données Consolidées
2019/09/08;"Enveloppe haute 2014 - 2019";48,296875645833;Données Consolidées
2019/09/09;"Enveloppe haute 2014 - 2019";42,787326458333;Données Consolidées
2019/09/10;"Enveloppe haute 2014 - 2019";40,082420229167;Données Consolidées
2019/09/11;"Enveloppe haute 2014 - 2019";47,787794770833;Données Consolidées
2019/09/12;"Enveloppe haute 2014 - 2019";49,086284666667;Données Consolidées
2019/09/13;"Enveloppe haute 2014 - 2019";49,089994916667;Données Consolidées
2019/09/14;"Enveloppe haute 2014 - 2019";49,090062875;Données Consolidées
2019/09/15;"Enveloppe haute 2014 - 2019";48,757072375;Données Consolidées
2019/09/16;"Enveloppe haute 2014 - 2019";43,984366041667;Données Consolidées
2019/09/17;"Enveloppe haute 2014 - 2019";42,263853041667;Données Consolidées
2019/09/18;"Enveloppe haute 2014 - 2019";49,748623395833;Données Consolidées
2019/09/19;"Enveloppe haute 2014 - 2019";51,018562208333;Données Consolidées
2019/09/20;"Enveloppe haute 2014 - 2019";51,1145845;Données Consolidées
2019/09/21;"Enveloppe haute 2014 - 2019";50,211612958333;Données Consolidées
2019/09/22;"Enveloppe haute 2014 - 2019";49,401562770833;Données Consolidées
2019/09/23;"Enveloppe haute 2014 - 2019";43,748133291667;Données Consolidées
2019/09/24;"Enveloppe haute 2014 - 2019";40,801240104167;Données Consolidées
2019/09/25;"Enveloppe haute 2014 - 2019";48,0642075625;Données Consolidées
2019/09/26;"Enveloppe haute 2014 - 2019";49,13597775;Données Consolidées
2019/09/27;"Enveloppe haute 2014 - 2019";49,498511770833;Données Consolidées
2019/09/28;"Enveloppe haute 2014 - 2019";49,667562208333;Données Consolidées
2019/09/29;"Enveloppe haute 2014 - 2019";48,7156501875;Données Consolidées
2019/09/30;"Enveloppe haute 2014 - 2019";43,220007729167;Données Consolidées
2019/10/01;"Enveloppe haute 2014 - 2019";41,439407166667;Données Consolidées
2019/10/02;"Enveloppe haute 2014 - 2019";48,657248083333;Données Consolidées
2019/10/03;"Enveloppe haute 2014 - 2019";50,800479125;Données Consolidées
2019/10/04;"Enveloppe haute 2014 - 2019";50,178001604167;Données Consolidées
2019/10/05;"Enveloppe haute 2014 - 2019";50,79441375;Données Consolidées
2019/10/06;"Enveloppe haute 2014 - 2019";51,3067671875;Données Consolidées
2019/10/07;"Enveloppe haute 2014 - 2019";46,337527979167;Données Consolidées
2019/10/08;"Enveloppe haute 2014 - 2019";44,1714369375;Données Consolidées
2019/10/09;"Enveloppe haute 2014 - 2019";53,463124479167;Données Consolidées
2019/10/10;"Enveloppe haute 2014 - 2019";55,587210958333;Données Consolidées
2019/10/11;"Enveloppe haute 2014 - 2019";56,940008916667;Données Consolidées
2019/10/12;"Enveloppe haute 2014 - 2019";57,967262104167;Données Consolidées
2019/10/13;"Enveloppe haute 2014 - 2019";56,71595975;Données Consolidées
2019/10/14;"Enveloppe haute 2014 - 2019";49,064517895833;Données Consolidées
2019/10/15;"Enveloppe haute 2014 - 2019";45,5488704375;Données Consolidées
2019/10/16;"Enveloppe haute 2014 - 2019";52,300839;Données Consolidées
2019/10/17;"Enveloppe haute 2014 - 2019";54,684142125;Données Consolidées
2019/10/18;"Enveloppe haute 2014 - 2019";58,011548354167;Données Consolidées
2019/10/19;"Enveloppe haute 2014 - 2019";60,574625020833;Données Consolidées
2019/10/20;"Enveloppe haute 2014 - 2019";61,165206854167;Données Consolidées
2019/10/21;"Enveloppe haute 2014 - 2019";53,671879416667;Données Consolidées
2019/10/22;"Enveloppe haute 2014 - 2019";49,843721833333;Données Consolidées
2019/10/23;"Enveloppe haute 2014 - 2019";57,190855791667;Données Consolidées
2019/10/24;"Enveloppe haute 2014 - 2019";58,220795125;Données Consolidées
2019/10/25;"Enveloppe haute 2014 - 2019";58,9502038125;Données Consolidées
2019/10/26;"Enveloppe haute 2014 - 2019";58,192667895833;Données Consolidées
2019/10/27;"Enveloppe haute 2014 - 2019";56,1358813125;Données Consolidées
2019/10/28;"Enveloppe haute 2014 - 2019";50,8379554375;Données Consolidées
2019/10/29;"Enveloppe haute 2014 - 2019";52,5503476;Données Consolidées
2019/10/30;"Enveloppe haute 2014 - 2019";63,630640041667;Données Consolidées
2019/10/31;"Enveloppe haute 2014 - 2019";64,263704229167;Données Consolidées
2019/11/01;"Enveloppe haute 2014 - 2019";54,008526541667;Données Consolidées
2019/11/02;"Enveloppe haute 2014 - 2019";60,443261583333;Données Consolidées
2019/11/03;"Enveloppe haute 2014 - 2019";61,716744166667;Données Consolidées
2019/11/04;"Enveloppe haute 2014 - 2019";56,079110583333;Données Consolidées
2019/11/05;"Enveloppe haute 2014 - 2019";54,12208125;Données Consolidées
2019/11/06;"Enveloppe haute 2014 - 2019";65,815907520833;Données Consolidées
2019/11/07;"Enveloppe haute 2014 - 2019";68,355134583333;Données Consolidées
2019/11/08;"Enveloppe haute 2014 - 2019";68,084097708333;Données Consolidées
2019/11/09;"Enveloppe haute 2014 - 2019";65,607071333333;Données Consolidées
2019/11/10;"Enveloppe haute 2014 - 2019";63,435202020833;Données Consolidées
2019/11/11;"Enveloppe haute 2014 - 2019";58,075386916667;Données Consolidées
2019/11/12;"Enveloppe haute 2014 - 2019";56,732408541667;Données Consolidées
2019/11/13;"Enveloppe haute 2014 - 2019";64,6315655;Données Consolidées
2019/11/14;"Enveloppe haute 2014 - 2019";67,385903729167;Données Consolidées
2019/11/15;"Enveloppe haute 2014 - 2019";67,347612479167;Données Consolidées
2019/11/16;"Enveloppe haute 2014 - 2019";68,664374625;Données Consolidées
2019/11/17;"Enveloppe haute 2014 - 2019";69,790848604167;Données Consolidées
2019/11/18;"Enveloppe haute 2014 - 2019";64,0627866875;Données Consolidées
2019/11/19;"Enveloppe haute 2014 - 2019";61,41470175;Données Consolidées
2019/11/20;"Enveloppe haute 2014 - 2019";69,097753770833;Données Consolidées
2019/11/21;"Enveloppe haute 2014 - 2019";71,9972316875;Données Consolidées
2019/11/22;"Enveloppe haute 2014 - 2019";72,3049663125;Données Consolidées
2019/11/23;"Enveloppe haute 2014 - 2019";70,943253041667;Données Consolidées
2019/11/24;"Enveloppe haute 2014 - 2019";68,6189384375;Données Consolidées
2019/11/25;"Enveloppe haute 2014 - 2019";60,5710861875;Données Consolidées
2019/11/26;"Enveloppe haute 2014 - 2019";60,345273208333;Données Consolidées
2019/11/27;"Enveloppe haute 2014 - 2019";69,169281375;Données Consolidées
2019/11/28;"Enveloppe haute 2014 - 2019";73,114261979167;Données Consolidées
2019/11/29;"Enveloppe haute 2014 - 2019";73,46647475;Données Consolidées
2019/11/30;"Enveloppe haute 2014 - 2019";74,64408475;Données Consolidées
2019/12/01;"Enveloppe haute 2014 - 2019";76,017603104167;Données Consolidées
2019/12/02;"Enveloppe haute 2014 - 2019";72,630585333333;Données Consolidées
2019/12/03;"Enveloppe haute 2014 - 2019";71,126663354167;Données Consolidées
2019/12/04;"Enveloppe haute 2014 - 2019";74,856196854167;Données Consolidées
2019/12/05;"Enveloppe haute 2014 - 2019";74,221308645833;Données Consolidées
2019/12/06;"Enveloppe haute 2014 - 2019";74,725278083333;Données Consolidées
2019/12/07;"Enveloppe haute 2014 - 2019";75,260406333333;Données Consolidées
2019/12/08;"Enveloppe haute 2014 - 2019";72,751702270833;Données Consolidées
2019/12/09;"Enveloppe haute 2014 - 2019";70,260727083333;Données Consolidées
2019/12/10;"Enveloppe haute 2014 - 2019";66,405686416667;Données Consolidées
2019/12/11;"Enveloppe haute 2014 - 2019";70,9048180625;Données Consolidées
2019/12/12;"Enveloppe haute 2014 - 2019";74,364811958333;Données Consolidées
2019/12/13;"Enveloppe haute 2014 - 2019";75,035194958333;Données Consolidées
2019/12/14;"Enveloppe haute 2014 - 2019";75,314044833333;Données Consolidées
2019/12/15;"Enveloppe haute 2014 - 2019";76,607511854167;Données Consolidées
2019/12/16;"Enveloppe haute 2014 - 2019";72,067679729167;Données Consolidées
2019/12/17;"Enveloppe haute 2014 - 2019";67,331280729167;Données Consolidées
2019/12/18;"Enveloppe haute 2014 - 2019";72,8228070625;Données Consolidées
2019/12/19;"Enveloppe haute 2014 - 2019";75,46436675;Données Consolidées
2019/12/20;"Enveloppe haute 2014 - 2019";74,742971645833;Données Consolidées
2019/12/21;"Enveloppe haute 2014 - 2019";70,614929583333;Données Consolidées
2019/12/22;"Enveloppe haute 2014 - 2019";67,9112511875;Données Consolidées
2019/12/23;"Enveloppe haute 2014 - 2019";64,487640479167;Données Consolidées
2019/12/24;"Enveloppe haute 2014 - 2019";64,236786083333;Données Consolidées
2019/12/25;"Enveloppe haute 2014 - 2019";58,1754846875;Données Consolidées
2019/12/26;"Enveloppe haute 2014 - 2019";73,356100833333;Données Consolidées
2019/12/27;"Enveloppe haute 2014 - 2019";72,5659083125;Données Consolidées
2019/12/28;"Enveloppe haute 2014 - 2019";69,359158791667;Données Consolidées
2019/12/29;"Enveloppe haute 2014 - 2019";69,501641104167;Données Consolidées
2019/12/30;"Enveloppe haute 2014 - 2019";65,680241333333;Données Consolidées
2019/12/31;"Enveloppe haute 2014 - 2019";65,564353729167;Données Consolidées
2019/01/01;"Enveloppe haute 2014 - 2019";64,407573895833;Données Consolidées
2019/01/02;"Enveloppe haute 2014 - 2019";74,977657104167;Données Consolidées
2019/01/03;"Enveloppe haute 2014 - 2019";75,898297625;Données Consolidées
2019/01/04;"Enveloppe haute 2014 - 2019";75,5534085;Données Consolidées
2019/01/05;"Enveloppe haute 2014 - 2019";76,1932796875;Données Consolidées
2019/01/06;"Enveloppe haute 2014 - 2019";75,320046291667;Données Consolidées
2019/01/07;"Enveloppe haute 2014 - 2019";69,377674458333;Données Consolidées
2019/01/08;"Enveloppe haute 2014 - 2019";66,558830958333;Données Consolidées
2019/01/09;"Enveloppe haute 2014 - 2019";74,970375854167;Données Consolidées
2019/01/10;"Enveloppe haute 2014 - 2019";76,534583875;Données Consolidées
2019/01/11;"Enveloppe haute 2014 - 2019";76,385419270833;Données Consolidées
2019/01/12;"Enveloppe haute 2014 - 2019";76,027808854167;Données Consolidées
2019/01/13;"Enveloppe haute 2014 - 2019";75,687719770833;Données Consolidées
2019/01/14;"Enveloppe haute 2014 - 2019";69,412136895833;Données Consolidées
2019/01/15;"Enveloppe haute 2014 - 2019";66,3757106875;Données Consolidées
2019/01/16;"Enveloppe haute 2014 - 2019";74,294028708333;Données Consolidées
2019/01/17;"Enveloppe haute 2014 - 2019";76,0310393125;Données Consolidées
2019/01/18;"Enveloppe haute 2014 - 2019";76,7663058125;Données Consolidées
2019/01/19;"Enveloppe haute 2014 - 2019";76,424112541667;Données Consolidées
2019/01/20;"Enveloppe haute 2014 - 2019";75,2515051875;Données Consolidées
2019/01/21;"Enveloppe haute 2014 - 2019";69,5511711875;Données Consolidées
2019/01/22;"Enveloppe haute 2014 - 2019";66,762628395833;Données Consolidées
2019/01/23;"Enveloppe haute 2014 - 2019";74,041039375;Données Consolidées
2019/01/24;"Enveloppe haute 2014 - 2019";75,428901645833;Données Consolidées
2019/01/25;"Enveloppe haute 2014 - 2019";74,5468346875;Données Consolidées
2019/01/26;"Enveloppe haute 2014 - 2019";74,343992041667;Données Consolidées
2019/01/27;"Enveloppe haute 2014 - 2019";74,0810513125;Données Consolidées
2019/01/28;"Enveloppe haute 2014 - 2019";68,280069625;Données Consolidées
2019/01/29;"Enveloppe haute 2014 - 2019";65,25170575;Données Consolidées
2019/01/30;"Enveloppe haute 2014 - 2019";73,114759791667;Données Consolidées
2019/01/31;"Enveloppe haute 2014 - 2019";73,574515;Données Consolidées
2019/02/01;"Enveloppe haute 2014 - 2019";73,907832708333;Données Consolidées
2019/02/02;"Enveloppe haute 2014 - 2019";74,742922833333;Données Consolidées
2019/02/03;"Enveloppe haute 2014 - 2019";72,7336733125;Données Consolidées
2019/02/04;"Enveloppe haute 2014 - 2019";66,843282479167;Données Consolidées
2019/02/05;"Enveloppe haute 2014 - 2019";64,898222895833;Données Consolidées
2019/02/06;"Enveloppe haute 2014 - 2019";72,670538520833;Données Consolidées
2019/02/07;"Enveloppe haute 2014 - 2019";73,536790416667;Données Consolidées
2019/02/08;"Enveloppe haute 2014 - 2019";73,179117854167;Données Consolidées
2019/02/09;"Enveloppe haute 2014 - 2019";73,609658479167;Données Consolidées
2019/02/10;"Enveloppe haute 2014 - 2019";73,647912416667;Données Consolidées
2019/02/11;"Enveloppe haute 2014 - 2019";66,654283208333;Données Consolidées
2019/02/12;"Enveloppe haute 2014 - 2019";63,775280041667;Données Consolidées
2019/02/13;"Enveloppe haute 2014 - 2019";71,484613895833;Données Consolidées
2019/02/14;"Enveloppe haute 2014 - 2019";71,586790395833;Données Consolidées
2019/02/15;"Enveloppe haute 2014 - 2019";71,619507583333;Données Consolidées
2019/02/16;"Enveloppe haute 2014 - 2019";71,9254885;Données Consolidées
2019/02/17;"Enveloppe haute 2014 - 2019";71,332975791667;Données Consolidées
2019/02/18;"Enveloppe haute 2014 - 2019";64,647837541667;Données Consolidées
2019/02/19;"Enveloppe haute 2014 - 2019";61,269180520833;Données Consolidées
2019/02/20;"Enveloppe haute 2014 - 2019";68,0080036875;Données Consolidées
2019/02/21;"Enveloppe haute 2014 - 2019";69,276373208333;Données Consolidées
2019/02/22;"Enveloppe haute 2014 - 2019";69,5794305625;Données Consolidées
2019/02/23;"Enveloppe haute 2014 - 2019";70,20917025;Données Consolidées
2019/02/24;"Enveloppe haute 2014 - 2019";69,378145708333;Données Consolidées
2019/02/25;"Enveloppe haute 2014 - 2019";63,373160979167;Données Consolidées
2019/02/26;"Enveloppe haute 2014 - 2019";60,894137958333;Données Consolidées
2019/02/27;"Enveloppe haute 2014 - 2019";68,9529029375;Données Consolidées
2019/02/28;"Enveloppe haute 2014 - 2019";69,5608041875;Données Consolidées
2019/03/01;"Enveloppe haute 2014 - 2019";69,375438458333;Données Consolidées
2019/03/02;"Enveloppe haute 2014 - 2019";68,327334145833;Données Consolidées
2019/03/03;"Enveloppe haute 2014 - 2019";67,28430775;Données Consolidées
2019/03/04;"Enveloppe haute 2014 - 2019";60,979609458333;Données Consolidées
2019/03/05;"Enveloppe haute 2014 - 2019";59,245589583333;Données Consolidées
2019/03/06;"Enveloppe haute 2014 - 2019";66,662646020833;Données Consolidées
2019/03/07;"Enveloppe haute 2014 - 2019";67,338606770833;Données Consolidées
2019/03/08;"Enveloppe haute 2014 - 2019";67,8185930625;Données Consolidées
2019/03/09;"Enveloppe haute 2014 - 2019";66,9331175;Données Consolidées
2019/03/10;"Enveloppe haute 2014 - 2019";65,358382583333;Données Consolidées
2019/03/11;"Enveloppe haute 2014 - 2019";60,4719759375;Données Consolidées
2019/03/12;"Enveloppe haute 2014 - 2019";58,226515145833;Données Consolidées
2019/03/13;"Enveloppe haute 2014 - 2019";65,260843229167;Données Consolidées
2019/03/14;"Enveloppe haute 2014 - 2019";65,150097583333;Données Consolidées
2019/03/15;"Enveloppe haute 2014 - 2019";65,067899583333;Données Consolidées
2019/03/16;"Enveloppe haute 2014 - 2019";66,0088596875;Données Consolidées
2019/03/17;"Enveloppe haute 2014 - 2019";65,187714604167;Données Consolidées
2019/03/18;"Enveloppe haute 2014 - 2019";59,137912229167;Données Consolidées
2019/03/19;"Enveloppe haute 2014 - 2019";55,591159458333;Données Consolidées
2019/03/20;"Enveloppe haute 2014 - 2019";62,250002875;Données Consolidées
2019/03/21;"Enveloppe haute 2014 - 2019";64,214241520833;Données Consolidées
2019/03/22;"Enveloppe haute 2014 - 2019";63,811021916667;Données Consolidées
2019/03/23;"Enveloppe haute 2014 - 2019";62,179160291667;Données Consolidées
2019/03/24;"Enveloppe haute 2014 - 2019";61,2591099375;Données Consolidées
2019/03/25;"Enveloppe haute 2014 - 2019";56,178797979167;Données Consolidées
2019/03/26;"Enveloppe haute 2014 - 2019";52,715191891304;Données Consolidées
2019/03/27;"Enveloppe haute 2014 - 2019";59,314386354167;Données Consolidées
2019/03/28;"Enveloppe haute 2014 - 2019";60,967722333333;Données Consolidées
2019/03/29;"Enveloppe haute 2014 - 2019";61,199172875;Données Consolidées
2019/03/30;"Enveloppe haute 2014 - 2019";60,330473395833;Données Consolidées
2019/03/31;"Enveloppe haute 2014 - 2019";59,161723708333;Données Consolidées
2019/04/01;"Enveloppe haute 2014 - 2019";53,349933229167;Données Consolidées
2019/04/02;"Enveloppe haute 2014 - 2019";51,194562304348;Données Consolidées
2019/04/03;"Enveloppe haute 2014 - 2019";58,713718041667;Données Consolidées
2019/04/04;"Enveloppe haute 2014 - 2019";60,079284520833;Données Consolidées
2019/04/05;"Enveloppe haute 2014 - 2019";59,7451508125;Données Consolidées
2019/04/06;"Enveloppe haute 2014 - 2019";59,535200041667;Données Consolidées
2019/04/07;"Enveloppe haute 2014 - 2019";57,903168604167;Données Consolidées
2019/04/08;"Enveloppe haute 2014 - 2019";51,814755854167;Données Consolidées
2019/04/09;"Enveloppe haute 2014 - 2019";48,731976625;Données Consolidées
2019/04/10;"Enveloppe haute 2014 - 2019";53,04952475;Données Consolidées
2019/04/11;"Enveloppe haute 2014 - 2019";56,169675916667;Données Consolidées
2019/04/12;"Enveloppe haute 2014 - 2019";56,312686020833;Données Consolidées
2019/04/13;"Enveloppe haute 2014 - 2019";55,7506956875;Données Consolidées
2019/04/14;"Enveloppe haute 2014 - 2019";54,625310145833;Données Consolidées
2019/04/15;"Enveloppe haute 2014 - 2019";48,727748708333;Données Consolidées
2019/04/16;"Enveloppe haute 2014 - 2019";46,425669083333;Données Consolidées
2019/04/17;"Enveloppe haute 2014 - 2019";52,9974718125;Données Consolidées
2019/04/18;"Enveloppe haute 2014 - 2019";53,871309479167;Données Consolidées
2019/04/19;"Enveloppe haute 2014 - 2019";53,4743455;Données Consolidées
2019/04/20;"Enveloppe haute 2014 - 2019";53,439411104167;Données Consolidées
2019/04/21;"Enveloppe haute 2014 - 2019";52,2617931875;Données Consolidées
2019/04/22;"Enveloppe haute 2014 - 2019";46,939279854167;Données Consolidées
2019/04/23;"Enveloppe haute 2014 - 2019";43,916733875;Données Consolidées
2019/04/24;"Enveloppe haute 2014 - 2019";50,474778270833;Données Consolidées
2019/04/25;"Enveloppe haute 2014 - 2019";51,046239354167;Données Consolidées
2019/04/26;"Enveloppe haute 2014 - 2019";51,983922166667;Données Consolidées
2019/04/27;"Enveloppe haute 2014 - 2019";51,979464041667;Données Consolidées
2019/04/28;"Enveloppe haute 2014 - 2019";51,0875494375;Données Consolidées
2019/04/29;"Enveloppe haute 2014 - 2019";45,131944583333;Données Consolidées
2019/04/30;"Enveloppe haute 2014 - 2019";41,9792629375;Données Consolidées
2019/05/01;"Enveloppe haute 2014 - 2019";41,375341416667;Données Consolidées
2019/05/02;"Enveloppe haute 2014 - 2019";49,953036104167;Données Consolidées
2019/05/03;"Enveloppe haute 2014 - 2019";49,4435550625;Données Consolidées
2019/05/04;"Enveloppe haute 2014 - 2019";49,290533666667;Données Consolidées
2019/05/05;"Enveloppe haute 2014 - 2019";49,307192416667;Données Consolidées
2019/05/06;"Enveloppe haute 2014 - 2019";44,4742;Données Consolidées
2019/05/07;"Enveloppe haute 2014 - 2019";41,908523020833;Données Consolidées
2019/05/08;"Enveloppe haute 2014 - 2019";42,8643819375;Données Consolidées
2019/05/09;"Enveloppe haute 2014 - 2019";49,181569833333;Données Consolidées
2019/05/10;"Enveloppe haute 2014 - 2019";49,282624979167;Données Consolidées
2019/05/11;"Enveloppe haute 2014 - 2019";49,630315291667;Données Consolidées
2019/05/12;"Enveloppe haute 2014 - 2019";48,976942708333;Données Consolidées
2019/05/13;"Enveloppe haute 2014 - 2019";43,29106725;Données Consolidées
2019/05/14;"Enveloppe haute 2014 - 2019";40,652948229167;Données Consolidées
2019/05/15;"Enveloppe haute 2014 - 2019";47,48226275;Données Consolidées
2019/05/16;"Enveloppe haute 2014 - 2019";48,980100479167;Données Consolidées
2019/05/17;"Enveloppe haute 2014 - 2019";48,751929395833;Données Consolidées
2019/05/18;"Enveloppe haute 2014 - 2019";42,573224375;Données Consolidées
2019/05/19;"Enveloppe haute 2014 - 2019";48,255806208333;Données Consolidées
2019/05/20;"Enveloppe haute 2014 - 2019";42,6787338125;Données Consolidées
2019/05/21;"Enveloppe haute 2014 - 2019";39,688875791667;Données Consolidées
2019/05/22;"Enveloppe haute 2014 - 2019";46,940437666667;Données Consolidées
2019/05/23;"Enveloppe haute 2014 - 2019";48,1643510625;Données Consolidées
2019/05/24;"Enveloppe haute 2014 - 2019";48,84109175;Données Consolidées
2019/05/25;"Enveloppe haute 2014 - 2019";48,550472833333;Données Consolidées
2019/05/26;"Enveloppe haute 2014 - 2019";47,815753729167;Données Consolidées
2019/05/27;"Enveloppe haute 2014 - 2019";42,109175583333;Données Consolidées
2019/05/28;"Enveloppe haute 2014 - 2019";39,196595104167;Données Consolidées
2019/05/29;"Enveloppe haute 2014 - 2019";40,978014458333;Données Consolidées
2019/05/30;"Enveloppe haute 2014 - 2019";48,434639458333;Données Consolidées
2019/05/31;"Enveloppe haute 2014 - 2019";48,331098;Données Consolidées
2019/06/01;"Enveloppe haute 2014 - 2019";48,638113125;Données Consolidées
2019/06/02;"Enveloppe haute 2014 - 2019";48,087482125;Données Consolidées
2019/06/03;"Enveloppe haute 2014 - 2019";42,419750583333;Données Consolidées
2019/06/04;"Enveloppe haute 2014 - 2019";39,339691041667;Données Consolidées
2019/06/05;"Enveloppe haute 2014 - 2019";46,9235483125;Données Consolidées
2019/06/06;"Enveloppe haute 2014 - 2019";48,471329729167;Données Consolidées
2019/06/07;"Enveloppe haute 2014 - 2019";48,8620760625;Données Consolidées
2019/06/08;"Enveloppe haute 2014 - 2019";48,981632104167;Données Consolidées
2019/06/09;"Enveloppe haute 2014 - 2019";48,281476708333;Données Consolidées
2019/06/10;"Enveloppe haute 2014 - 2019";42,0191559375;Données Consolidées
2019/06/11;"Enveloppe haute 2014 - 2019";39,1216350625;Données Consolidées
2019/06/12;"Enveloppe haute 2014 - 2019";46,6144696875;Données Consolidées
2019/06/13;"Enveloppe haute 2014 - 2019";48,3184058125;Données Consolidées
2019/06/14;"Enveloppe haute 2014 - 2019";48,572309229167;Données Consolidées
2019/06/15;"Enveloppe haute 2014 - 2019";48,908297791667;Données Consolidées
2019/06/16;"Enveloppe haute 2014 - 2019";48,139509395833;Données Consolidées
2019/06/17;"Enveloppe haute 2014 - 2019";42,712149625;Données Consolidées
2019/06/18;"Enveloppe haute 2014 - 2019";40,0273490625;Données Consolidées
2019/06/19;"Enveloppe haute 2014 - 2019";48,211954666667;Données Consolidées
2019/06/20;"Enveloppe haute 2014 - 2019";49,980411541667;Données Consolidées
2019/06/21;"Enveloppe haute 2014 - 2019";50,528168041667;Données Consolidées
2019/06/22;"Enveloppe haute 2014 - 2019";50,864163708333;Données Consolidées
2019/06/23;"Enveloppe haute 2014 - 2019";49,222675083333;Données Consolidées
2019/06/24;"Enveloppe haute 2014 - 2019";43,2663645625;Données Consolidées
2019/06/25;"Enveloppe haute 2014 - 2019";40,114246916667;Données Consolidées
2019/06/26;"Enveloppe haute 2014 - 2019";47,684852458333;Données Consolidées
2019/06/27;"Enveloppe haute 2014 - 2019";48,9249475625;Données Consolidées
2019/06/28;"Enveloppe haute 2014 - 2019";49,085481604167;Données Consolidées
2019/06/29;"Enveloppe haute 2014 - 2019";49,379832895833;Données Consolidées
2019/06/30;"Enveloppe haute 2014 - 2019";48,488374104167;Données Consolidées
2019/07/01;"Enveloppe haute 2014 - 2019";43,545943354167;Données Consolidées
2019/07/02;"Enveloppe haute 2014 - 2019";40,730943645833;Données Consolidées
2019/07/03;"Enveloppe haute 2014 - 2019";47,7621375;Données Consolidées
2019/07/04;"Enveloppe haute 2014 - 2019";49,5057535;Données Consolidées
2019/07/05;"Enveloppe haute 2014 - 2019";49,568989333333;Données Consolidées
2019/07/06;"Enveloppe haute 2014 - 2019";49,793295333333;Données Consolidées
2019/07/07;"Enveloppe haute 2014 - 2019";49,67256975;Données Consolidées
2019/07/08;"Enveloppe haute 2014 - 2019";43,869618541667;Données Consolidées
2019/07/09;"Enveloppe haute 2014 - 2019";40,5172310625;Données Consolidées
2019/07/10;"Enveloppe haute 2014 - 2019";48,393261458333;Données Consolidées
2019/07/11;"Enveloppe haute 2014 - 2019";49,887988166667;Données Consolidées
2019/07/12;"Enveloppe haute 2014 - 2019";49,165402666667;Données Consolidées
2019/07/13;"Enveloppe haute 2014 - 2019";49,5340719375;Données Consolidées
2019/07/14;"Enveloppe haute 2014 - 2019";41,955648833333;Données Consolidées
2019/07/15;"Enveloppe haute 2014 - 2019";43,182595145833;Données Consolidées
2019/07/16;"Enveloppe haute 2014 - 2019";39,75243825;Données Consolidées
2019/07/17;"Enveloppe haute 2014 - 2019";47,7340545;Données Consolidées
2019/07/18;"Enveloppe haute 2014 - 2019";49,3322673125;Données Consolidées
2019/07/19;"Enveloppe haute 2014 - 2019";49,189122416667;Données Consolidées
2019/07/20;"Enveloppe haute 2014 - 2019";49,721033;Données Consolidées
2019/07/21;"Enveloppe haute 2014 - 2019";49,116098520833;Données Consolidées
2019/07/22;"Enveloppe haute 2014 - 2019";43,1343208125;Données Consolidées
2019/07/23;"Enveloppe haute 2014 - 2019";40,326827958333;Données Consolidées
2019/07/24;"Enveloppe haute 2014 - 2019";47,833763208333;Données Consolidées
2019/07/25;"Enveloppe haute 2014 - 2019";49,439652208333;Données Consolidées
2019/07/26;"Enveloppe haute 2014 - 2019";49,595840979167;Données Consolidées
2019/07/27;"Enveloppe haute 2014 - 2019";49,218367145833;Données Consolidées
2019/07/28;"Enveloppe haute 2014 - 2019";47,7793914375;Données Consolidées
2019/07/29;"Enveloppe haute 2014 - 2019";41,846150645833;Données Consolidées
2019/07/30;"Enveloppe haute 2014 - 2019";39,3262933125;Données Consolidées
2019/07/31;"Enveloppe haute 2014 - 2019";45,6205141875;Données Consolidées
2019/08/01;"Enveloppe haute 2014 - 2019";46,5963843125;Données Consolidées
2019/08/02;"Enveloppe haute 2014 - 2019";46,57220475;Données Consolidées
2019/08/03;"Enveloppe haute 2014 - 2019";46,6780546875;Données Consolidées
2019/08/04;"Enveloppe haute 2014 - 2019";45,662234791667;Données Consolidées
2019/08/05;"Enveloppe haute 2014 - 2019";40,814596354167;Données Consolidées
2019/08/06;"Enveloppe haute 2014 - 2019";38,282036020833;Données Consolidées
2019/08/07;"Enveloppe haute 2014 - 2019";43,179540104167;Données Consolidées
2019/08/08;"Enveloppe haute 2014 - 2019";43,596020916667;Données Consolidées
2019/08/09;"Enveloppe haute 2014 - 2019";43,537305791667;Données Consolidées
2019/08/10;"Enveloppe haute 2014 - 2019";43,95333475;Données Consolidées
2019/08/11;"Enveloppe haute 2014 - 2019";43,5655694375;Données Consolidées
2019/08/12;"Enveloppe haute 2014 - 2019";40,004164541667;Données Consolidées
2019/08/13;"Enveloppe haute 2014 - 2019";37,0395429375;Données Consolidées
2019/08/14;"Enveloppe haute 2014 - 2019";41,002166375;Données Consolidées
2019/08/15;"Enveloppe haute 2014 - 2019";38,8402878125;Données Consolidées
2019/08/16;"Enveloppe haute 2014 - 2019";43,278170270833;Données Consolidées
2019/08/17;"Enveloppe haute 2014 - 2019";43,637023270833;Données Consolidées
2019/08/18;"Enveloppe haute 2014 - 2019";43,9413454375;Données Consolidées
2019/08/19;"Enveloppe haute 2014 - 2019";40,322101041667;Données Consolidées
2019/08/20;"Enveloppe haute 2014 - 2019";37,787537875;Données Consolidées
2019/08/21;"Enveloppe haute 2014 - 2019";44,489255354167;Données Consolidées
2019/08/22;"Enveloppe haute 2014 - 2019";46,043950041667;Données Consolidées
2019/08/23;"Enveloppe haute 2014 - 2019";46,181768083333;Données Consolidées
2019/08/24;"Enveloppe haute 2014 - 2019";46,436646916667;Données Consolidées
2019/08/25;"Enveloppe haute 2014 - 2019";46,097017020833;Données Consolidées
2019/08/26;"Enveloppe haute 2014 - 2019";41,5585351875;Données Consolidées
2019/08/27;"Enveloppe haute 2014 - 2019";38,836055208333;Données Consolidées
2019/08/28;"Enveloppe haute 2014 - 2019";46,547755125;Données Consolidées
2019/08/29;"Enveloppe haute 2014 - 2019";48,162552395833;Données Consolidées
2019/08/30;"Enveloppe haute 2014 - 2019";48,146700375;Données Consolidées
2019/08/31;"Enveloppe haute 2014 - 2019";48,102050666667;Données Consolidées
2019/09/01;"Enveloppe haute 2014 - 2019";47,713265270833;Données Consolidées
2019/09/02;"Enveloppe haute 2014 - 2019";42,1121238125;Données Consolidées
2019/09/03;"Enveloppe haute 2014 - 2019";39,299461291667;Données Consolidées
2019/09/04;"Enveloppe haute 2014 - 2019";46,860314145833;Données Consolidées
2019/09/05;"Enveloppe haute 2014 - 2019";48,38441075;Données Consolidées
2019/09/06;"Enveloppe haute 2014 - 2019";47,9915235;Données Consolidées
2019/09/07;"Enveloppe haute 2014 - 2019";48,288010604167;Données Consolidées
2019/09/08;"Enveloppe haute 2014 - 2019";47,7939640625;Données Consolidées
2019/09/09;"Enveloppe haute 2014 - 2019";42,064228541667;Données Consolidées
2019/09/10;"Enveloppe haute 2014 - 2019";39,222986895833;Données Consolidées
2019/09/11;"Enveloppe haute 2014 - 2019";46,767472041667;Données Consolidées
2019/09/12;"Enveloppe haute 2014 - 2019";48,104640604167;Données Consolidées
2019/09/13;"Enveloppe haute 2014 - 2019";48,99527825;Données Consolidées
2019/09/14;"Enveloppe haute 2014 - 2019";48,875092041667;Données Consolidées
2019/09/15;"Enveloppe haute 2014 - 2019";47,791909875;Données Consolidées
2019/09/16;"Enveloppe haute 2014 - 2019";42,164611875;Données Consolidées
2019/09/17;"Enveloppe haute 2014 - 2019";39,998728041667;Données Consolidées
2019/09/18;"Enveloppe haute 2014 - 2019";47,378535895833;Données Consolidées
2019/09/19;"Enveloppe haute 2014 - 2019";48,730078875;Données Consolidées
2019/09/20;"Enveloppe haute 2014 - 2019";49,217238666667;Données Consolidées
2019/09/21;"Enveloppe haute 2014 - 2019";48,965369375;Données Consolidées
2019/09/22;"Enveloppe haute 2014 - 2019";48,539475270833;Données Consolidées
2019/09/23;"Enveloppe haute 2014 - 2019";43,107699958333;Données Consolidées
2019/09/24;"Enveloppe haute 2014 - 2019";40,5766546875;Données Consolidées
2019/09/25;"Enveloppe haute 2014 - 2019";47,964028395833;Données Consolidées
2019/09/26;"Enveloppe haute 2014 - 2019";49,0632215;Données Consolidées
2019/09/27;"Enveloppe haute 2014 - 2019";49,192045875;Données Consolidées
2019/09/28;"Enveloppe haute 2014 - 2019";49,248896791667;Données Consolidées
2019/09/29;"Enveloppe haute 2014 - 2019";48,501578916667;Données Consolidées
2019/09/30;"Enveloppe haute 2014 - 2019";43,368743145833;Données Consolidées
2019/10/01;"Enveloppe haute 2014 - 2019";41,345311333333;Données Consolidées
2019/10/02;"Enveloppe haute 2014 - 2019";48,88580225;Données Consolidées
2019/10/03;"Enveloppe haute 2014 - 2019";49,805944916667;Données Consolidées
2019/10/04;"Enveloppe haute 2014 - 2019";50,147239104167;Données Consolidées
2019/10/05;"Enveloppe haute 2014 - 2019";50,703024166667;Données Consolidées
2019/10/06;"Enveloppe haute 2014 - 2019";50,197002833333;Données Consolidées
2019/10/07;"Enveloppe haute 2014 - 2019";44,676219645833;Données Consolidées
2019/10/08;"Enveloppe haute 2014 - 2019";42,362383104167;Données Consolidées
2019/10/09;"Enveloppe haute 2014 - 2019";49,874306083333;Données Consolidées
2019/10/10;"Enveloppe haute 2014 - 2019";51,114680104167;Données Consolidées
2019/10/11;"Enveloppe haute 2014 - 2019";52,032150520833;Données Consolidées
2019/10/12;"Enveloppe haute 2014 - 2019";51,740330354167;Données Consolidées
2019/10/13;"Enveloppe haute 2014 - 2019";51,592774333333;Données Consolidées
2019/10/14;"Enveloppe haute 2014 - 2019";46,285551229167;Données Consolidées
2019/10/15;"Enveloppe haute 2014 - 2019";44,234893354167;Données Consolidées
2019/10/16;"Enveloppe haute 2014 - 2019";51,908809833333;Données Consolidées
2019/10/17;"Enveloppe haute 2014 - 2019";53,1692889375;Données Consolidées
2019/10/18;"Enveloppe haute 2014 - 2019";53,373746125;Données Consolidées
2019/10/19;"Enveloppe haute 2014 - 2019";53,438799979167;Données Consolidées
2019/10/20;"Enveloppe haute 2014 - 2019";53,05992025;Données Consolidées
2019/10/21;"Enveloppe haute 2014 - 2019";47,56860425;Données Consolidées
2019/10/22;"Enveloppe haute 2014 - 2019";45,671001208333;Données Consolidées
2019/10/23;"Enveloppe haute 2014 - 2019";53,535996166667;Données Consolidées
2019/10/24;"Enveloppe haute 2014 - 2019";55,173973625;Données Consolidées
2019/10/25;"Enveloppe haute 2014 - 2019";55,308951729167;Données Consolidées
2019/10/26;"Enveloppe haute 2014 - 2019";55,824626229167;Données Consolidées
2019/10/27;"Enveloppe haute 2014 - 2019";55,4680375625;Données Consolidées
2019/10/28;"Enveloppe haute 2014 - 2019";50,033028979167;Données Consolidées
2019/10/29;"Enveloppe haute 2014 - 2019";47,81446368;Données Consolidées
2019/10/30;"Enveloppe haute 2014 - 2019";55,55345925;Données Consolidées
2019/10/31;"Enveloppe haute 2014 - 2019";57,516311104167;Données Consolidées
2019/11/01;"Enveloppe haute 2014 - 2019";51,850582291667;Données Consolidées
2019/11/02;"Enveloppe haute 2014 - 2019";57,906772;Données Consolidées
2019/11/03;"Enveloppe haute 2014 - 2019";57,904961708333;Données Consolidées
2019/11/04;"Enveloppe haute 2014 - 2019";53,043974375;Données Consolidées
2019/11/05;"Enveloppe haute 2014 - 2019";51,012945375;Données Consolidées
2019/11/06;"Enveloppe haute 2014 - 2019";59,034328229167;Données Consolidées
2019/11/07;"Enveloppe haute 2014 - 2019";61,126961791667;Données Consolidées
2019/11/08;"Enveloppe haute 2014 - 2019";61,596019208333;Données Consolidées
2019/11/09;"Enveloppe haute 2014 - 2019";61,656712520833;Données Consolidées
2019/11/10;"Enveloppe haute 2014 - 2019";61,567447520833;Données Consolidées
2019/11/11;"Enveloppe haute 2014 - 2019";56,6621630625;Données Consolidées
2019/11/12;"Enveloppe haute 2014 - 2019";53,908000520833;Données Consolidées
2019/11/13;"Enveloppe haute 2014 - 2019";62,548629416667;Données Consolidées
2019/11/14;"Enveloppe haute 2014 - 2019";63,411464145833;Données Consolidées
2019/11/15;"Enveloppe haute 2014 - 2019";63,4581454375;Données Consolidées
2019/11/16;"Enveloppe haute 2014 - 2019";63,900016791667;Données Consolidées
2019/11/17;"Enveloppe haute 2014 - 2019";63,9602115625;Données Consolidées
2019/11/18;"Enveloppe haute 2014 - 2019";58,644887770833;Données Consolidées
2019/11/19;"Enveloppe haute 2014 - 2019";57,0128344375;Données Consolidées
2019/11/20;"Enveloppe haute 2014 - 2019";65,423412666667;Données Consolidées
2019/11/21;"Enveloppe haute 2014 - 2019";66,938619583333;Données Consolidées
2019/11/22;"Enveloppe haute 2014 - 2019";67,268066833333;Données Consolidées
2019/11/23;"Enveloppe haute 2014 - 2019";67,942399291667;Données Consolidées
2019/11/24;"Enveloppe haute 2014 - 2019";67,774969854167;Données Consolidées
2019/11/25;"Enveloppe haute 2014 - 2019";61,932857604167;Données Consolidées
2019/11/26;"Enveloppe haute 2014 - 2019";59,5375618125;Données Consolidées
2019/11/27;"Enveloppe haute 2014 - 2019";67,8172555625;Données Consolidées
2019/11/28;"Enveloppe haute 2014 - 2019";69,611753208333;Données Consolidées
2019/11/29;"Enveloppe haute 2014 - 2019";69,542060166667;Données Consolidées
2019/11/30;"Enveloppe haute 2014 - 2019";69,658096375;Données Consolidées
2019/12/01;"Enveloppe haute 2014 - 2019";70,1192045625;Données Consolidées
2019/12/02;"Enveloppe haute 2014 - 2019";64,321009875;Données Consolidées
2019/12/03;"Enveloppe haute 2014 - 2019";61,942460291667;Données Consolidées
2019/12/04;"Enveloppe haute 2014 - 2019";70,092234145833;Données Consolidées
2019/12/05;"Enveloppe haute 2014 - 2019";71,272634333333;Données Consolidées
2019/12/06;"Enveloppe haute 2014 - 2019";71,355321458333;Données Consolidées
2019/12/07;"Enveloppe haute 2014 - 2019";71,94469175;Données Consolidées
2019/12/08;"Enveloppe haute 2014 - 2019";71,551470979167;Données Consolidées
2019/12/09;"Enveloppe haute 2014 - 2019";67,260308291667;Données Consolidées
2019/12/10;"Enveloppe haute 2014 - 2019";65,600523708333;Données Consolidées
2019/12/11;"Enveloppe haute 2014 - 2019";72,783083979167;Données Consolidées
2019/12/12;"Enveloppe haute 2014 - 2019";73,416283958333;Données Consolidées
2019/12/13;"Enveloppe haute 2014 - 2019";73,975994958333;Données Consolidées
2019/12/14;"Enveloppe haute 2014 - 2019";73,9707063125;Données Consolidées
2019/12/15;"Enveloppe haute 2014 - 2019";73,276017729167;Données Consolidées
2019/12/16;"Enveloppe haute 2014 - 2019";67,879378875;Données Consolidées
2019/12/17;"Enveloppe haute 2014 - 2019";65,8604328125;Données Consolidées
2019/12/18;"Enveloppe haute 2014 - 2019";73,187854979167;Données Consolidées
2019/12/19;"Enveloppe haute 2014 - 2019";74,299212583333;Données Consolidées
2019/12/20;"Enveloppe haute 2014 - 2019";74,2995423125;Données Consolidées
2019/12/21;"Enveloppe haute 2014 - 2019";74,255118458333;Données Consolidées
2019/12/22;"Enveloppe haute 2014 - 2019";73,373527291667;Données Consolidées
2019/12/23;"Enveloppe haute 2014 - 2019";67,980813729167;Données Consolidées
2019/12/24;"Enveloppe haute 2014 - 2019";65,9456995;Données Consolidées
2019/12/25;"Enveloppe haute 2014 - 2019";62,6493964375;Données Consolidées
2019/12/26;"Enveloppe haute 2014 - 2019";72,8682326875;Données Consolidées
2019/12/27;"Enveloppe haute 2014 - 2019";72,3112708125;Données Consolidées
2019/12/28;"Enveloppe haute 2014 - 2019";71,538496291667;Données Consolidées
2019/12/29;"Enveloppe haute 2014 - 2019";69,530007791667;Données Consolidées
2019/12/30;"Enveloppe haute 2014 - 2019";66,799752375;Données Consolidées
2019/12/31;"Enveloppe haute 2014 - 2019";65,480740291667;Données Consolidées
