Date;Filière;Valeur
2014/01/01;"Température réalisée (°C)";8,17
2014/01/02;"Température réalisée (°C)";9,63
2014/01/03;"Température réalisée (°C)";9,88
2014/01/04;"Température réalisée (°C)";8,95
2014/01/05;"Température réalisée (°C)";7,21
2014/01/06;"Température réalisée (°C)";10,19
2014/01/07;"Température réalisée (°C)";10,75
2014/01/08;"Température réalisée (°C)";10,52
2014/01/09;"Température réalisée (°C)";9,88
2014/01/10;"Température réalisée (°C)";6,9
2014/01/11;"Température réalisée (°C)";7,43
2014/01/12;"Température réalisée (°C)";6,56
2014/01/13;"Température réalisée (°C)";7,66
2014/01/14;"Température réalisée (°C)";5,66
2014/01/15;"Température réalisée (°C)";6,23
2014/01/16;"Température réalisée (°C)";8,15
2014/01/17;"Température réalisée (°C)";7,66
2014/01/18;"Température réalisée (°C)";7,12
2014/01/19;"Température réalisée (°C)";6,66
2014/01/20;"Température réalisée (°C)";5,39
2014/01/21;"Température réalisée (°C)";4,39
2014/01/22;"Température réalisée (°C)";4,26
2014/01/23;"Température réalisée (°C)";6,19
2014/01/24;"Température réalisée (°C)";6,23
2014/01/25;"Température réalisée (°C)";6,21
2014/01/26;"Température réalisée (°C)";7,84
2014/01/27;"Température réalisée (°C)";5,62
2014/01/28;"Température réalisée (°C)";4,8
2014/01/29;"Température réalisée (°C)";4,58
2014/01/30;"Température réalisée (°C)";4,84
2014/01/31;"Température réalisée (°C)";4,61
2014/02/01;"Température réalisée (°C)";6,28
2014/02/02;"Température réalisée (°C)";5,11
2014/02/03;"Température réalisée (°C)";4,78
2014/02/04;"Température réalisée (°C)";6,45
2014/02/05;"Température réalisée (°C)";7,38
2014/02/06;"Température réalisée (°C)";8,07
2014/02/07;"Température réalisée (°C)";9,09
2014/02/08;"Température réalisée (°C)";7,1
2014/02/09;"Température réalisée (°C)";6,42
2014/02/10;"Température réalisée (°C)";6,58
2014/02/11;"Température réalisée (°C)";5,89
2014/02/12;"Température réalisée (°C)";6,6
2014/02/13;"Température réalisée (°C)";7,24
2014/02/14;"Température réalisée (°C)";8,3
2014/02/15;"Température réalisée (°C)";9,55
2014/02/16;"Température réalisée (°C)";7,34
2014/02/17;"Température réalisée (°C)";6,96
2014/02/18;"Température réalisée (°C)";7,5
2014/02/19;"Température réalisée (°C)";8,8
2014/02/20;"Température réalisée (°C)";9,52
2014/02/21;"Température réalisée (°C)";7,46
2014/02/22;"Température réalisée (°C)";7,12
2014/02/23;"Température réalisée (°C)";8,35
2014/02/24;"Température réalisée (°C)";9,27
2014/02/25;"Température réalisée (°C)";8,64
2014/02/26;"Température réalisée (°C)";6,75
2014/02/27;"Température réalisée (°C)";6,47
2014/02/28;"Température réalisée (°C)";6,24
2014/03/01;"Température réalisée (°C)";5,83
2014/03/02;"Température réalisée (°C)";5,95
2014/03/03;"Température réalisée (°C)";6,25
2014/03/04;"Température réalisée (°C)";6,81
2014/03/05;"Température réalisée (°C)";7,59
2014/03/06;"Température réalisée (°C)";8,03
2014/03/07;"Température réalisée (°C)";8,43
2014/03/08;"Température réalisée (°C)";10,39
2014/03/09;"Température réalisée (°C)";11,83
2014/03/10;"Température réalisée (°C)";10,98
2014/03/11;"Température réalisée (°C)";10,09
2014/03/12;"Température réalisée (°C)";10,34
2014/03/13;"Température réalisée (°C)";10,31
2014/03/14;"Température réalisée (°C)";10,62
2014/03/15;"Température réalisée (°C)";9,99
2014/03/16;"Température réalisée (°C)";11,28
2014/03/17;"Température réalisée (°C)";10,43
2014/03/18;"Température réalisée (°C)";10,46
2014/03/19;"Température réalisée (°C)";11,27
2014/03/20;"Température réalisée (°C)";12,05
2014/03/21;"Température réalisée (°C)";11,46
2014/03/22;"Température réalisée (°C)";8,91
2014/03/23;"Température réalisée (°C)";6,45
2014/03/24;"Température réalisée (°C)";6,45
2014/03/25;"Température réalisée (°C)";6,92
2014/03/26;"Température réalisée (°C)";7,1
2014/03/27;"Température réalisée (°C)";6,77
2014/03/28;"Température réalisée (°C)";9,31
2014/03/29;"Température réalisée (°C)";12,47
2014/03/30;"Température réalisée (°C)";13,4
2014/03/31;"Température réalisée (°C)";13,07
2014/11/01;"Température réalisée (°C)";14,31
2014/11/02;"Température réalisée (°C)";14,1
2014/11/03;"Température réalisée (°C)";13,2
2014/11/04;"Température réalisée (°C)";10,66
2014/11/05;"Température réalisée (°C)";8,47
2014/11/06;"Température réalisée (°C)";7,99
2014/11/07;"Température réalisée (°C)";9,7
2014/11/08;"Température réalisée (°C)";10,28
2014/11/09;"Température réalisée (°C)";9,93
2014/11/10;"Température réalisée (°C)";9,33
2014/11/11;"Température réalisée (°C)";10,81
2014/11/12;"Température réalisée (°C)";10,86
2014/11/13;"Température réalisée (°C)";10,43
2014/11/14;"Température réalisée (°C)";10,94
2014/11/15;"Température réalisée (°C)";10,38
2014/11/16;"Température réalisée (°C)";9,24
2014/11/17;"Température réalisée (°C)";8,76
2014/11/18;"Température réalisée (°C)";8,87
2014/11/19;"Température réalisée (°C)";7,94
2014/11/20;"Température réalisée (°C)";8,87
2014/11/21;"Température réalisée (°C)";10,34
2014/11/22;"Température réalisée (°C)";11,9
2014/11/23;"Température réalisée (°C)";12,81
2014/11/24;"Température réalisée (°C)";11,77
2014/11/25;"Température réalisée (°C)";11,02
2014/11/26;"Température réalisée (°C)";11,19
2014/11/27;"Température réalisée (°C)";10,57
2014/11/28;"Température réalisée (°C)";12,49
2014/11/29;"Température réalisée (°C)";10,82
2014/11/30;"Température réalisée (°C)";8,27
2014/12/01;"Température réalisée (°C)";6,35
2014/12/02;"Température réalisée (°C)";5,2
2014/12/03;"Température réalisée (°C)";4,57
2014/12/04;"Température réalisée (°C)";4,59
2014/12/05;"Température réalisée (°C)";5,41
2014/12/06;"Température réalisée (°C)";5,1
2014/12/07;"Température réalisée (°C)";4,96
2014/12/08;"Température réalisée (°C)";5,61
2014/12/09;"Température réalisée (°C)";4,28
2014/12/10;"Température réalisée (°C)";6,29
2014/12/11;"Température réalisée (°C)";7,97
2014/12/12;"Température réalisée (°C)";8,3
2014/12/13;"Température réalisée (°C)";7,3
2014/12/14;"Température réalisée (°C)";5,67
2014/12/15;"Température réalisée (°C)";6,76
2014/12/16;"Température réalisée (°C)";7,79
2014/12/17;"Température réalisée (°C)";8,82
2014/12/18;"Température réalisée (°C)";11,39
2014/12/19;"Température réalisée (°C)";10,59
2014/12/20;"Température réalisée (°C)";8,61
2014/12/21;"Température réalisée (°C)";7,28
2014/12/22;"Température réalisée (°C)";7,12
2014/12/23;"Température réalisée (°C)";6,32
2014/12/24;"Température réalisée (°C)";7,38
2014/12/25;"Température réalisée (°C)";6,82
2014/12/26;"Température réalisée (°C)";4,67
2014/12/27;"Température réalisée (°C)";5,53
2014/12/28;"Température réalisée (°C)";1,37
2014/12/29;"Température réalisée (°C)";-0,49
2014/12/30;"Température réalisée (°C)";1,56
2014/12/31;"Température réalisée (°C)";1,84
2015/01/01;"Température réalisée (°C)";1,46
2015/01/02;"Température réalisée (°C)";4,66
2015/01/03;"Température réalisée (°C)";7,84
2015/01/04;"Température réalisée (°C)";7,57
2015/01/05;"Température réalisée (°C)";3,14
2015/01/06;"Température réalisée (°C)";2,86
2015/01/07;"Température réalisée (°C)";4,32
2015/01/08;"Température réalisée (°C)";7,78
2015/01/09;"Température réalisée (°C)";10,24
2015/01/10;"Température réalisée (°C)";11,63
2015/01/11;"Température réalisée (°C)";7,39
2015/01/12;"Température réalisée (°C)";6,67
2015/01/13;"Température réalisée (°C)";8,5
2015/01/14;"Température réalisée (°C)";7,73
2015/01/15;"Température réalisée (°C)";8,65
2015/01/16;"Température réalisée (°C)";6,92
2015/01/17;"Température réalisée (°C)";3,99
2015/01/18;"Température réalisée (°C)";2,85
2015/01/19;"Température réalisée (°C)";2,89
2015/01/20;"Température réalisée (°C)";1,89
2015/01/21;"Température réalisée (°C)";2,26
2015/01/22;"Température réalisée (°C)";2,01
2015/01/23;"Température réalisée (°C)";1,46
2015/01/24;"Température réalisée (°C)";2,81
2015/01/25;"Température réalisée (°C)";3,23
2015/01/26;"Température réalisée (°C)";5,12
2015/01/27;"Température réalisée (°C)";5,27
2015/01/28;"Température réalisée (°C)";6
2015/01/29;"Température réalisée (°C)";5,85
2015/01/30;"Température réalisée (°C)";3,88
2015/01/31;"Température réalisée (°C)";3,33
2015/02/01;"Température réalisée (°C)";3,17
2015/02/02;"Température réalisée (°C)";2,49
2015/02/03;"Température réalisée (°C)";0,82
2015/02/04;"Température réalisée (°C)";1,29
2015/02/05;"Température réalisée (°C)";1,03
2015/02/06;"Température réalisée (°C)";0,28
2015/02/07;"Température réalisée (°C)";1,35
2015/02/08;"Température réalisée (°C)";3,41
2015/02/09;"Température réalisée (°C)";2,78
2015/02/10;"Température réalisée (°C)";3,47
2015/02/11;"Température réalisée (°C)";3,79
2015/02/12;"Température réalisée (°C)";3,86
2015/02/13;"Température réalisée (°C)";6,78
2015/02/14;"Température réalisée (°C)";6,92
2015/02/15;"Température réalisée (°C)";5,96
2015/02/16;"Température réalisée (°C)";5,23
2015/02/17;"Température réalisée (°C)";5,79
2015/02/18;"Température réalisée (°C)";4,13
2015/02/19;"Température réalisée (°C)";4,26
2015/02/20;"Température réalisée (°C)";6,66
2015/02/21;"Température réalisée (°C)";4,81
2015/02/22;"Température réalisée (°C)";4,24
2015/02/23;"Température réalisée (°C)";6,72
2015/02/24;"Température réalisée (°C)";5,68
2015/02/25;"Température réalisée (°C)";6,74
2015/02/26;"Température réalisée (°C)";8,34
2015/02/27;"Température réalisée (°C)";6,08
2015/02/28;"Température réalisée (°C)";5,76
2015/03/01;"Température réalisée (°C)";9,6
2015/03/02;"Température réalisée (°C)";9,48
2015/03/03;"Température réalisée (°C)";7,87
2015/03/04;"Température réalisée (°C)";5,98
2015/03/05;"Température réalisée (°C)";5,75
2015/03/06;"Température réalisée (°C)";6,24
2015/03/07;"Température réalisée (°C)";7,75
2015/03/08;"Température réalisée (°C)";8,94
2015/03/09;"Température réalisée (°C)";9,13
2015/03/10;"Température réalisée (°C)";9,5
2015/03/11;"Température réalisée (°C)";10,37
2015/03/12;"Température réalisée (°C)";9,14
2015/03/13;"Température réalisée (°C)";7,67
2015/03/14;"Température réalisée (°C)";6,44
2015/03/15;"Température réalisée (°C)";6,21
2015/03/16;"Température réalisée (°C)";7,74
2015/03/17;"Température réalisée (°C)";9,81
2015/03/18;"Température réalisée (°C)";10,69
2015/03/19;"Température réalisée (°C)";8,65
2015/03/20;"Température réalisée (°C)";8,51
2015/03/21;"Température réalisée (°C)";7,83
2015/03/22;"Température réalisée (°C)";7,27
2015/03/23;"Température réalisée (°C)";7,9
2015/03/24;"Température réalisée (°C)";7,7
2015/03/25;"Température réalisée (°C)";6,21
2015/03/26;"Température réalisée (°C)";6,89
2015/03/27;"Température réalisée (°C)";8,93
2015/03/28;"Température réalisée (°C)";10,7
2015/03/29;"Température réalisée (°C)";11,64
2015/03/30;"Température réalisée (°C)";12,06
2015/03/31;"Température réalisée (°C)";12,33
2015/11/01;"Température réalisée (°C)";12,33
2015/11/02;"Température réalisée (°C)";11,11
2015/11/03;"Température réalisée (°C)";12,84
2015/11/04;"Température réalisée (°C)";13,78
2015/11/05;"Température réalisée (°C)";13,87
2015/11/06;"Température réalisée (°C)";15,45
2015/11/07;"Température réalisée (°C)";15,98
2015/11/08;"Température réalisée (°C)";15,08
2015/11/09;"Température réalisée (°C)";14,47
2015/11/10;"Température réalisée (°C)";12,44
2015/11/11;"Température réalisée (°C)";11,55
2015/11/12;"Température réalisée (°C)";11,38
2015/11/13;"Température réalisée (°C)";11,59
2015/11/14;"Température réalisée (°C)";10,31
2015/11/15;"Température réalisée (°C)";12,08
2015/11/16;"Température réalisée (°C)";11,82
2015/11/17;"Température réalisée (°C)";13,51
2015/11/18;"Température réalisée (°C)";13,9
2015/11/19;"Température réalisée (°C)";14,01
2015/11/20;"Température réalisée (°C)";12,63
2015/11/21;"Température réalisée (°C)";6,77
2015/11/22;"Température réalisée (°C)";4,08
2015/11/23;"Température réalisée (°C)";3,06
2015/11/24;"Température réalisée (°C)";3,6
2015/11/25;"Température réalisée (°C)";7,76
2015/11/26;"Température réalisée (°C)";6,98
2015/11/27;"Température réalisée (°C)";4,75
2015/11/28;"Température réalisée (°C)";6,43
2015/11/29;"Température réalisée (°C)";9,59
2015/11/30;"Température réalisée (°C)";10,54
2015/12/01;"Température réalisée (°C)";10,44
2015/12/02;"Température réalisée (°C)";8,34
2015/12/03;"Température réalisée (°C)";7,48
2015/12/04;"Température réalisée (°C)";8,8
2015/12/05;"Température réalisée (°C)";6,87
2015/12/06;"Température réalisée (°C)";9,87
2015/12/07;"Température réalisée (°C)";10,41
2015/12/08;"Température réalisée (°C)";9,51
2015/12/09;"Température réalisée (°C)";7,61
2015/12/10;"Température réalisée (°C)";4,66
2015/12/11;"Température réalisée (°C)";6,71
2015/12/12;"Température réalisée (°C)";8,01
2015/12/13;"Température réalisée (°C)";6,21
2015/12/14;"Température réalisée (°C)";6,61
2015/12/15;"Température réalisée (°C)";9,51
2015/12/16;"Température réalisée (°C)";11,54
2015/12/17;"Température réalisée (°C)";11,66
2015/12/18;"Température réalisée (°C)";11,3
2015/12/19;"Température réalisée (°C)";11,14
2015/12/20;"Température réalisée (°C)";11,42
2015/12/21;"Température réalisée (°C)";10,76
2015/12/22;"Température réalisée (°C)";10,78
2015/12/23;"Température réalisée (°C)";10,34
2015/12/24;"Température réalisée (°C)";10,54
2015/12/25;"Température réalisée (°C)";10,55
2015/12/26;"Température réalisée (°C)";9,69
2015/12/27;"Température réalisée (°C)";9,04
2015/12/28;"Température réalisée (°C)";8,86
2015/12/29;"Température réalisée (°C)";9,06
2015/12/30;"Température réalisée (°C)";8,17
2015/12/31;"Température réalisée (°C)";8,71
2016/01/01;"Température réalisée (°C)";7,01
2016/01/02;"Température réalisée (°C)";8,72
2016/01/03;"Température réalisée (°C)";7,19
2016/01/04;"Température réalisée (°C)";7,79
2016/01/05;"Température réalisée (°C)";7,25
2016/01/06;"Température réalisée (°C)";7
2016/01/07;"Température réalisée (°C)";8,21
2016/01/08;"Température réalisée (°C)";7,23
2016/01/09;"Température réalisée (°C)";8,73
2016/01/10;"Température réalisée (°C)";7,67
2016/01/11;"Température réalisée (°C)";8,07
2016/01/12;"Température réalisée (°C)";6,9
2016/01/13;"Température réalisée (°C)";5,09
2016/01/14;"Température réalisée (°C)";4,63
2016/01/15;"Température réalisée (°C)";3,3
2016/01/16;"Température réalisée (°C)";2,56
2016/01/17;"Température réalisée (°C)";2,27
2016/01/18;"Température réalisée (°C)";0,84
2016/01/19;"Température réalisée (°C)";2,08
2016/01/20;"Température réalisée (°C)";1,89
2016/01/21;"Température réalisée (°C)";1,62
2016/01/22;"Température réalisée (°C)";4,07
2016/01/23;"Température réalisée (°C)";7,2
2016/01/24;"Température réalisée (°C)";7,6
2016/01/25;"Température réalisée (°C)";8,78
2016/01/26;"Température réalisée (°C)";9,24
2016/01/27;"Température réalisée (°C)";9,96
2016/01/28;"Température réalisée (°C)";8,78
2016/01/29;"Température réalisée (°C)";7,73
2016/01/30;"Température réalisée (°C)";8,22
2016/01/31;"Température réalisée (°C)";10,66
2016/02/01;"Température réalisée (°C)";11,84
2016/02/02;"Température réalisée (°C)";10,13
2016/02/03;"Température réalisée (°C)";7,07
2016/02/04;"Température réalisée (°C)";7
2016/02/05;"Température réalisée (°C)";8,95
2016/02/06;"Température réalisée (°C)";9,94
2016/02/07;"Température réalisée (°C)";8,49
2016/02/08;"Température réalisée (°C)";9,48
2016/02/09;"Température réalisée (°C)";8,01
2016/02/10;"Température réalisée (°C)";5,2
2016/02/11;"Température réalisée (°C)";4,77
2016/02/12;"Température réalisée (°C)";5,36
2016/02/13;"Température réalisée (°C)";7,71
2016/02/14;"Température réalisée (°C)";6,87
2016/02/15;"Température réalisée (°C)";4,34
2016/02/16;"Température réalisée (°C)";3,04
2016/02/17;"Température réalisée (°C)";1,96
2016/02/18;"Température réalisée (°C)";3,19
2016/02/19;"Température réalisée (°C)";4,84
2016/02/20;"Température réalisée (°C)";8,24
2016/02/21;"Température réalisée (°C)";10,72
2016/02/22;"Température réalisée (°C)";9,79
2016/02/23;"Température réalisée (°C)";8,1
2016/02/24;"Température réalisée (°C)";6,25
2016/02/25;"Température réalisée (°C)";5,55
2016/02/26;"Température réalisée (°C)";4,35
2016/02/27;"Température réalisée (°C)";4,98
2016/02/28;"Température réalisée (°C)";4,96
2016/02/29;"Température réalisée (°C)";4,67
2016/03/01;"Température réalisée (°C)";5,81
2016/03/02;"Température réalisée (°C)";8,05
2016/03/03;"Température réalisée (°C)";6,47
2016/03/04;"Température réalisée (°C)";6,57
2016/03/05;"Température réalisée (°C)";5,22
2016/03/06;"Température réalisée (°C)";4,55
2016/03/07;"Température réalisée (°C)";4
2016/03/08;"Température réalisée (°C)";4,36
2016/03/09;"Température réalisée (°C)";5,45
2016/03/10;"Température réalisée (°C)";6,43
2016/03/11;"Température réalisée (°C)";6,84
2016/03/12;"Température réalisée (°C)";6,69
2016/03/13;"Température réalisée (°C)";6,4
2016/03/14;"Température réalisée (°C)";6,82
2016/03/15;"Température réalisée (°C)";7,18
2016/03/16;"Température réalisée (°C)";6,12
2016/03/17;"Température réalisée (°C)";6,74
2016/03/18;"Température réalisée (°C)";6,9
2016/03/19;"Température réalisée (°C)";7,03
2016/03/20;"Température réalisée (°C)";7,19
2016/03/21;"Température réalisée (°C)";8,06
2016/03/22;"Température réalisée (°C)";8,52
2016/03/23;"Température réalisée (°C)";8,13
2016/03/24;"Température réalisée (°C)";8,43
2016/03/25;"Température réalisée (°C)";9,28
2016/03/26;"Température réalisée (°C)";11,24
2016/03/27;"Température réalisée (°C)";9,46
2016/03/28;"Température réalisée (°C)";10,22
2016/03/29;"Température réalisée (°C)";10,45
2016/03/30;"Température réalisée (°C)";11
2016/03/31;"Température réalisée (°C)";9,53
2016/11/01;"Température réalisée (°C)";10,74
2016/11/02;"Température réalisée (°C)";10,3
2016/11/03;"Température réalisée (°C)";7,72
2016/11/04;"Température réalisée (°C)";8,35
2016/11/05;"Température réalisée (°C)";9,88
2016/11/06;"Température réalisée (°C)";6,52
2016/11/07;"Température réalisée (°C)";4,88
2016/11/08;"Température réalisée (°C)";5,36
2016/11/09;"Température réalisée (°C)";7,21
2016/11/10;"Température réalisée (°C)";9,18
2016/11/11;"Température réalisée (°C)";8,14
2016/11/12;"Température réalisée (°C)";5,98
2016/11/13;"Température réalisée (°C)";8,41
2016/11/14;"Température réalisée (°C)";7,33
2016/11/15;"Température réalisée (°C)";8,59
2016/11/16;"Température réalisée (°C)";10,14
2016/11/17;"Température réalisée (°C)";10,91
2016/11/18;"Température réalisée (°C)";9,8
2016/11/19;"Température réalisée (°C)";8,01
2016/11/20;"Température réalisée (°C)";11,42
2016/11/21;"Température réalisée (°C)";12,88
2016/11/22;"Température réalisée (°C)";10,43
2016/11/23;"Température réalisée (°C)";10,88
2016/11/24;"Température réalisée (°C)";10,92
2016/11/25;"Température réalisée (°C)";9,03
2016/11/26;"Température réalisée (°C)";8,3
2016/11/27;"Température réalisée (°C)";7,48
2016/11/28;"Température réalisée (°C)";5,63
2016/11/29;"Température réalisée (°C)";2,87
2016/11/30;"Température réalisée (°C)";3,26
2016/12/01;"Température réalisée (°C)";2,94
2016/12/02;"Température réalisée (°C)";3,7
2016/12/03;"Température réalisée (°C)";4,19
2016/12/04;"Température réalisée (°C)";4,04
2016/12/05;"Température réalisée (°C)";6,07
2016/12/06;"Température réalisée (°C)";5,97
2016/12/07;"Température réalisée (°C)";5,66
2016/12/08;"Température réalisée (°C)";5,79
2016/12/09;"Température réalisée (°C)";6,15
2016/12/10;"Température réalisée (°C)";5,47
2016/12/11;"Température réalisée (°C)";6,37
2016/12/12;"Température réalisée (°C)";6,06
2016/12/13;"Température réalisée (°C)";6,42
2016/12/14;"Température réalisée (°C)";5,89
2016/12/15;"Température réalisée (°C)";5,7
2016/12/16;"Température réalisée (°C)";7,24
2016/12/17;"Température réalisée (°C)";4,95
2016/12/18;"Température réalisée (°C)";3,3
2016/12/19;"Température réalisée (°C)";3,7
2016/12/20;"Température réalisée (°C)";4,29
2016/12/21;"Température réalisée (°C)";4,78
2016/12/22;"Température réalisée (°C)";6,44
2016/12/23;"Température réalisée (°C)";6,32
2016/12/24;"Température réalisée (°C)";8,24
2016/12/25;"Température réalisée (°C)";8,96
2016/12/26;"Température réalisée (°C)";8,65
2016/12/27;"Température réalisée (°C)";4,78
2016/12/28;"Température réalisée (°C)";3,6
2016/12/29;"Température réalisée (°C)";1,5
2016/12/30;"Température réalisée (°C)";0,17
2016/12/31;"Température réalisée (°C)";-0,62
2017/01/01;"Température réalisée (°C)";0,41
2017/01/02;"Température réalisée (°C)";2,34
2017/01/03;"Température réalisée (°C)";1,22
2017/01/04;"Température réalisée (°C)";2,15
2017/01/05;"Température réalisée (°C)";2,83
2017/01/06;"Température réalisée (°C)";-0,73
2017/01/07;"Température réalisée (°C)";-0,57
2017/01/08;"Température réalisée (°C)";4,11
2017/01/09;"Température réalisée (°C)";4,98
2017/01/10;"Température réalisée (°C)";5,36
2017/01/11;"Température réalisée (°C)";6,58
2017/01/12;"Température réalisée (°C)";6,93
2017/01/13;"Température réalisée (°C)";4,09
2017/01/14;"Température réalisée (°C)";3,06
2017/01/15;"Température réalisée (°C)";2,8
2017/01/16;"Température réalisée (°C)";2,79
2017/01/17;"Température réalisée (°C)";-0,76
2017/01/18;"Température réalisée (°C)";-1,71
2017/01/19;"Température réalisée (°C)";-1,74
2017/01/20;"Température réalisée (°C)";-1,22
2017/01/21;"Température réalisée (°C)";-0,16
2017/01/22;"Température réalisée (°C)";0,78
2017/01/23;"Température réalisée (°C)";0,66
2017/01/24;"Température réalisée (°C)";0,01
2017/01/25;"Température réalisée (°C)";-0,76
2017/01/26;"Température réalisée (°C)";-0,17
2017/01/27;"Température réalisée (°C)";5,22
2017/01/28;"Température réalisée (°C)";6,84
2017/01/29;"Température réalisée (°C)";5,95
2017/01/30;"Température réalisée (°C)";8,46
2017/01/31;"Température réalisée (°C)";9,76
2017/02/01;"Température réalisée (°C)";9,57
2017/02/02;"Température réalisée (°C)";10,17
2017/02/03;"Température réalisée (°C)";8,14
2017/02/04;"Température réalisée (°C)";7,25
2017/02/05;"Température réalisée (°C)";6,92
2017/02/06;"Température réalisée (°C)";6,3
2017/02/07;"Température réalisée (°C)";7,38
2017/02/08;"Température réalisée (°C)";5,66
2017/02/09;"Température réalisée (°C)";3,94
2017/02/10;"Température réalisée (°C)";3,09
2017/02/11;"Température réalisée (°C)";2,8
2017/02/12;"Température réalisée (°C)";5,91
2017/02/13;"Température réalisée (°C)";9,37
2017/02/14;"Température réalisée (°C)";9,49
2017/02/15;"Température réalisée (°C)";10,37
2017/02/16;"Température réalisée (°C)";9,05
2017/02/17;"Température réalisée (°C)";7,86
2017/02/18;"Température réalisée (°C)";7,02
2017/02/19;"Température réalisée (°C)";6,69
2017/02/20;"Température réalisée (°C)";8,89
2017/02/21;"Température réalisée (°C)";10,35
2017/02/22;"Température réalisée (°C)";10,19
2017/02/23;"Température réalisée (°C)";9,42
2017/02/24;"Température réalisée (°C)";7,18
2017/02/25;"Température réalisée (°C)";5,94
2017/02/26;"Température réalisée (°C)";8,46
2017/02/27;"Température réalisée (°C)";9,34
2017/02/28;"Température réalisée (°C)";7,11
2017/03/01;"Température réalisée (°C)";8,3
2017/03/02;"Température réalisée (°C)";8,93
2017/03/03;"Température réalisée (°C)";10,23
2017/03/04;"Température réalisée (°C)";8,43
2017/03/05;"Température réalisée (°C)";7,34
2017/03/06;"Température réalisée (°C)";8,04
2017/03/07;"Température réalisée (°C)";7,71
2017/03/08;"Température réalisée (°C)";9,7
2017/03/09;"Température réalisée (°C)";11,98
2017/03/10;"Température réalisée (°C)";11,06
2017/03/11;"Température réalisée (°C)";11,24
2017/03/12;"Température réalisée (°C)";10,64
2017/03/13;"Température réalisée (°C)";10,55
2017/03/14;"Température réalisée (°C)";9,95
2017/03/15;"Température réalisée (°C)";10,91
2017/03/16;"Température réalisée (°C)";11,74
2017/03/17;"Température réalisée (°C)";10,63
2017/03/18;"Température réalisée (°C)";10,57
2017/03/19;"Température réalisée (°C)";11,94
2017/03/20;"Température réalisée (°C)";11,46
2017/03/21;"Température réalisée (°C)";9,69
2017/03/22;"Température réalisée (°C)";7,95
2017/03/23;"Température réalisée (°C)";8,7
2017/03/24;"Température réalisée (°C)";9,25
2017/03/25;"Température réalisée (°C)";11,02
2017/03/26;"Température réalisée (°C)";11,01
2017/03/27;"Température réalisée (°C)";12,15
2017/03/28;"Température réalisée (°C)";12,46
2017/03/29;"Température réalisée (°C)";13,62
2017/03/30;"Température réalisée (°C)";15,29
2017/03/31;"Température réalisée (°C)";14,03
2017/11/01;"Température réalisée (°C)";9,19
2017/11/02;"Température réalisée (°C)";11,72
2017/11/03;"Température réalisée (°C)";12,12
2017/11/04;"Température réalisée (°C)";12,98
2017/11/05;"Température réalisée (°C)";8,93
2017/11/06;"Température réalisée (°C)";6,55
2017/11/07;"Température réalisée (°C)";5,6
2017/11/08;"Température réalisée (°C)";6,27
2017/11/09;"Température réalisée (°C)";7,42
2017/11/10;"Température réalisée (°C)";9,13
2017/11/11;"Température réalisée (°C)";10,86
2017/11/12;"Température réalisée (°C)";10,4
2017/11/13;"Température réalisée (°C)";6,46
2017/11/14;"Température réalisée (°C)";5,64
2017/11/15;"Température réalisée (°C)";5,88
2017/11/16;"Température réalisée (°C)";5,98
2017/11/17;"Température réalisée (°C)";7,16
2017/11/18;"Température réalisée (°C)";6,41
2017/11/19;"Température réalisée (°C)";6,67
2017/11/20;"Température réalisée (°C)";7,07
2017/11/21;"Température réalisée (°C)";8,71
2017/11/22;"Température réalisée (°C)";10,17
2017/11/23;"Température réalisée (°C)";12,6
2017/11/24;"Température réalisée (°C)";10,85
2017/11/25;"Température réalisée (°C)";7,35
2017/11/26;"Température réalisée (°C)";4,56
2017/11/27;"Température réalisée (°C)";5,84
2017/11/28;"Température réalisée (°C)";5,8
2017/11/29;"Température réalisée (°C)";3,93
2017/11/30;"Température réalisée (°C)";3,09
2017/12/01;"Température réalisée (°C)";2,18
2017/12/02;"Température réalisée (°C)";1,17
2017/12/03;"Température réalisée (°C)";1,44
2017/12/04;"Température réalisée (°C)";4,9
2017/12/05;"Température réalisée (°C)";5,1
2017/12/06;"Température réalisée (°C)";4,14
2017/12/07;"Température réalisée (°C)";5,31
2017/12/08;"Température réalisée (°C)";5,32
2017/12/09;"Température réalisée (°C)";2,66
2017/12/10;"Température réalisée (°C)";5,97
2017/12/11;"Température réalisée (°C)";7,6
2017/12/12;"Température réalisée (°C)";3,97
2017/12/13;"Température réalisée (°C)";6,02
2017/12/14;"Température réalisée (°C)";7,46
2017/12/15;"Température réalisée (°C)";5,81
2017/12/16;"Température réalisée (°C)";4,28
2017/12/17;"Température réalisée (°C)";4,21
2017/12/18;"Température réalisée (°C)";5,79
2017/12/19;"Température réalisée (°C)";3,5
2017/12/20;"Température réalisée (°C)";5
2017/12/21;"Température réalisée (°C)";7,47
2017/12/22;"Température réalisée (°C)";8,27
2017/12/23;"Température réalisée (°C)";8,14
2017/12/24;"Température réalisée (°C)";6,88
2017/12/25;"Température réalisée (°C)";5,43
2017/12/26;"Température réalisée (°C)";6,95
2017/12/27;"Température réalisée (°C)";5,69
2017/12/28;"Température réalisée (°C)";3,03
2017/12/29;"Température réalisée (°C)";4,85
2017/12/30;"Température réalisée (°C)";11,1
2017/12/31;"Température réalisée (°C)";10,67
2018/01/01;"Température réalisée (°C)";8,32
2018/01/02;"Température réalisée (°C)";8,59
2018/01/03;"Température réalisée (°C)";10,95
2018/01/04;"Température réalisée (°C)";11,73
2018/01/05;"Température réalisée (°C)";9,65
2018/01/06;"Température réalisée (°C)";7,64
2018/01/07;"Température réalisée (°C)";7,95
2018/01/08;"Température réalisée (°C)";7,3
2018/01/09;"Température réalisée (°C)";6,78
2018/01/10;"Température réalisée (°C)";7,56
2018/01/11;"Température réalisée (°C)";6,46
2018/01/12;"Température réalisée (°C)";5,27
2018/01/13;"Température réalisée (°C)";4,37
2018/01/14;"Température réalisée (°C)";4,8
2018/01/15;"Température réalisée (°C)";6,89
2018/01/16;"Température réalisée (°C)";9,38
2018/01/17;"Température réalisée (°C)";6,86
2018/01/18;"Température réalisée (°C)";8,37
2018/01/19;"Température réalisée (°C)";6,6
2018/01/20;"Température réalisée (°C)";7,68
2018/01/21;"Température réalisée (°C)";9,17
2018/01/22;"Température réalisée (°C)";10,91
2018/01/23;"Température réalisée (°C)";9,74
2018/01/24;"Température réalisée (°C)";10,39
2018/01/25;"Température réalisée (°C)";8,94
2018/01/26;"Température réalisée (°C)";6,86
2018/01/27;"Température réalisée (°C)";5,38
2018/01/28;"Température réalisée (°C)";7,35
2018/01/29;"Température réalisée (°C)";8,5
2018/01/30;"Température réalisée (°C)";8,31
2018/01/31;"Température réalisée (°C)";7,77
2018/02/01;"Température réalisée (°C)";5,13
2018/02/02;"Température réalisée (°C)";3,88
2018/02/03;"Température réalisée (°C)";3,99
2018/02/04;"Température réalisée (°C)";3,28
2018/02/05;"Température réalisée (°C)";1,7
2018/02/06;"Température réalisée (°C)";1,77
2018/02/07;"Température réalisée (°C)";0,89
2018/02/08;"Température réalisée (°C)";1
2018/02/09;"Température réalisée (°C)";1,25
2018/02/10;"Température réalisée (°C)";2,97
2018/02/11;"Température réalisée (°C)";5,18
2018/02/12;"Température réalisée (°C)";3,13
2018/02/13;"Température réalisée (°C)";1,74
2018/02/14;"Température réalisée (°C)";3,38
2018/02/15;"Température réalisée (°C)";8,25
2018/02/16;"Température réalisée (°C)";7,33
2018/02/17;"Température réalisée (°C)";6,73
2018/02/18;"Température réalisée (°C)";4,96
2018/02/19;"Température réalisée (°C)";5,08
2018/02/20;"Température réalisée (°C)";5,99
2018/02/21;"Température réalisée (°C)";3,47
2018/02/22;"Température réalisée (°C)";1,95
2018/02/23;"Température réalisée (°C)";1,42
2018/02/24;"Température réalisée (°C)";1,98
2018/02/25;"Température réalisée (°C)";1,54
2018/02/26;"Température réalisée (°C)";-1,44
2018/02/27;"Température réalisée (°C)";-3,74
2018/02/28;"Température réalisée (°C)";-3,45
2018/03/01;"Température réalisée (°C)";1,87
2018/03/02;"Température réalisée (°C)";5,2
2018/03/03;"Température réalisée (°C)";6,54
2018/03/04;"Température réalisée (°C)";6,97
2018/03/05;"Température réalisée (°C)";7,85
2018/03/06;"Température réalisée (°C)";7,43
2018/03/07;"Température réalisée (°C)";6,8
2018/03/08;"Température réalisée (°C)";7,56
2018/03/09;"Température réalisée (°C)";10,27
2018/03/10;"Température réalisée (°C)";12,66
2018/03/11;"Température réalisée (°C)";12,41
2018/03/12;"Température réalisée (°C)";10,22
2018/03/13;"Température réalisée (°C)";8,88
2018/03/14;"Température réalisée (°C)";9,06
2018/03/15;"Température réalisée (°C)";9,68
2018/03/16;"Température réalisée (°C)";8,74
2018/03/17;"Température réalisée (°C)";5,4
2018/03/18;"Température réalisée (°C)";3,22
2018/03/19;"Température réalisée (°C)";2,49
2018/03/20;"Température réalisée (°C)";3,42
2018/03/21;"Température réalisée (°C)";4,08
2018/03/22;"Température réalisée (°C)";4,51
2018/03/23;"Température réalisée (°C)";6,49
2018/03/24;"Température réalisée (°C)";7,9
2018/03/25;"Température réalisée (°C)";9,21
2018/03/26;"Température réalisée (°C)";8,92
2018/03/27;"Température réalisée (°C)";9,16
2018/03/28;"Température réalisée (°C)";10,19
2018/03/29;"Température réalisée (°C)";8,3
2018/03/30;"Température réalisée (°C)";7,8
2018/03/31;"Température réalisée (°C)";7,13
2018/11/01;"Température réalisée (°C)";10,26
2018/11/02;"Température réalisée (°C)";8,84
2018/11/03;"Température réalisée (°C)";7,71
2018/11/04;"Température réalisée (°C)";9,05
2018/11/05;"Température réalisée (°C)";12,87
2018/11/06;"Température réalisée (°C)";12,37
2018/11/07;"Température réalisée (°C)";11,14
2018/11/08;"Température réalisée (°C)";9,85
2018/11/09;"Température réalisée (°C)";11,13
2018/11/10;"Température réalisée (°C)";12,35
2018/11/11;"Température réalisée (°C)";12,84
2018/11/12;"Température réalisée (°C)";12,99
2018/11/13;"Température réalisée (°C)";11,86
2018/11/14;"Température réalisée (°C)";10,39
2018/11/15;"Température réalisée (°C)";10,71
2018/11/16;"Température réalisée (°C)";9,42
2018/11/17;"Température réalisée (°C)";7,35
2018/11/18;"Température réalisée (°C)";5,73
2018/11/19;"Température réalisée (°C)";3,56
2018/11/20;"Température réalisée (°C)";3,28
2018/11/21;"Température réalisée (°C)";3,73
2018/11/22;"Température réalisée (°C)";5,52
2018/11/23;"Température réalisée (°C)";6,47
2018/11/24;"Température réalisée (°C)";7,53
2018/11/25;"Température réalisée (°C)";6,55
2018/11/26;"Température réalisée (°C)";6,08
2018/11/27;"Température réalisée (°C)";6,97
2018/11/28;"Température réalisée (°C)";8,87
2018/11/29;"Température réalisée (°C)";10,28
2018/11/30;"Température réalisée (°C)";9,22
2018/12/01;"Température réalisée (°C)";8,66
2018/12/02;"Température réalisée (°C)";11,9
2018/12/03;"Température réalisée (°C)";12,86
2018/12/04;"Température réalisée (°C)";11,04
2018/12/05;"Température réalisée (°C)";9,85
2018/12/06;"Température réalisée (°C)";11,84
2018/12/07;"Température réalisée (°C)";10,42
2018/12/08;"Température réalisée (°C)";9,43
2018/12/09;"Température réalisée (°C)";10,27
2018/12/10;"Température réalisée (°C)";8,11
2018/12/11;"Température réalisée (°C)";5,19
2018/12/12;"Température réalisée (°C)";3,16
2018/12/13;"Température réalisée (°C)";2,2
2018/12/14;"Température réalisée (°C)";1,53
2018/12/15;"Température réalisée (°C)";2,21
2018/12/16;"Température réalisée (°C)";5,96
2018/12/17;"Température réalisée (°C)";6,95
2018/12/18;"Température réalisée (°C)";6,31
2018/12/19;"Température réalisée (°C)";8,13
2018/12/20;"Température réalisée (°C)";7,67
2018/12/21;"Température réalisée (°C)";10,54
2018/12/22;"Température réalisée (°C)";11,35
2018/12/23;"Température réalisée (°C)";11,2
2018/12/24;"Température réalisée (°C)";9,85
2018/12/25;"Température réalisée (°C)";5
2018/12/26;"Température réalisée (°C)";2,44
2018/12/27;"Température réalisée (°C)";2,05
2018/12/28;"Température réalisée (°C)";3,25
2018/12/29;"Température réalisée (°C)";4,12
2018/12/30;"Température réalisée (°C)";5,97
2018/12/31;"Température réalisée (°C)";6,75
2019/01/01;"Température réalisée (°C)";6,79
2019/01/02;"Température réalisée (°C)";5,63
2019/01/03;"Température réalisée (°C)";3,08
2019/01/04;"Température réalisée (°C)";2,39
2019/01/05;"Température réalisée (°C)";3,25
2019/01/06;"Température réalisée (°C)";4,18
2019/01/07;"Température réalisée (°C)";5,19
2019/01/08;"Température réalisée (°C)";6,5
2019/01/09;"Température réalisée (°C)";4,62
2019/01/10;"Température réalisée (°C)";2,56
2019/01/11;"Température réalisée (°C)";3,35
2019/01/12;"Température réalisée (°C)";5,8
2019/01/13;"Température réalisée (°C)";8,64
2019/01/14;"Température réalisée (°C)";8,37
2019/01/15;"Température réalisée (°C)";6,24
2019/01/16;"Température réalisée (°C)";4,8
2019/01/17;"Température réalisée (°C)";5,91
2019/01/18;"Température réalisée (°C)";2,57
2019/01/19;"Température réalisée (°C)";2,17
2019/01/20;"Température réalisée (°C)";3,57
2019/01/21;"Température réalisée (°C)";1,47
2019/01/22;"Température réalisée (°C)";1,33
2019/01/23;"Température réalisée (°C)";2,26
2019/01/24;"Température réalisée (°C)";1,77
2019/01/25;"Température réalisée (°C)";3,68
2019/01/26;"Température réalisée (°C)";6,74
2019/01/27;"Température réalisée (°C)";6,18
2019/01/28;"Température réalisée (°C)";4,4
2019/01/29;"Température réalisée (°C)";3,02
2019/01/30;"Température réalisée (°C)";3,04
2019/01/31;"Température réalisée (°C)";3,1
2019/02/01;"Température réalisée (°C)";5,79
2019/02/02;"Température réalisée (°C)";4,21
2019/02/03;"Température réalisée (°C)";3,32
2019/02/04;"Température réalisée (°C)";2,65
2019/02/05;"Température réalisée (°C)";4,91
2019/02/06;"Température réalisée (°C)";6,88
2019/02/07;"Température réalisée (°C)";7,34
2019/02/08;"Température réalisée (°C)";7,67
2019/02/09;"Température réalisée (°C)";8,93
2019/02/10;"Température réalisée (°C)";8,3
2019/02/11;"Température réalisée (°C)";6,16
2019/02/12;"Température réalisée (°C)";4,71
2019/02/13;"Température réalisée (°C)";4,44
2019/02/14;"Température réalisée (°C)";6,43
2019/02/15;"Température réalisée (°C)";7,65
2019/02/16;"Température réalisée (°C)";7,89
2019/02/17;"Température réalisée (°C)";9,06
2019/02/18;"Température réalisée (°C)";8,3
2019/02/19;"Température réalisée (°C)";7,36
2019/02/20;"Température réalisée (°C)";7,04
2019/02/21;"Température réalisée (°C)";8,35
2019/02/22;"Température réalisée (°C)";9,91
2019/02/23;"Température réalisée (°C)";10,14
2019/02/24;"Température réalisée (°C)";8,83
2019/02/25;"Température réalisée (°C)";9,44
2019/02/26;"Température réalisée (°C)";10,51
2019/02/27;"Température réalisée (°C)";11,25
2019/02/28;"Température réalisée (°C)";10,74
2019/03/01;"Température réalisée (°C)";10,08
2019/03/02;"Température réalisée (°C)";10,03
2019/03/03;"Température réalisée (°C)";11,36
2019/03/04;"Température réalisée (°C)";9,71
2019/03/05;"Température réalisée (°C)";9,25
2019/03/06;"Température réalisée (°C)";10,64
2019/03/07;"Température réalisée (°C)";9,89
2019/03/08;"Température réalisée (°C)";8,89
2019/03/09;"Température réalisée (°C)";11,07
2019/03/10;"Température réalisée (°C)";11,48
2019/03/11;"Température réalisée (°C)";7,78
2019/03/12;"Température réalisée (°C)";7,5
2019/03/13;"Température réalisée (°C)";7,72
2019/03/14;"Température réalisée (°C)";8,86
2019/03/15;"Température réalisée (°C)";11,45
2019/03/16;"Température réalisée (°C)";11,41
2019/03/17;"Température réalisée (°C)";8,64
2019/03/18;"Température réalisée (°C)";7,2
2019/03/19;"Température réalisée (°C)";7,49
2019/03/20;"Température réalisée (°C)";8,15
2019/03/21;"Température réalisée (°C)";9,48
2019/03/22;"Température réalisée (°C)";10,52
2019/03/23;"Température réalisée (°C)";10,79
2019/03/24;"Température réalisée (°C)";10,5
2019/03/25;"Température réalisée (°C)";8,94
2019/03/26;"Température réalisée (°C)";8,45
2019/03/27;"Température réalisée (°C)";8,72
2019/03/28;"Température réalisée (°C)";9,47
2019/03/29;"Température réalisée (°C)";10,92
2019/03/30;"Température réalisée (°C)";11,78
2019/03/31;"Température réalisée (°C)";12,2
2019/11/01;"Température réalisée (°C)";13,72
2019/11/02;"Température réalisée (°C)";13,79
2019/11/03;"Température réalisée (°C)";11,97
2019/11/04;"Température réalisée (°C)";11,66
2019/11/05;"Température réalisée (°C)";10,07
2019/11/06;"Température réalisée (°C)";9,95
2019/11/07;"Température réalisée (°C)";8,3
2019/11/08;"Température réalisée (°C)";6,86
2019/11/09;"Température réalisée (°C)";6,62
2019/11/10;"Température réalisée (°C)";6,54
2019/11/11;"Température réalisée (°C)";6,62
2019/11/12;"Température réalisée (°C)";6,83
2019/11/13;"Température réalisée (°C)";6,43
2019/11/14;"Température réalisée (°C)";5,37
2019/11/15;"Température réalisée (°C)";4,15
2019/11/16;"Température réalisée (°C)";5,08
2019/11/17;"Température réalisée (°C)";5,08
2019/11/18;"Température réalisée (°C)";5,55
2019/11/19;"Température réalisée (°C)";5,35
2019/11/20;"Température réalisée (°C)";4,28
2019/11/21;"Température réalisée (°C)";6,01
2019/11/22;"Température réalisée (°C)";8,59
2019/11/23;"Température réalisée (°C)";9,91
2019/11/24;"Température réalisée (°C)";8,51
2019/11/25;"Température réalisée (°C)";9,62
2019/11/26;"Température réalisée (°C)";10,88
2019/11/27;"Température réalisée (°C)";11,44
2019/11/28;"Température réalisée (°C)";10,8
2019/11/29;"Température réalisée (°C)";9,35
2019/11/30;"Température réalisée (°C)";6,83
2019/12/01;"Température réalisée (°C)";6,16
2019/12/02;"Température réalisée (°C)";4,8
2019/12/03;"Température réalisée (°C)";3,28
2019/12/04;"Température réalisée (°C)";2,62
2019/12/05;"Température réalisée (°C)";2,73
2019/12/06;"Température réalisée (°C)";5,39
2019/12/07;"Température réalisée (°C)";9,17
2019/12/08;"Température réalisée (°C)";9,82
2019/12/09;"Température réalisée (°C)";8,39
2019/12/10;"Température réalisée (°C)";5,46
2019/12/11;"Température réalisée (°C)";5,82
2019/12/12;"Température réalisée (°C)";5,91
2019/12/13;"Température réalisée (°C)";8,36
2019/12/14;"Température réalisée (°C)";10,09
2019/12/15;"Température réalisée (°C)";9,96
2019/12/16;"Température réalisée (°C)";10,32
2019/12/17;"Température réalisée (°C)";11,64
2019/12/18;"Température réalisée (°C)";9,96
2019/12/19;"Température réalisée (°C)";12,23
2019/12/20;"Température réalisée (°C)";10,85
2019/12/21;"Température réalisée (°C)";9,05
2019/12/22;"Température réalisée (°C)";9,44
2019/12/23;"Température réalisée (°C)";9,06
2019/12/24;"Température réalisée (°C)";10,45
2019/12/25;"Température réalisée (°C)";8,41
2019/12/26;"Température réalisée (°C)";7,39
2019/12/27;"Température réalisée (°C)";9,19
2019/12/28;"Température réalisée (°C)";7,03
2019/12/29;"Température réalisée (°C)";3,31
2019/12/30;"Température réalisée (°C)";3,23
2019/12/31;"Température réalisée (°C)";2,98
2020/01/01;"Température réalisée (°C)";4,02
2020/01/02;"Température réalisée (°C)";6,08
2020/01/03;"Température réalisée (°C)";8,31
2020/01/04;"Température réalisée (°C)";6,74
2020/01/05;"Température réalisée (°C)";5,75
2020/01/06;"Température réalisée (°C)";4,34
2020/01/07;"Température réalisée (°C)";7,47
2020/01/08;"Température réalisée (°C)";9,44
2020/01/09;"Température réalisée (°C)";9,91
2020/01/10;"Température réalisée (°C)";7,98
2020/01/11;"Température réalisée (°C)";5,78
2020/01/12;"Température réalisée (°C)";5,75
2020/01/13;"Température réalisée (°C)";6,89
2020/01/14;"Température réalisée (°C)";9,25
2020/01/15;"Température réalisée (°C)";9,46
2020/01/16;"Température réalisée (°C)";8,67
2020/01/17;"Température réalisée (°C)";8,29
2020/01/18;"Température réalisée (°C)";5,2
2020/01/19;"Température réalisée (°C)";3,96
2020/01/20;"Température réalisée (°C)";3,67
2020/01/21;"Température réalisée (°C)";3,35
2020/01/22;"Température réalisée (°C)";3,19
2020/01/23;"Température réalisée (°C)";3,77
2020/01/24;"Température réalisée (°C)";3,99
2020/01/25;"Température réalisée (°C)";5,11
2020/01/26;"Température réalisée (°C)";6,89
2020/01/27;"Température réalisée (°C)";7,84
2020/01/28;"Température réalisée (°C)";7,53
2020/01/29;"Température réalisée (°C)";7,56
2020/01/30;"Température réalisée (°C)";8,87
2020/01/31;"Température réalisée (°C)";11,6
2020/02/01;"Température réalisée (°C)";11,52
2020/02/02;"Température réalisée (°C)";12,63
2020/02/03;"Température réalisée (°C)";12,78
2020/02/04;"Température réalisée (°C)";8,24
2020/02/05;"Température réalisée (°C)";6,76
2020/02/06;"Température réalisée (°C)";4,84
2020/02/07;"Température réalisée (°C)";6,06
2020/02/08;"Température réalisée (°C)";8,19
2020/02/09;"Température réalisée (°C)";9,89
2020/02/10;"Température réalisée (°C)";11,61
2020/02/11;"Température réalisée (°C)";8,6
2020/02/12;"Température réalisée (°C)";6,9
2020/02/13;"Température réalisée (°C)";8,16
2020/02/14;"Température réalisée (°C)";9,5
2020/02/15;"Température réalisée (°C)";9,42
2020/02/16;"Température réalisée (°C)";12,39
2020/02/17;"Température réalisée (°C)";9,36
2020/02/18;"Température réalisée (°C)";7,61
2020/02/19;"Température réalisée (°C)";7,94
2020/02/20;"Température réalisée (°C)";8,42
2020/02/21;"Température réalisée (°C)";7,17
2020/02/22;"Température réalisée (°C)";8,51
2020/02/23;"Température réalisée (°C)";10,75
2020/02/24;"Température réalisée (°C)";11,03
2020/02/25;"Température réalisée (°C)";8,72
2020/02/26;"Température réalisée (°C)";5,96
2020/02/27;"Température réalisée (°C)";6,55
2020/02/28;"Température réalisée (°C)";7,22
2020/02/29;"Température réalisée (°C)";9,45
2020/03/01;"Température réalisée (°C)";8,06
2020/03/02;"Température réalisée (°C)";7,28
2020/03/03;"Température réalisée (°C)";5,74
2020/03/04;"Température réalisée (°C)";6,85
2020/03/05;"Température réalisée (°C)";9,03
2020/03/06;"Température réalisée (°C)";6,91
2020/03/07;"Température réalisée (°C)";7,63
2020/03/08;"Température réalisée (°C)";8,87
2020/03/09;"Température réalisée (°C)";8,32
2020/03/10;"Température réalisée (°C)";10,4
2020/03/11;"Température réalisée (°C)";12,99
2020/03/12;"Température réalisée (°C)";11,04
2020/03/13;"Température réalisée (°C)";8,71
2020/03/14;"Température réalisée (°C)";8,82
2020/03/15;"Température réalisée (°C)";10,22
2020/03/16;"Température réalisée (°C)";10,11
2020/03/17;"Température réalisée (°C)";11,06
2020/03/18;"Température réalisée (°C)";11,9
2020/03/19;"Température réalisée (°C)";12,71
2020/03/20;"Température réalisée (°C)";12,24
2020/03/21;"Température réalisée (°C)";9,6
2020/03/22;"Température réalisée (°C)";8,99
2020/03/23;"Température réalisée (°C)";8,68
2020/03/24;"Température réalisée (°C)";7,86
2020/03/25;"Température réalisée (°C)";6,83
2020/03/26;"Température réalisée (°C)";6,52
2020/03/27;"Température réalisée (°C)";7,84
2020/03/28;"Température réalisée (°C)";9,89
2020/03/29;"Température réalisée (°C)";7,44
2020/03/30;"Température réalisée (°C)";5,36
2020/03/31;"Température réalisée (°C)";7,08
2020/11/01;"Température réalisée (°C)";15,11
2020/11/02;"Température réalisée (°C)";15,59
2020/11/03;"Température réalisée (°C)";10,47
2020/11/04;"Température réalisée (°C)";7,95
2020/11/05;"Température réalisée (°C)";8,46
2020/11/06;"Température réalisée (°C)";9,96
2020/11/07;"Température réalisée (°C)";12,61
2020/11/08;"Température réalisée (°C)";13,64
2020/11/09;"Température réalisée (°C)";13,11
2020/11/10;"Température réalisée (°C)";12,06
2020/11/11;"Température réalisée (°C)";10,98
2020/11/12;"Température réalisée (°C)";11,47
2020/11/13;"Température réalisée (°C)";12,37
2020/11/14;"Température réalisée (°C)";13,06
2020/11/15;"Température réalisée (°C)";13,22
2020/11/16;"Température réalisée (°C)";11,29
2020/11/17;"Température réalisée (°C)";10,45
2020/11/18;"Température réalisée (°C)";10,91
2020/11/19;"Température réalisée (°C)";9,93
2020/11/20;"Température réalisée (°C)";7,08
2020/11/21;"Température réalisée (°C)";5,57
2020/11/22;"Température réalisée (°C)";5,93
2020/11/23;"Température réalisée (°C)";7,04
2020/11/24;"Température réalisée (°C)";6,34
2020/11/25;"Température réalisée (°C)";8,01
2020/11/26;"Température réalisée (°C)";8,16
2020/11/27;"Température réalisée (°C)";8,88
2020/11/28;"Température réalisée (°C)";8,32
2020/11/29;"Température réalisée (°C)";5,2
2020/11/30;"Température réalisée (°C)";3,53
2020/12/01;"Température réalisée (°C)";6,18
2020/12/02;"Température réalisée (°C)";5,57
2020/12/03;"Température réalisée (°C)";6,15
2020/12/04;"Température réalisée (°C)";5,45
2020/12/05;"Température réalisée (°C)";3,94
2020/12/06;"Température réalisée (°C)";4,37
2020/12/07;"Température réalisée (°C)";3,87
2020/12/08;"Température réalisée (°C)";4,12
2020/12/09;"Température réalisée (°C)";3,56
2020/12/10;"Température réalisée (°C)";4,92
2020/12/11;"Température réalisée (°C)";7,5
2020/12/12;"Température réalisée (°C)";7,91
2020/12/13;"Température réalisée (°C)";7,08
2020/12/14;"Température réalisée (°C)";9,17
2020/12/15;"Température réalisée (°C)";9,64
2020/12/16;"Température réalisée (°C)";8,36
2020/12/17;"Température réalisée (°C)";9,14
2020/12/18;"Température réalisée (°C)";8,55
2020/12/19;"Température réalisée (°C)";9,62
2020/12/20;"Température réalisée (°C)";9,08
2020/12/21;"Température réalisée (°C)";9,47
2020/12/22;"Température réalisée (°C)";12,35
2020/12/23;"Température réalisée (°C)";11,51
2020/12/24;"Température réalisée (°C)";7,83
2020/12/25;"Température réalisée (°C)";3,98
2020/12/26;"Température réalisée (°C)";3,12
2020/12/27;"Température réalisée (°C)";4,52
2020/12/28;"Température réalisée (°C)";5,12
2020/12/29;"Température réalisée (°C)";4,79
2020/12/30;"Température réalisée (°C)";4,18
2020/12/31;"Température réalisée (°C)";4,21
2021/01/01;"Température réalisée (°C)";2,04
2021/01/02;"Température réalisée (°C)";1,51
2021/01/03;"Température réalisée (°C)";2,3
2021/01/04;"Température réalisée (°C)";1,81
2021/01/05;"Température réalisée (°C)";1,86
2021/01/06;"Température réalisée (°C)";2
2021/01/07;"Température réalisée (°C)";1,35
2021/01/08;"Température réalisée (°C)";0,87
2021/01/09;"Température réalisée (°C)";0,52
2021/01/10;"Température réalisée (°C)";0,69
2021/01/11;"Température réalisée (°C)";0,98
2021/01/12;"Température réalisée (°C)";4,95
2021/01/13;"Température réalisée (°C)";7,46
2021/01/14;"Température réalisée (°C)";7,8
2021/01/15;"Température réalisée (°C)";4,01
2021/01/16;"Température réalisée (°C)";1,63
2021/01/17;"Température réalisée (°C)";5,21
2021/01/18;"Température réalisée (°C)";4,08
2021/01/19;"Température réalisée (°C)";4,98
2021/01/20;"Température réalisée (°C)";8,76
2021/01/21;"Température réalisée (°C)";9,16
2021/01/22;"Température réalisée (°C)";6,87
2021/01/23;"Température réalisée (°C)";4,86
2021/01/24;"Température réalisée (°C)";3,39
2021/01/25;"Température réalisée (°C)";3,66
2021/01/26;"Température réalisée (°C)";2,6
2021/01/27;"Température réalisée (°C)";6,2
2021/01/28;"Température réalisée (°C)";10,84
2021/01/29;"Température réalisée (°C)";10,92
2021/01/30;"Température réalisée (°C)";9,11
2021/01/31;"Température réalisée (°C)";8,48
2021/02/01;"Température réalisée (°C)";9,49
2021/02/02;"Température réalisée (°C)";11,25
2021/02/03;"Température réalisée (°C)";10,71
2021/02/04;"Température réalisée (°C)";8,65
2021/02/05;"Température réalisée (°C)";9,33
2021/02/06;"Température réalisée (°C)";8,78
2021/02/07;"Température réalisée (°C)";5,28
2021/02/08;"Température réalisée (°C)";2,71
2021/02/09;"Température réalisée (°C)";2,12
2021/02/10;"Température réalisée (°C)";1,59
2021/02/11;"Température réalisée (°C)";0,46
2021/02/12;"Température réalisée (°C)";0,57
2021/02/13;"Température réalisée (°C)";-0,41
2021/02/14;"Température réalisée (°C)";1,2
2021/02/15;"Température réalisée (°C)";6,24
2021/02/16;"Température réalisée (°C)";8,67
2021/02/17;"Température réalisée (°C)";9,53
2021/02/18;"Température réalisée (°C)";9,13
2021/02/19;"Température réalisée (°C)";9,88
2021/02/20;"Température réalisée (°C)";12
2021/02/21;"Température réalisée (°C)";12,04
2021/02/22;"Température réalisée (°C)";11,81
2021/02/23;"Température réalisée (°C)";12,46
2021/02/24;"Température réalisée (°C)";12,74
2021/02/25;"Température réalisée (°C)";11,18
2021/02/26;"Température réalisée (°C)";8,8
2021/02/27;"Température réalisée (°C)";7,42
2021/02/28;"Température réalisée (°C)";7,21
2021/03/01;"Température réalisée (°C)";8,47
2021/03/02;"Température réalisée (°C)";9,55
2021/03/03;"Température réalisée (°C)";10,14
2021/03/04;"Température réalisée (°C)";9,14
2021/03/05;"Température réalisée (°C)";6,93
2021/03/06;"Température réalisée (°C)";5,58
2021/03/07;"Température réalisée (°C)";5,68
2021/03/08;"Température réalisée (°C)";5,64
2021/03/09;"Température réalisée (°C)";5,91
2021/03/10;"Température réalisée (°C)";6,72
2021/03/11;"Température réalisée (°C)";10,71
2021/03/12;"Température réalisée (°C)";8,81
2021/03/13;"Température réalisée (°C)";8,61
2021/03/14;"Température réalisée (°C)";7,57
2021/03/15;"Température réalisée (°C)";8,47
2021/03/16;"Température réalisée (°C)";8,29
2021/03/17;"Température réalisée (°C)";7,84
2021/03/18;"Température réalisée (°C)";5,98
2021/03/19;"Température réalisée (°C)";5,71
2021/03/20;"Température réalisée (°C)";5,09
2021/03/21;"Température réalisée (°C)";6,11
2021/03/22;"Température réalisée (°C)";6,7
2021/03/23;"Température réalisée (°C)";7,55
2021/03/24;"Température réalisée (°C)";9,31
2021/03/25;"Température réalisée (°C)";9,79
2021/03/26;"Température réalisée (°C)";9,81
2021/03/27;"Température réalisée (°C)";9,09
2021/03/28;"Température réalisée (°C)";10,21
2021/03/29;"Température réalisée (°C)";13,18
2021/03/30;"Température réalisée (°C)";15,27
2021/03/31;"Température réalisée (°C)";15,85
2021/11/01;"Température réalisée (°C)";11,26
2021/11/02;"Température réalisée (°C)";9,9
2021/11/03;"Température réalisée (°C)";8,72
2021/11/04;"Température réalisée (°C)";7,62
2021/11/05;"Température réalisée (°C)";7,79
2021/11/06;"Température réalisée (°C)";6,65
2021/11/07;"Température réalisée (°C)";8,83
2021/11/08;"Température réalisée (°C)";8,65
2021/11/09;"Température réalisée (°C)";7,29
2021/11/10;"Température réalisée (°C)";7,07
2021/11/11;"Température réalisée (°C)";7,6
2021/11/12;"Température réalisée (°C)";8,36
2021/11/13;"Température réalisée (°C)";10,52
2021/11/14;"Température réalisée (°C)";10,46
2021/11/15;"Température réalisée (°C)";8,45
2021/11/16;"Température réalisée (°C)";7,9
2021/11/17;"Température réalisée (°C)";8,61
2021/11/18;"Température réalisée (°C)";8,13
2021/11/19;"Température réalisée (°C)";7,59
2021/11/20;"Température réalisée (°C)";6,81
2021/11/21;"Température réalisée (°C)";6,61
2021/11/22;"Température réalisée (°C)";6,51
2021/11/23;"Température réalisée (°C)";5,97
2021/11/24;"Température réalisée (°C)";5,41
2021/11/25;"Température réalisée (°C)";5,15
2021/11/26;"Température réalisée (°C)";5,15
2021/11/27;"Température réalisée (°C)";4,31
2021/11/28;"Température réalisée (°C)";3,88
2021/11/29;"Température réalisée (°C)";3,19
2021/11/30;"Température réalisée (°C)";5
2021/12/01;"Température réalisée (°C)";7,68
2021/12/02;"Température réalisée (°C)";4,9
2021/12/03;"Température réalisée (°C)";4,48
2021/12/04;"Température réalisée (°C)";8,11
2021/12/05;"Température réalisée (°C)";5,18
2021/12/06;"Température réalisée (°C)";5,69
2021/12/07;"Température réalisée (°C)";6,15
2021/12/08;"Température réalisée (°C)";5,25
2021/12/09;"Température réalisée (°C)";4,74
2021/12/10;"Température réalisée (°C)";5,94
2021/12/11;"Température réalisée (°C)";5,51
2021/12/12;"Température réalisée (°C)";7,22
2021/12/13;"Température réalisée (°C)";6,72
2021/12/14;"Température réalisée (°C)";5,52
2021/12/15;"Température réalisée (°C)";5,75
2021/12/16;"Température réalisée (°C)";6,18
2021/12/17;"Température réalisée (°C)";5,57
2021/12/18;"Température réalisée (°C)";4,79
2021/12/19;"Température réalisée (°C)";3,89
2021/12/20;"Température réalisée (°C)";3,17
2021/12/21;"Température réalisée (°C)";1,82
2021/12/22;"Température réalisée (°C)";1,03
2021/12/23;"Température réalisée (°C)";5,67
2021/12/24;"Température réalisée (°C)";8,78
2021/12/25;"Température réalisée (°C)";8,89
2021/12/26;"Température réalisée (°C)";8,97
2021/12/27;"Température réalisée (°C)";9,73
2021/12/28;"Température réalisée (°C)";11,29
2021/12/29;"Température réalisée (°C)";12,62
2021/12/30;"Température réalisée (°C)";12,88
2021/12/31;"Température réalisée (°C)";10,38
2022/01/01;"Température réalisée (°C)";9,68
2022/01/02;"Température réalisée (°C)";10,53
2022/01/03;"Température réalisée (°C)";10,49
2022/01/04;"Température réalisée (°C)";9,14
2022/01/05;"Température réalisée (°C)";4,65
2022/01/06;"Température réalisée (°C)";3,17
2022/01/07;"Température réalisée (°C)";4,59
2022/01/08;"Température réalisée (°C)";6,83
2022/01/09;"Température réalisée (°C)";6,45
2022/01/10;"Température réalisée (°C)";5,59
2022/01/11;"Température réalisée (°C)";3,51
2022/01/12;"Température réalisée (°C)";2,6
2022/01/13;"Température réalisée (°C)";2,1
2022/01/14;"Température réalisée (°C)";1,71
2022/01/15;"Température réalisée (°C)";1,27
2022/01/16;"Température réalisée (°C)";2
2022/01/17;"Température réalisée (°C)";4,28
2022/01/18;"Température réalisée (°C)";3,77
2022/01/19;"Température réalisée (°C)";4,27
2022/01/20;"Température réalisée (°C)";4,93
2022/01/21;"Température réalisée (°C)";3,24
2022/01/22;"Température réalisée (°C)";3,24
2022/01/23;"Température réalisée (°C)";3,35
2022/01/24;"Température réalisée (°C)";2,69
2022/01/25;"Température réalisée (°C)";1,53
2022/01/26;"Température réalisée (°C)";1,81
2022/01/27;"Température réalisée (°C)";2,82
2022/01/28;"Température réalisée (°C)";4,94
2022/01/29;"Température réalisée (°C)";5,95
2022/01/30;"Température réalisée (°C)";6,74
2022/01/31;"Température réalisée (°C)";6,54
2022/02/01;"Température réalisée (°C)";6,35
2022/02/02;"Température réalisée (°C)";9
2022/02/03;"Température réalisée (°C)";7,25
2022/02/04;"Température réalisée (°C)";7,62
2022/02/05;"Température réalisée (°C)";6,19
2022/02/06;"Température réalisée (°C)";7,64
2022/02/07;"Température réalisée (°C)";8,06
2022/02/08;"Température réalisée (°C)";7
2022/02/09;"Température réalisée (°C)";7,13
2022/02/10;"Température réalisée (°C)";7,64
2022/02/11;"Température réalisée (°C)";5,55
2022/02/12;"Température réalisée (°C)";4,23
2022/02/13;"Température réalisée (°C)";7,34
2022/02/14;"Température réalisée (°C)";8,29
2022/02/15;"Température réalisée (°C)";7,41
2022/02/16;"Température réalisée (°C)";10,65
2022/02/17;"Température réalisée (°C)";12,05
2022/02/18;"Température réalisée (°C)";10,47
2022/02/19;"Température réalisée (°C)";7,42
2022/02/20;"Température réalisée (°C)";9,76
2022/02/21;"Température réalisée (°C)";8,95
2022/02/22;"Température réalisée (°C)";9,15
2022/02/23;"Température réalisée (°C)";9,03
2022/02/24;"Température réalisée (°C)";8,29
2022/02/25;"Température réalisée (°C)";6,29
2022/02/26;"Température réalisée (°C)";5,62
2022/02/27;"Température réalisée (°C)";5,81
2022/02/28;"Température réalisée (°C)";6,76
2022/03/01;"Température réalisée (°C)";7,9
2022/03/02;"Température réalisée (°C)";8,35
2022/03/03;"Température réalisée (°C)";8,74
2022/03/04;"Température réalisée (°C)";8,42
2022/03/05;"Température réalisée (°C)";6,72
2022/03/06;"Température réalisée (°C)";5,12
2022/03/07;"Température réalisée (°C)";3,88
2022/03/08;"Température réalisée (°C)";6,08
2022/03/09;"Température réalisée (°C)";8,66
2022/03/10;"Température réalisée (°C)";9,53
2022/03/11;"Température réalisée (°C)";9,83
2022/03/12;"Température réalisée (°C)";9,09
2022/03/13;"Température réalisée (°C)";8,81
2022/03/14;"Température réalisée (°C)";9,15
2022/03/15;"Température réalisée (°C)";11,45
2022/03/16;"Température réalisée (°C)";11,19
2022/03/17;"Température réalisée (°C)";9,52
2022/03/18;"Température réalisée (°C)";9,53
2022/03/19;"Température réalisée (°C)";10,49
2022/03/20;"Température réalisée (°C)";9,8
2022/03/21;"Température réalisée (°C)";11,5
2022/03/22;"Température réalisée (°C)";10,91
2022/03/23;"Température réalisée (°C)";10,53
2022/03/24;"Température réalisée (°C)";11,27
2022/03/25;"Température réalisée (°C)";12,04
2022/03/26;"Température réalisée (°C)";12,47
2022/03/27;"Température réalisée (°C)";13,19
2022/03/28;"Température réalisée (°C)";13,6
2022/03/29;"Température réalisée (°C)";12,73
2022/03/30;"Température réalisée (°C)";10,58
2022/03/31;"Température réalisée (°C)";7,5
2022/11/01;"Température réalisée (°C)";14,5
2022/11/02;"Température réalisée (°C)";13,01
2022/11/03;"Température réalisée (°C)";12,1
2022/11/04;"Température réalisée (°C)";10,4
2022/11/05;"Température réalisée (°C)";9,52
2022/11/06;"Température réalisée (°C)";10,39
2022/11/07;"Température réalisée (°C)";12,74
2022/11/08;"Température réalisée (°C)";13,55
2022/11/09;"Température réalisée (°C)";12,87
2022/11/10;"Température réalisée (°C)";10,69
2022/11/11;"Température réalisée (°C)";10,83
2022/11/12;"Température réalisée (°C)";11,34
2022/11/13;"Température réalisée (°C)";11,07
2022/11/14;"Température réalisée (°C)";10,85
2022/11/15;"Température réalisée (°C)";11,86
2022/11/16;"Température réalisée (°C)";11,74
2022/11/17;"Température réalisée (°C)";12,24
2022/11/18;"Température réalisée (°C)";9,65
2022/11/19;"Température réalisée (°C)";7,53
2022/11/20;"Température réalisée (°C)";7,95
2022/11/21;"Température réalisée (°C)";7,75
2022/11/22;"Température réalisée (°C)";8,23
2022/11/23;"Température réalisée (°C)";9,05
2022/11/24;"Température réalisée (°C)";9,69
2022/11/25;"Température réalisée (°C)";9,26
2022/11/26;"Température réalisée (°C)";7,33
2022/11/27;"Température réalisée (°C)";8,08
2022/11/28;"Température réalisée (°C)";8,63
2022/11/29;"Température réalisée (°C)";7,12
2022/11/30;"Température réalisée (°C)";6,25
2022/12/01;"Température réalisée (°C)";5,3
2022/12/02;"Température réalisée (°C)";4,41
2022/12/03;"Température réalisée (°C)";4,3
2022/12/04;"Température réalisée (°C)";4,1
2022/12/05;"Température réalisée (°C)";3,84
2022/12/06;"Température réalisée (°C)";3,85
2022/12/07;"Température réalisée (°C)";3,65
2022/12/08;"Température réalisée (°C)";2,73
2022/12/09;"Température réalisée (°C)";2,86
2022/12/10;"Température réalisée (°C)";1,35
2022/12/11;"Température réalisée (°C)";-0,7
2022/12/12;"Température réalisée (°C)";-0,66
2022/12/13;"Température réalisée (°C)";1,04
2022/12/14;"Température réalisée (°C)";3,87
2022/12/15;"Température réalisée (°C)";3,46
2022/12/16;"Température réalisée (°C)";2,04
2022/12/17;"Température réalisée (°C)";-0,68
2022/12/18;"Température réalisée (°C)";1,81
2022/12/19;"Température réalisée (°C)";9,64
2022/12/20;"Température réalisée (°C)";11,3
2022/12/21;"Température réalisée (°C)";10,94
2022/12/22;"Température réalisée (°C)";12,08
2022/12/23;"Température réalisée (°C)";12,96
2022/12/24;"Température réalisée (°C)";11,16
2022/12/25;"Température réalisée (°C)";10,9
2022/12/26;"Température réalisée (°C)";10,21
2022/12/27;"Température réalisée (°C)";7,38
2022/12/28;"Température réalisée (°C)";9,11
2022/12/29;"Température réalisée (°C)";10,01
2022/12/30;"Température réalisée (°C)";10,47
2022/12/31;"Température réalisée (°C)";13,8
2023/01/01;"Température réalisée (°C)";12,69
2023/01/02;"Température réalisée (°C)";10,73
2023/01/03;"Température réalisée (°C)";8,37
2023/01/04;"Température réalisée (°C)";9,84
2023/01/05;"Température réalisée (°C)";11,21
2023/01/06;"Température réalisée (°C)";10,12
2023/01/07;"Température réalisée (°C)";9,62
2023/01/08;"Température réalisée (°C)";9,18
2023/01/09;"Température réalisée (°C)";7,62
2023/01/10;"Température réalisée (°C)";7,9
2023/01/11;"Température réalisée (°C)";9,44
2023/01/12;"Température réalisée (°C)";9,58
2023/01/13;"Température réalisée (°C)";9,23
2023/01/14;"Température réalisée (°C)";9,35
2023/01/15;"Température réalisée (°C)";7,21
2023/01/16;"Température réalisée (°C)";5,51
2023/01/17;"Température réalisée (°C)";3,6
2023/01/18;"Température réalisée (°C)";2,28
2023/01/19;"Température réalisée (°C)";1,87
2023/01/20;"Température réalisée (°C)";1,89
2023/01/21;"Température réalisée (°C)";1,52
2023/01/22;"Température réalisée (°C)";0,3
2023/01/23;"Température réalisée (°C)";1,34
2023/01/24;"Température réalisée (°C)";2,67
2023/01/25;"Température réalisée (°C)";2,03
2023/01/26;"Température réalisée (°C)";2,52
2023/01/27;"Température réalisée (°C)";3,35
2023/01/28;"Température réalisée (°C)";2,91
2023/01/29;"Température réalisée (°C)";2,09
2023/01/30;"Température réalisée (°C)";3,96
2023/01/31;"Température réalisée (°C)";5,58
2023/02/01;"Température réalisée (°C)";7,02
2023/02/02;"Température réalisée (°C)";7,22
2023/02/03;"Température réalisée (°C)";7,49
2023/02/04;"Température réalisée (°C)";7,98
2023/02/05;"Température réalisée (°C)";7,19
2023/02/06;"Température réalisée (°C)";4,85
2023/02/07;"Température réalisée (°C)";3,28
2023/02/08;"Température réalisée (°C)";2,22
2023/02/09;"Température réalisée (°C)";2,26
2023/02/10;"Température réalisée (°C)";3,89
2023/02/11;"Température réalisée (°C)";4,35
2023/02/12;"Température réalisée (°C)";5,47
2023/02/13;"Température réalisée (°C)";5,67
2023/02/14;"Température réalisée (°C)";6,45
2023/02/15;"Température réalisée (°C)";7,31
2023/02/16;"Température réalisée (°C)";8,4
2023/02/17;"Température réalisée (°C)";10,57
2023/02/18;"Température réalisée (°C)";10,59
2023/02/19;"Température réalisée (°C)";9,7
2023/02/20;"Température réalisée (°C)";7,87
2023/02/21;"Température réalisée (°C)";8,75
2023/02/22;"Température réalisée (°C)";8,98
2023/02/23;"Température réalisée (°C)";8,05
2023/02/24;"Température réalisée (°C)";8,12
2023/02/25;"Température réalisée (°C)";6,3
2023/02/26;"Température réalisée (°C)";3,42
2023/02/27;"Température réalisée (°C)";2,69
2023/02/28;"Température réalisée (°C)";2,47
2023/03/01;"Température réalisée (°C)";2,95
2023/03/02;"Température réalisée (°C)";4,1
2023/03/03;"Température réalisée (°C)";5,01
2023/03/04;"Température réalisée (°C)";5,12
2023/03/05;"Température réalisée (°C)";5,17
2023/03/06;"Température réalisée (°C)";4,97
2023/03/07;"Température réalisée (°C)";5,82
2023/03/08;"Température réalisée (°C)";9,62
2023/03/09;"Température réalisée (°C)";11,88
2023/03/10;"Température réalisée (°C)";9,51
2023/03/11;"Température réalisée (°C)";8,68
2023/03/12;"Température réalisée (°C)";11,97
2023/03/13;"Température réalisée (°C)";13,43
2023/03/14;"Température réalisée (°C)";9,52
2023/03/15;"Température réalisée (°C)";7,95
2023/03/16;"Température réalisée (°C)";10,61
2023/03/17;"Température réalisée (°C)";12,03
2023/03/18;"Température réalisée (°C)";11,48
2023/03/19;"Température réalisée (°C)";10,33
2023/03/20;"Température réalisée (°C)";9,74
2023/03/21;"Température réalisée (°C)";10,99
2023/03/22;"Température réalisée (°C)";11,97
2023/03/23;"Température réalisée (°C)";13,6
2023/03/24;"Température réalisée (°C)";12,36
2023/03/25;"Température réalisée (°C)";11,27
2023/03/26;"Température réalisée (°C)";10,1
2023/03/27;"Température réalisée (°C)";8,33
2023/03/28;"Température réalisée (°C)";8,32
2023/03/29;"Température réalisée (°C)";14,03
2023/03/30;"Température réalisée (°C)";14,08
2023/03/31;"Température réalisée (°C)";12,54
2023/11/01;"Température réalisée (°C)";12,1
2023/11/02;"Température réalisée (°C)";11,28
2023/11/03;"Température réalisée (°C)";8,73
2023/11/04;"Température réalisée (°C)";10,48
2023/11/05;"Température réalisée (°C)";11,78
2023/11/06;"Température réalisée (°C)";10,27
2023/11/07;"Température réalisée (°C)";9,27
2023/11/08;"Température réalisée (°C)";9,66
2023/11/09;"Température réalisée (°C)";9,76
2023/11/10;"Température réalisée (°C)";9,48
2023/11/11;"Température réalisée (°C)";8,72
2023/11/12;"Température réalisée (°C)";10,99
2023/11/13;"Température réalisée (°C)";14,37
2023/11/14;"Température réalisée (°C)";13,67
2023/11/15;"Température réalisée (°C)";11,53
2023/11/16;"Température réalisée (°C)";10,16
2023/11/17;"Température réalisée (°C)";9,67
2023/11/18;"Température réalisée (°C)";10,58
2023/11/19;"Température réalisée (°C)";12,64
2023/11/20;"Température réalisée (°C)";11,04
2023/11/21;"Température réalisée (°C)";10,46
2023/11/22;"Température réalisée (°C)";8,49
2023/11/23;"Température réalisée (°C)";7,83
2023/11/24;"Température réalisée (°C)";8,96
2023/11/25;"Température réalisée (°C)";5,16
2023/11/26;"Température réalisée (°C)";3,95
2023/11/27;"Température réalisée (°C)";6,27
2023/11/28;"Température réalisée (°C)";6,5
2023/11/29;"Température réalisée (°C)";4,87
2023/11/30;"Température réalisée (°C)";6,13
2023/12/01;"Température réalisée (°C)";5,14
2023/12/02;"Température réalisée (°C)";1,92
2023/12/03;"Température réalisée (°C)";1,91
2023/12/04;"Température réalisée (°C)";6,3
2023/12/05;"Température réalisée (°C)";6,83
2023/12/06;"Température réalisée (°C)";4,85
2023/12/07;"Température réalisée (°C)";4,73
2023/12/08;"Température réalisée (°C)";8,34
2023/12/09;"Température réalisée (°C)";9,38
2023/12/10;"Température réalisée (°C)";10,63
2023/12/11;"Température réalisée (°C)";11,8
2023/12/12;"Température réalisée (°C)";11,37
2023/12/13;"Température réalisée (°C)";9,25
2023/12/14;"Température réalisée (°C)";7,8
2023/12/15;"Température réalisée (°C)";8,2
2023/12/16;"Température réalisée (°C)";5,61
2023/12/17;"Température réalisée (°C)";3,53
2023/12/18;"Température réalisée (°C)";3,44
2023/12/19;"Température réalisée (°C)";5,58
2023/12/20;"Température réalisée (°C)";7,63
2023/12/21;"Température réalisée (°C)";10,03
2023/12/22;"Température réalisée (°C)";10,44
2023/12/23;"Température réalisée (°C)";9,72
2023/12/24;"Température réalisée (°C)";9,99
2023/12/25;"Température réalisée (°C)";9,37
2023/12/26;"Température réalisée (°C)";8,39
2023/12/27;"Température réalisée (°C)";7,88
2023/12/28;"Température réalisée (°C)";9,48
2023/12/29;"Température réalisée (°C)";9,9
2023/12/30;"Température réalisée (°C)";9,05
2023/12/31;"Température réalisée (°C)";8,84
2024/01/01;"Température réalisée (°C)";7,78
2024/01/02;"Température réalisée (°C)";9,8
2024/01/03;"Température réalisée (°C)";10,56
2024/01/04;"Température réalisée (°C)";9,54
2024/01/05;"Température réalisée (°C)";7,34
2024/01/06;"Température réalisée (°C)";5,77
2024/01/07;"Température réalisée (°C)";4,09
2024/01/08;"Température réalisée (°C)";1,01
2024/01/09;"Température réalisée (°C)";-0,64
2024/01/10;"Température réalisée (°C)";0,09
2024/01/11;"Température réalisée (°C)";1,39
2024/01/12;"Température réalisée (°C)";1,4
2024/01/13;"Température réalisée (°C)";-0,03
2024/01/14;"Température réalisée (°C)";0,7
2024/01/15;"Température réalisée (°C)";3,5
2024/01/16;"Température réalisée (°C)";1,8
2024/01/17;"Température réalisée (°C)";6,49
2024/01/18;"Température réalisée (°C)";5,09
2024/01/19;"Température réalisée (°C)";0,73
2024/01/20;"Température réalisée (°C)";-0,51
2024/01/21;"Température réalisée (°C)";4,17
2024/01/22;"Température réalisée (°C)";8,94
2024/01/23;"Température réalisée (°C)";9,86
2024/01/24;"Température réalisée (°C)";12,16
2024/01/25;"Température réalisée (°C)";10,88
2024/01/26;"Température réalisée (°C)";9,92
2024/01/27;"Température réalisée (°C)";5,95
2024/01/28;"Température réalisée (°C)";6,73
2024/01/29;"Température réalisée (°C)";9,31
2024/01/30;"Température réalisée (°C)";9,18
2024/01/31;"Température réalisée (°C)";7,85
2024/02/01;"Température réalisée (°C)";9,16
2024/02/02;"Température réalisée (°C)";8,3
2024/02/03;"Température réalisée (°C)";8,38
2024/02/04;"Température réalisée (°C)";8,47
2024/02/05;"Température réalisée (°C)";7,66
2024/02/06;"Température réalisée (°C)";8,59
2024/02/07;"Température réalisée (°C)";10,07
2024/02/08;"Température réalisée (°C)";11,64
2024/02/09;"Température réalisée (°C)";11,57
2024/02/10;"Température réalisée (°C)";9,18
2024/02/11;"Température réalisée (°C)";8,56
2024/02/12;"Température réalisée (°C)";7,36
2024/02/13;"Température réalisée (°C)";7,81
2024/02/14;"Température réalisée (°C)";11,48
2024/02/15;"Température réalisée (°C)";12,67
2024/02/16;"Température réalisée (°C)";11,94
2024/02/17;"Température réalisée (°C)";10,48
2024/02/18;"Température réalisée (°C)";9,73
2024/02/19;"Température réalisée (°C)";10,6
2024/02/20;"Température réalisée (°C)";9,12
2024/02/21;"Température réalisée (°C)";9,28
2024/02/22;"Température réalisée (°C)";10,7
2024/02/23;"Température réalisée (°C)";6,56
2024/02/24;"Température réalisée (°C)";5,82
2024/02/25;"Température réalisée (°C)";7,2
2024/02/26;"Température réalisée (°C)";8,41
2024/02/27;"Température réalisée (°C)";7,2
2024/02/28;"Température réalisée (°C)";7,41
2024/02/29;"Température réalisée (°C)";8,83
2024/03/01;"Température réalisée (°C)";8,11
2024/03/02;"Température réalisée (°C)";7,93
2024/03/03;"Température réalisée (°C)";6,57
2024/03/04;"Température réalisée (°C)";6,72
2024/03/05;"Température réalisée (°C)";7,47
2024/03/06;"Température réalisée (°C)";7,22
2024/03/07;"Température réalisée (°C)";7,74
2024/03/08;"Température réalisée (°C)";8,35
2024/03/09;"Température réalisée (°C)";9,02
2024/03/10;"Température réalisée (°C)";8,06
2024/03/11;"Température réalisée (°C)";8,28
2024/03/12;"Température réalisée (°C)";9,87
2024/03/13;"Température réalisée (°C)";11,39
2024/03/14;"Température réalisée (°C)";11,97
2024/03/15;"Température réalisée (°C)";13,04
2024/03/16;"Température réalisée (°C)";12,61
2024/03/17;"Température réalisée (°C)";12,59
2024/03/18;"Température réalisée (°C)";13,35
2024/03/19;"Température réalisée (°C)";12,56
2024/03/20;"Température réalisée (°C)";13,21
2024/03/21;"Température réalisée (°C)";13,9
2024/03/22;"Température réalisée (°C)";13,46
2024/03/23;"Température réalisée (°C)";9,62
2024/03/24;"Température réalisée (°C)";8,65
2024/03/25;"Température réalisée (°C)";8,58
2024/03/26;"Température réalisée (°C)";9,26
2024/03/27;"Température réalisée (°C)";8,29
2024/03/28;"Température réalisée (°C)";9,74
2024/03/29;"Température réalisée (°C)";11,83
2024/03/30;"Température réalisée (°C)";10,36
2024/03/31;"Température réalisée (°C)";10,81
2024/11/01;"Température réalisée (°C)";11,89
2024/11/02;"Température réalisée (°C)";11,33
2024/11/03;"Température réalisée (°C)";10,93
2024/11/04;"Température réalisée (°C)";10,81
2024/11/05;"Température réalisée (°C)";11,77
2024/11/06;"Température réalisée (°C)";12,08
2024/11/07;"Température réalisée (°C)";11,56
2024/11/08;"Température réalisée (°C)";10,88
2024/11/09;"Température réalisée (°C)";11,53
2024/11/10;"Température réalisée (°C)";11,46
2024/11/11;"Température réalisée (°C)";10,19
2024/11/12;"Température réalisée (°C)";8,76
2024/11/13;"Température réalisée (°C)";7,77
2024/11/14;"Température réalisée (°C)";7,9
2024/11/15;"Température réalisée (°C)";7,96
2024/11/16;"Température réalisée (°C)";6,86
2024/11/17;"Température réalisée (°C)";7,82
2024/11/18;"Température réalisée (°C)";9,39
2024/11/19;"Température réalisée (°C)";10,53
2024/11/20;"Température réalisée (°C)";6,66
2024/11/21;"Température réalisée (°C)";4,2
2024/11/22;"Température réalisée (°C)";3,61
2024/11/23;"Température réalisée (°C)";5,97
2024/11/24;"Température réalisée (°C)";13,8
2024/11/25;"Température réalisée (°C)";12,9
2024/11/26;"Température réalisée (°C)";9,51
2024/11/27;"Température réalisée (°C)";10,15
2024/11/28;"Température réalisée (°C)";8,63
2024/11/29;"Température réalisée (°C)";6,96
2024/11/30;"Température réalisée (°C)";5,99
2024/12/01;"Température réalisée (°C)";7,68
2024/12/02;"Température réalisée (°C)";9,87
2024/12/03;"Température réalisée (°C)";7,38
2024/12/04;"Température réalisée (°C)";5,47
2024/12/05;"Température réalisée (°C)";7,02
2024/12/06;"Température réalisée (°C)";9,74
2024/12/07;"Température réalisée (°C)";8,6
2024/12/08;"Température réalisée (°C)";6,85
2024/12/09;"Température réalisée (°C)";6,01
2024/12/10;"Température réalisée (°C)";4,95
2024/12/11;"Température réalisée (°C)";4,44
2024/12/12;"Température réalisée (°C)";3,53
2024/12/13;"Température réalisée (°C)";3,16
2024/12/14;"Température réalisée (°C)";4,39
2024/12/15;"Température réalisée (°C)";6,33
2024/12/16;"Température réalisée (°C)";7,1
2024/12/17;"Température réalisée (°C)";6,53
2024/12/18;"Température réalisée (°C)";9,97
2024/12/19;"Température réalisée (°C)";8,82
2024/12/20;"Température réalisée (°C)";5,53
2024/12/21;"Température réalisée (°C)";7,86
2024/12/22;"Température réalisée (°C)";7,87
2024/12/23;"Température réalisée (°C)";6,12
2024/12/24;"Température réalisée (°C)";7,1
2024/12/25;"Température réalisée (°C)";7,49
2024/12/26;"Température réalisée (°C)";5,35
2024/12/27;"Température réalisée (°C)";2,78
2024/12/28;"Température réalisée (°C)";1,99
2024/12/29;"Température réalisée (°C)";2,96
2024/12/30;"Température réalisée (°C)";2,46
2024/12/31;"Température réalisée (°C)";2,81
2025/01/01;"Température réalisée (°C)";5,43
2025/01/02;"Température réalisée (°C)";6,05
2025/01/03;"Température réalisée (°C)";3,27
2025/01/04;"Température réalisée (°C)";2,35
2025/01/05;"Température réalisée (°C)";10,06
2025/01/06;"Température réalisée (°C)";9,89
2025/01/07;"Température réalisée (°C)";6,65
2025/01/08;"Température réalisée (°C)";8,31
2025/01/09;"Température réalisée (°C)";8,01
2025/01/10;"Température réalisée (°C)";5,06
2025/01/11;"Température réalisée (°C)";3,33
2025/01/12;"Température réalisée (°C)";1,77
2025/01/13;"Température réalisée (°C)";0,58
2025/01/14;"Température réalisée (°C)";-0,48
2025/01/15;"Température réalisée (°C)";2,08
2025/01/16;"Température réalisée (°C)";3,44
2025/01/17;"Température réalisée (°C)";1,77
2025/01/18;"Température réalisée (°C)";1,22
2025/01/19;"Température réalisée (°C)";1,61
2025/01/20;"Température réalisée (°C)";2,03
2025/01/21;"Température réalisée (°C)";2,88
2025/01/22;"Température réalisée (°C)";7,17
2025/01/23;"Température réalisée (°C)";7,31
2025/01/24;"Température réalisée (°C)";8,65
2025/01/25;"Température réalisée (°C)";9,88
2025/01/26;"Température réalisée (°C)";6,93
2025/01/27;"Température réalisée (°C)";10,13
2025/01/28;"Température réalisée (°C)";8,65
2025/01/29;"Température réalisée (°C)";7,88
2025/01/30;"Température réalisée (°C)";7,15
2025/01/31;"Température réalisée (°C)";4,66
2025/02/01;"Température réalisée (°C)";3,67
2025/02/02;"Température réalisée (°C)";3,1
2025/02/03;"Température réalisée (°C)";3,13
2025/02/04;"Température réalisée (°C)";3,12
2025/02/05;"Température réalisée (°C)";4,7
2025/02/06;"Température réalisée (°C)";4,37
2025/02/07;"Température réalisée (°C)";4,55
2025/02/08;"Température réalisée (°C)";5,29
2025/02/09;"Température réalisée (°C)";5,32
2025/02/10;"Température réalisée (°C)";6,44
2025/02/11;"Température réalisée (°C)";6,26
2025/02/12;"Température réalisée (°C)";7,26
2025/02/13;"Température réalisée (°C)";6,91
2025/02/14;"Température réalisée (°C)";4,94
2025/02/15;"Température réalisée (°C)";3,32
2025/02/16;"Température réalisée (°C)";4,29
2025/02/17;"Température réalisée (°C)";5,11
2025/02/18;"Température réalisée (°C)";5,74
2025/02/19;"Température réalisée (°C)";7,91
2025/02/20;"Température réalisée (°C)";10,81
2025/02/21;"Température réalisée (°C)";11,85
2025/02/22;"Température réalisée (°C)";11,11
2025/02/23;"Température réalisée (°C)";9,45
2025/02/24;"Température réalisée (°C)";10,64
2025/02/25;"Température réalisée (°C)";9,12
2025/02/26;"Température réalisée (°C)";7,52
2025/02/27;"Température réalisée (°C)";7,05
2025/02/28;"Température réalisée (°C)";6,24
2025/03/01;"Température réalisée (°C)";5,21
2025/03/02;"Température réalisée (°C)";5,94
2025/03/03;"Température réalisée (°C)";6,65
2025/03/04;"Température réalisée (°C)";7,93
2025/03/05;"Température réalisée (°C)";9,24
2025/03/06;"Température réalisée (°C)";10,71
2025/03/07;"Température réalisée (°C)";11,83
2025/03/08;"Température réalisée (°C)";12,29
2025/03/09;"Température réalisée (°C)";11,94
2025/03/10;"Température réalisée (°C)";10,62
2025/03/11;"Température réalisée (°C)";8,88
2025/03/12;"Température réalisée (°C)";7,05
2025/03/13;"Température réalisée (°C)";5,38
2025/03/14;"Température réalisée (°C)";4,56
2025/03/15;"Température réalisée (°C)";4,82
2025/03/16;"Température réalisée (°C)";5,25
2025/03/17;"Température réalisée (°C)";6,53
2025/03/18;"Température réalisée (°C)";8,14
2025/03/19;"Température réalisée (°C)";10,86
2025/03/20;"Température réalisée (°C)";11,94
2025/03/21;"Température réalisée (°C)";13,3
2025/03/22;"Température réalisée (°C)";12,48
2025/03/23;"Température réalisée (°C)";10,19
2025/03/24;"Température réalisée (°C)";10,76
2025/03/25;"Température réalisée (°C)";10,36
2025/03/26;"Température réalisée (°C)";10,68
2025/03/27;"Température réalisée (°C)";10,46
2025/03/28;"Température réalisée (°C)";9,94
2025/03/29;"Température réalisée (°C)";9,71
2025/03/30;"Température réalisée (°C)";10,75
2025/03/31;"Température réalisée (°C)";11,34
2025/11/01;"Température réalisée (°C)";14,36
2025/11/02;"Température réalisée (°C)";12,07
2025/11/03;"Température réalisée (°C)";11,82
2025/11/04;"Température réalisée (°C)";12,3
2025/11/05;"Température réalisée (°C)";13,74
2025/11/06;"Température réalisée (°C)";13,07
2025/11/07;"Température réalisée (°C)";11,83
2025/11/08;"Température réalisée (°C)";10,87
2025/11/09;"Température réalisée (°C)";9,94
2025/11/10;"Température réalisée (°C)";9,95
2025/11/11;"Température réalisée (°C)";11,37
2025/11/12;"Température réalisée (°C)";12,93
2025/11/13;"Température réalisée (°C)";15
2025/11/14;"Température réalisée (°C)";15,78
2025/11/15;"Température réalisée (°C)";13,44
2025/11/16;"Température réalisée (°C)";11,47
2025/11/17;"Température réalisée (°C)";8,62
2025/11/18;"Température réalisée (°C)";4,76
2025/11/19;"Température réalisée (°C)";4,86
2025/11/20;"Température réalisée (°C)";3,51
2025/11/21;"Température réalisée (°C)";2,19
2025/11/22;"Température réalisée (°C)";1,05
2025/11/23;"Température réalisée (°C)";4,77
2025/11/24;"Température réalisée (°C)";8,23
2025/11/25;"Température réalisée (°C)";6,67
2025/11/26;"Température réalisée (°C)";4,91
2025/11/27;"Température réalisée (°C)";5,32
2025/11/28;"Température réalisée (°C)";7,43
2025/11/29;"Température réalisée (°C)";8,52
2025/11/30;"Température réalisée (°C)";6,89
2014/01/01;"Consommation journalière brute (GW)";56,0277426
2014/01/02;"Consommation journalière brute (GW)";59,897403
2014/01/03;"Consommation journalière brute (GW)";60,8854014
2014/01/04;"Consommation journalière brute (GW)";57,839073
2014/01/05;"Consommation journalière brute (GW)";57,5097402
2014/01/06;"Consommation journalière brute (GW)";63,602397
2014/01/07;"Consommation journalière brute (GW)";63,1083978
2014/01/08;"Consommation journalière brute (GW)";62,2850658
2014/01/09;"Consommation journalière brute (GW)";63,4377306
2014/01/10;"Consommation journalière brute (GW)";65,0020614
2014/01/11;"Consommation journalière brute (GW)";59,2387374
2014/01/12;"Consommation journalière brute (GW)";58,2919056
2014/01/13;"Consommation journalière brute (GW)";65,7430602
2014/01/14;"Consommation journalière brute (GW)";68,5835556
2014/01/15;"Consommation journalière brute (GW)";70,2302196
2014/01/16;"Consommation journalière brute (GW)";68,130723
2014/01/17;"Consommation journalière brute (GW)";66,6075588
2014/01/18;"Consommation journalière brute (GW)";61,0500678
2014/01/19;"Consommation journalière brute (GW)";58,250739
2014/01/20;"Consommation journalière brute (GW)";68,542389
2014/01/21;"Consommation journalière brute (GW)";71,5063842
2014/01/22;"Consommation journalière brute (GW)";72,2062164
2014/01/23;"Consommation journalière brute (GW)";71,218218
2014/01/24;"Consommation journalière brute (GW)";70,0243866
2014/01/25;"Consommation journalière brute (GW)";63,5612304
2014/01/26;"Consommation journalière brute (GW)";59,8150698
2014/01/27;"Consommation journalière brute (GW)";69,365721
2014/01/28;"Consommation journalière brute (GW)";72,453216
2014/01/29;"Consommation journalière brute (GW)";72,659049
2014/01/30;"Consommation journalière brute (GW)";71,5063842
2014/01/31;"Consommation journalière brute (GW)";72,0003834
2014/02/01;"Consommation journalière brute (GW)";64,9197282
2014/02/02;"Consommation journalière brute (GW)";62,1203994
2014/02/03;"Consommation journalière brute (GW)";69,5303874
2014/02/04;"Consommation journalière brute (GW)";69,5303874
2014/02/05;"Consommation journalière brute (GW)";70,7242188
2014/02/06;"Consommation journalière brute (GW)";69,6538872
2014/02/07;"Consommation journalière brute (GW)";66,4017258
2014/02/08;"Consommation journalière brute (GW)";62,6143986
2014/02/09;"Consommation journalière brute (GW)";60,5972352
2014/02/10;"Consommation journalière brute (GW)";67,2250578
2014/02/11;"Consommation journalière brute (GW)";69,9008868
2014/02/12;"Consommation journalière brute (GW)";70,0655532
2014/02/13;"Consommation journalière brute (GW)";69,6127206
2014/02/14;"Consommation journalière brute (GW)";68,3777226
2014/02/15;"Consommation journalière brute (GW)";59,4445704
2014/02/16;"Consommation journalière brute (GW)";57,2627406
2014/02/17;"Consommation journalière brute (GW)";64,4668956
2014/02/18;"Consommation journalière brute (GW)";66,7722252
2014/02/19;"Consommation journalière brute (GW)";65,5372272
2014/02/20;"Consommation journalière brute (GW)";64,3845624
2014/02/21;"Consommation journalière brute (GW)";64,5903954
2014/02/22;"Consommation journalière brute (GW)";59,9797362
2014/02/23;"Consommation journalière brute (GW)";55,0809108
2014/02/24;"Consommation journalière brute (GW)";61,5852336
2014/02/25;"Consommation journalière brute (GW)";64,014063
2014/02/26;"Consommation journalière brute (GW)";64,7962284
2014/02/27;"Consommation journalière brute (GW)";67,6367238
2014/02/28;"Consommation journalière brute (GW)";67,6778904
2014/03/01;"Consommation journalière brute (GW)";61,5852336
2014/03/02;"Consommation journalière brute (GW)";58,4154054
2014/03/03;"Consommation journalière brute (GW)";65,9488932
2014/03/04;"Consommation journalière brute (GW)";66,2370594
2014/03/05;"Consommation journalière brute (GW)";63,9728964
2014/03/06;"Consommation journalière brute (GW)";63,5200638
2014/03/07;"Consommation journalière brute (GW)";61,8733998
2014/03/08;"Consommation journalière brute (GW)";53,6812464
2014/03/09;"Consommation journalière brute (GW)";48,782421
2014/03/10;"Consommation journalière brute (GW)";56,0689092
2014/03/11;"Consommation journalière brute (GW)";57,63324
2014/03/12;"Consommation journalière brute (GW)";57,5920734
2014/03/13;"Consommation journalière brute (GW)";57,3450738
2014/03/14;"Consommation journalière brute (GW)";56,1512424
2014/03/15;"Consommation journalière brute (GW)";51,3347502
2014/03/16;"Consommation journalière brute (GW)";47,4650898
2014/03/17;"Consommation journalière brute (GW)";54,7104114
2014/03/18;"Consommation journalière brute (GW)";57,015741
2014/03/19;"Consommation journalière brute (GW)";56,0277426
2014/03/20;"Consommation journalière brute (GW)";55,0397442
2014/03/21;"Consommation journalière brute (GW)";54,4634118
2014/03/22;"Consommation journalière brute (GW)";52,075749
2014/03/23;"Consommation journalière brute (GW)";52,3639152
2014/03/24;"Consommation journalière brute (GW)";60,2267358
2014/03/25;"Consommation journalière brute (GW)";61,6675668
2014/03/26;"Consommation journalière brute (GW)";61,4617338
2014/03/27;"Consommation journalière brute (GW)";61,544067
2014/03/28;"Consommation journalière brute (GW)";59,485737
2014/03/29;"Consommation journalière brute (GW)";50,840751
2014/03/30;"Consommation journalière brute (GW)";46,4770914
2014/03/31;"Consommation journalière brute (GW)";52,6109148
2014/11/01;"Consommation journalière brute (GW)";44,0894286
2014/11/02;"Consommation journalière brute (GW)";43,0602636
2014/11/03;"Consommation journalière brute (GW)";52,281582
2014/11/04;"Consommation journalière brute (GW)";55,163244
2014/11/05;"Consommation journalière brute (GW)";57,9625728
2014/11/06;"Consommation journalière brute (GW)";59,6504034
2014/11/07;"Consommation journalière brute (GW)";58,9917378
2014/11/08;"Consommation journalière brute (GW)";52,3227486
2014/11/09;"Consommation journalière brute (GW)";49,6880862
2014/11/10;"Consommation journalière brute (GW)";54,545745
2014/11/11;"Consommation journalière brute (GW)";51,1700838
2014/11/12;"Consommation journalière brute (GW)";57,5097402
2014/11/13;"Consommation journalière brute (GW)";58,9094046
2014/11/14;"Consommation journalière brute (GW)";58,456572
2014/11/15;"Consommation journalière brute (GW)";52,3639152
2014/11/16;"Consommation journalière brute (GW)";50,7584178
2014/11/17;"Consommation journalière brute (GW)";59,8562364
2014/11/18;"Consommation journalière brute (GW)";61,0912344
2014/11/19;"Consommation journalière brute (GW)";62,3262324
2014/11/20;"Consommation journalière brute (GW)";62,2027326
2014/11/21;"Consommation journalière brute (GW)";60,1444026
2014/11/22;"Consommation journalière brute (GW)";52,5697482
2014/11/23;"Consommation journalière brute (GW)";48,782421
2014/11/24;"Consommation journalière brute (GW)";57,015741
2014/11/25;"Consommation journalière brute (GW)";59,1975708
2014/11/26;"Consommation journalière brute (GW)";59,0329044
2014/11/27;"Consommation journalière brute (GW)";59,0329044
2014/11/28;"Consommation journalière brute (GW)";57,7567398
2014/11/29;"Consommation journalière brute (GW)";53,104914
2014/11/30;"Consommation journalière brute (GW)";52,8579144
2014/12/01;"Consommation journalière brute (GW)";63,7670634
2014/12/02;"Consommation journalière brute (GW)";67,2250578
2014/12/03;"Consommation journalière brute (GW)";69,365721
2014/12/04;"Consommation journalière brute (GW)";69,5303874
2014/12/05;"Consommation journalière brute (GW)";68,5835556
2014/12/06;"Consommation journalière brute (GW)";63,5612304
2014/12/07;"Consommation journalière brute (GW)";62,6143986
2014/12/08;"Consommation journalière brute (GW)";69,3245544
2014/12/09;"Consommation journalière brute (GW)";72,2062164
2014/12/10;"Consommation journalière brute (GW)";71,424051
2014/12/11;"Consommation journalière brute (GW)";68,7070554
2014/12/12;"Consommation journalière brute (GW)";67,513224
2014/12/13;"Consommation journalière brute (GW)";61,2559008
2014/12/14;"Consommation journalière brute (GW)";60,6384018
2014/12/15;"Consommation journalière brute (GW)";67,1838912
2014/12/16;"Consommation journalière brute (GW)";66,1135596
2014/12/17;"Consommation journalière brute (GW)";67,101558
2014/12/18;"Consommation journalière brute (GW)";63,0672312
2014/12/19;"Consommation journalière brute (GW)";61,2970674
2014/12/20;"Consommation journalière brute (GW)";57,2627406
2014/12/21;"Consommation journalière brute (GW)";56,9745744
2014/12/22;"Consommation journalière brute (GW)";63,2730642
2014/12/23;"Consommation journalière brute (GW)";63,7258968
2014/12/24;"Consommation journalière brute (GW)";60,309069
2014/12/25;"Consommation journalière brute (GW)";53,8459128
2014/12/26;"Consommation journalière brute (GW)";61,5852336
2014/12/27;"Consommation journalière brute (GW)";61,955733
2014/12/28;"Consommation journalière brute (GW)";64,631562
2014/12/29;"Consommation journalière brute (GW)";73,8117138
2014/12/30;"Consommation journalière brute (GW)";72,8237154
2014/12/31;"Consommation journalière brute (GW)";70,8477186
2015/01/01;"Consommation journalière brute (GW)";66,4017258
2015/01/02;"Consommation journalière brute (GW)";68,2130562
2015/01/03;"Consommation journalière brute (GW)";63,2318976
2015/01/04;"Consommation journalière brute (GW)";58,250739
2015/01/05;"Consommation journalière brute (GW)";70,600719
2015/01/06;"Consommation journalière brute (GW)";74,511546
2015/01/07;"Consommation journalière brute (GW)";73,4412144
2015/01/08;"Consommation journalière brute (GW)";70,7653854
2015/01/09;"Consommation journalière brute (GW)";67,1427246
2015/01/10;"Consommation journalière brute (GW)";57,015741
2015/01/11;"Consommation journalière brute (GW)";56,9334078
2015/01/12;"Consommation journalière brute (GW)";67,719057
2015/01/13;"Consommation journalière brute (GW)";67,5955572
2015/01/14;"Consommation journalière brute (GW)";67,6778904
2015/01/15;"Consommation journalière brute (GW)";67,8013902
2015/01/16;"Consommation journalière brute (GW)";67,3897242
2015/01/17;"Consommation journalière brute (GW)";64,425729
2015/01/18;"Consommation journalière brute (GW)";64,3845624
2015/01/19;"Consommation journalière brute (GW)";73,482381
2015/01/20;"Consommation journalière brute (GW)";75,952377
2015/01/21;"Consommation journalière brute (GW)";76,7345424
2015/01/22;"Consommation journalière brute (GW)";76,8992088
2015/01/23;"Consommation journalière brute (GW)";77,9283738
2015/01/24;"Consommation journalière brute (GW)";71,9592168
2015/01/25;"Consommation journalière brute (GW)";68,2542228
2015/01/26;"Consommation journalière brute (GW)";73,894047
2015/01/27;"Consommation journalière brute (GW)";73,1530482
2015/01/28;"Consommation journalière brute (GW)";73,4412144
2015/01/29;"Consommation journalière brute (GW)";73,3177146
2015/01/30;"Consommation journalière brute (GW)";74,0175468
2015/01/31;"Consommation journalière brute (GW)";68,5012224
2015/02/01;"Consommation journalière brute (GW)";67,513224
2015/02/02;"Consommation journalière brute (GW)";75,6230442
2015/02/03;"Consommation journalière brute (GW)";78,2577066
2015/02/04;"Consommation journalière brute (GW)";80,0278704
2015/02/05;"Consommation journalière brute (GW)";81,1805352
2015/02/06;"Consommation journalière brute (GW)";83,6093646
2015/02/07;"Consommation journalière brute (GW)";75,4583778
2015/02/08;"Consommation journalière brute (GW)";69,777387
2015/02/09;"Consommation journalière brute (GW)";75,6230442
2015/02/10;"Consommation journalière brute (GW)";75,4583778
2015/02/11;"Consommation journalière brute (GW)";73,7705472
2015/02/12;"Consommation journalière brute (GW)";73,276548
2015/02/13;"Consommation journalière brute (GW)";71,0535516
2015/02/14;"Consommation journalière brute (GW)";63,4788972
2015/02/15;"Consommation journalière brute (GW)";60,8442348
2015/02/16;"Consommation journalière brute (GW)";70,0243866
2015/02/17;"Consommation journalière brute (GW)";70,6418856
2015/02/18;"Consommation journalière brute (GW)";71,218218
2015/02/19;"Consommation journalière brute (GW)";71,218218
2015/02/20;"Consommation journalière brute (GW)";70,2713862
2015/02/21;"Consommation journalière brute (GW)";64,631562
2015/02/22;"Consommation journalière brute (GW)";63,3553974
2015/02/23;"Consommation journalière brute (GW)";69,2010546
2015/02/24;"Consommation journalière brute (GW)";70,6830522
2015/02/25;"Consommation journalière brute (GW)";69,0363882
2015/02/26;"Consommation journalière brute (GW)";67,5955572
2015/02/27;"Consommation journalière brute (GW)";67,719057
2015/02/28;"Consommation journalière brute (GW)";63,3553974
2015/03/01;"Consommation journalière brute (GW)";57,1804074
2015/03/02;"Consommation journalière brute (GW)";63,0672312
2015/03/03;"Consommation journalière brute (GW)";64,3022292
2015/03/04;"Consommation journalière brute (GW)";66,278226
2015/03/05;"Consommation journalière brute (GW)";67,2662244
2015/03/06;"Consommation journalière brute (GW)";65,9488932
2015/03/07;"Consommation journalière brute (GW)";58,7447382
2015/03/08;"Consommation journalière brute (GW)";54,0929124
2015/03/09;"Consommation journalière brute (GW)";59,8150698
2015/03/10;"Consommation journalière brute (GW)";61,4205672
2015/03/11;"Consommation journalière brute (GW)";60,1855692
2015/03/12;"Consommation journalière brute (GW)";60,2679024
2015/03/13;"Consommation journalière brute (GW)";61,4617338
2015/03/14;"Consommation journalière brute (GW)";58,1272392
2015/03/15;"Consommation journalière brute (GW)";57,0569076
2015/03/16;"Consommation journalière brute (GW)";63,1495644
2015/03/17;"Consommation journalière brute (GW)";61,5852336
2015/03/18;"Consommation journalière brute (GW)";59,4445704
2015/03/19;"Consommation journalière brute (GW)";61,132401
2015/03/20;"Consommation journalière brute (GW)";61,5852336
2015/03/21;"Consommation journalière brute (GW)";56,9745744
2015/03/22;"Consommation journalière brute (GW)";55,4102436
2015/03/23;"Consommation journalière brute (GW)";61,4617338
2015/03/24;"Consommation journalière brute (GW)";62,984898
2015/03/25;"Consommation journalière brute (GW)";65,1255612
2015/03/26;"Consommation journalière brute (GW)";66,0312264
2015/03/27;"Consommation journalière brute (GW)";62,2850658
2015/03/28;"Consommation journalière brute (GW)";54,9162444
2015/03/29;"Consommation journalière brute (GW)";51,7052496
2015/03/30;"Consommation journalière brute (GW)";57,839073
2015/03/31;"Consommation journalière brute (GW)";58,1684058
2015/11/01;"Consommation journalière brute (GW)";45,7360926
2015/11/02;"Consommation journalière brute (GW)";54,957411
2015/11/03;"Consommation journalière brute (GW)";56,1512424
2015/11/04;"Consommation journalière brute (GW)";54,9985776
2015/11/05;"Consommation journalière brute (GW)";54,2164122
2015/11/06;"Consommation journalière brute (GW)";52,693248
2015/11/07;"Consommation journalière brute (GW)";45,8595924
2015/11/08;"Consommation journalière brute (GW)";43,430763
2015/11/09;"Consommation journalière brute (GW)";50,6760846
2015/11/10;"Consommation journalière brute (GW)";52,8167478
2015/11/11;"Consommation journalière brute (GW)";48,0002556
2015/11/12;"Consommation journalière brute (GW)";54,339912
2015/11/13;"Consommation journalière brute (GW)";55,2867438
2015/11/14;"Consommation journalière brute (GW)";51,2935836
2015/11/15;"Consommation journalière brute (GW)";47,959089
2015/11/16;"Consommation journalière brute (GW)";55,5337434
2015/11/17;"Consommation journalière brute (GW)";56,2747422
2015/11/18;"Consommation journalière brute (GW)";55,0397442
2015/11/19;"Consommation journalière brute (GW)";55,4925768
2015/11/20;"Consommation journalière brute (GW)";56,0277426
2015/11/21;"Consommation journalière brute (GW)";55,4514102
2015/11/22;"Consommation journalière brute (GW)";57,221574
2015/11/23;"Consommation journalière brute (GW)";67,3897242
2015/11/24;"Consommation journalière brute (GW)";71,0535516
2015/11/25;"Consommation journalière brute (GW)";67,307391
2015/11/26;"Consommation journalière brute (GW)";66,3193926
2015/11/27;"Consommation journalière brute (GW)";67,513224
2015/11/28;"Consommation journalière brute (GW)";61,8733998
2015/11/29;"Consommation journalière brute (GW)";57,9214062
2015/11/30;"Consommation journalière brute (GW)";62,779065
2015/12/01;"Consommation journalière brute (GW)";62,6967318
2015/12/02;"Consommation journalière brute (GW)";63,8905632
2015/12/03;"Consommation journalière brute (GW)";65,5372272
2015/12/04;"Consommation journalière brute (GW)";63,9317298
2015/12/05;"Consommation journalière brute (GW)";59,485737
2015/12/06;"Consommation journalière brute (GW)";55,0397442
2015/12/07;"Consommation journalière brute (GW)";60,6795684
2015/12/08;"Consommation journalière brute (GW)";62,6967318
2015/12/09;"Consommation journalière brute (GW)";63,9728964
2015/12/10;"Consommation journalière brute (GW)";68,2953894
2015/12/11;"Consommation journalière brute (GW)";67,1838912
2015/12/12;"Consommation journalière brute (GW)";59,4445704
2015/12/13;"Consommation journalière brute (GW)";58,4977386
2015/12/14;"Consommation journalière brute (GW)";65,9488932
2015/12/15;"Consommation journalière brute (GW)";65,0843946
2015/12/16;"Consommation journalière brute (GW)";62,2850658
2015/12/17;"Consommation journalière brute (GW)";60,514902
2015/12/18;"Consommation journalière brute (GW)";59,1152376
2015/12/19;"Consommation journalière brute (GW)";53,51658
2015/12/20;"Consommation journalière brute (GW)";51,2112504
2015/12/21;"Consommation journalière brute (GW)";57,4685736
2015/12/22;"Consommation journalière brute (GW)";57,9625728
2015/12/23;"Consommation journalière brute (GW)";56,9745744
2015/12/24;"Consommation journalière brute (GW)";54,0517458
2015/12/25;"Consommation journalière brute (GW)";47,7944226
2015/12/26;"Consommation journalière brute (GW)";50,1820854
2015/12/27;"Consommation journalière brute (GW)";50,5525848
2015/12/28;"Consommation journalière brute (GW)";56,3159088
2015/12/29;"Consommation journalière brute (GW)";56,6452416
2015/12/30;"Consommation journalière brute (GW)";57,7567398
2015/12/31;"Consommation journalière brute (GW)";56,3570754
2016/01/01;"Consommation journalière brute (GW)";53,2695804
2016/01/02;"Consommation journalière brute (GW)";55,0809108
2016/01/03;"Consommation journalière brute (GW)";56,3159088
2016/01/04;"Consommation journalière brute (GW)";63,9728964
2016/01/05;"Consommation journalière brute (GW)";66,7722252
2016/01/06;"Consommation journalière brute (GW)";67,4720574
2016/01/07;"Consommation journalière brute (GW)";67,1427246
2016/01/08;"Consommation journalière brute (GW)";66,1958928
2016/01/09;"Consommation journalière brute (GW)";58,9094046
2016/01/10;"Consommation journalière brute (GW)";57,5097402
2016/01/11;"Consommation journalière brute (GW)";65,86656
2016/01/12;"Consommation journalière brute (GW)";68,7070554
2016/01/13;"Consommation journalière brute (GW)";71,012385
2016/01/14;"Consommation journalière brute (GW)";71,9592168
2016/01/15;"Consommation journalière brute (GW)";73,9763802
2016/01/16;"Consommation journalière brute (GW)";69,6127206
2016/01/17;"Consommation journalière brute (GW)";67,5955572
2016/01/18;"Consommation journalière brute (GW)";77,6402076
2016/01/19;"Consommation journalière brute (GW)";78,21654
2016/01/20;"Consommation journalière brute (GW)";77,7225408
2016/01/21;"Consommation journalière brute (GW)";77,9695404
2016/01/22;"Consommation journalière brute (GW)";76,4463762
2016/01/23;"Consommation journalière brute (GW)";64,7550618
2016/01/24;"Consommation journalière brute (GW)";60,3914022
2016/01/25;"Consommation journalière brute (GW)";65,9077266
2016/01/26;"Consommation journalière brute (GW)";65,5372272
2016/01/27;"Consommation journalière brute (GW)";65,249061
2016/01/28;"Consommation journalière brute (GW)";65,1667278
2016/01/29;"Consommation journalière brute (GW)";66,072393
2016/01/30;"Consommation journalière brute (GW)";60,720735
2016/01/31;"Consommation journalière brute (GW)";56,0689092
2016/02/01;"Consommation journalière brute (GW)";61,2970674
2016/02/02;"Consommation journalière brute (GW)";62,4908988
2016/02/03;"Consommation journalière brute (GW)";65,7430602
2016/02/04;"Consommation journalière brute (GW)";68,7893886
2016/02/05;"Consommation journalière brute (GW)";64,425729
2016/02/06;"Consommation journalière brute (GW)";57,9214062
2016/02/07;"Consommation journalière brute (GW)";56,1100758
2016/02/08;"Consommation journalière brute (GW)";64,4668956
2016/02/09;"Consommation journalière brute (GW)";66,6487254
2016/02/10;"Consommation journalière brute (GW)";69,571554
2016/02/11;"Consommation journalière brute (GW)";69,6538872
2016/02/12;"Consommation journalière brute (GW)";69,9008868
2016/02/13;"Consommation journalière brute (GW)";62,161566
2016/02/14;"Consommation journalière brute (GW)";58,662405
2016/02/15;"Consommation journalière brute (GW)";70,1067198
2016/02/16;"Consommation journalière brute (GW)";72,9472152
2016/02/17;"Consommation journalière brute (GW)";74,511546
2016/02/18;"Consommation journalière brute (GW)";74,3468796
2016/02/19;"Consommation journalière brute (GW)";71,3417178
2016/02/20;"Consommation journalière brute (GW)";63,3553974
2016/02/21;"Consommation journalière brute (GW)";55,6572432
2016/02/22;"Consommation journalière brute (GW)";62,7378984
2016/02/23;"Consommation journalière brute (GW)";64,3433958
2016/02/24;"Consommation journalière brute (GW)";66,5663922
2016/02/25;"Consommation journalière brute (GW)";67,3485576
2016/02/26;"Consommation journalière brute (GW)";68,336556
2016/02/27;"Consommation journalière brute (GW)";64,0552296
2016/02/28;"Consommation journalière brute (GW)";62,161566
2016/02/29;"Consommation journalière brute (GW)";70,6830522
2016/03/01;"Consommation journalière brute (GW)";70,806552
2016/03/02;"Consommation journalière brute (GW)";67,8013902
2016/03/03;"Consommation journalière brute (GW)";69,2422212
2016/03/04;"Consommation journalière brute (GW)";67,6367238
2016/03/05;"Consommation journalière brute (GW)";62,5320654
2016/03/06;"Consommation journalière brute (GW)";61,2147342
2016/03/07;"Consommation journalière brute (GW)";69,4892208
2016/03/08;"Consommation journalière brute (GW)";70,8477186
2016/03/09;"Consommation journalière brute (GW)";69,8597202
2016/03/10;"Consommation journalière brute (GW)";68,748222
2016/03/11;"Consommation journalière brute (GW)";66,7310586
2016/03/12;"Consommation journalière brute (GW)";59,897403
2016/03/13;"Consommation journalière brute (GW)";57,5097402
2016/03/14;"Consommation journalière brute (GW)";64,3845624
2016/03/15;"Consommation journalière brute (GW)";64,1375628
2016/03/16;"Consommation journalière brute (GW)";66,5663922
2016/03/17;"Consommation journalière brute (GW)";65,9488932
2016/03/18;"Consommation journalière brute (GW)";63,7670634
2016/03/19;"Consommation journalière brute (GW)";58,5389052
2016/03/20;"Consommation journalière brute (GW)";55,8219096
2016/03/21;"Consommation journalière brute (GW)";61,8733998
2016/03/22;"Consommation journalière brute (GW)";61,5029004
2016/03/23;"Consommation journalière brute (GW)";62,5320654
2016/03/24;"Consommation journalière brute (GW)";61,8322332
2016/03/25;"Consommation journalière brute (GW)";60,8442348
2016/03/26;"Consommation journalière brute (GW)";53,1872472
2016/03/27;"Consommation journalière brute (GW)";50,634918
2016/03/28;"Consommation journalière brute (GW)";51,9934158
2016/03/29;"Consommation journalière brute (GW)";58,7859048
2016/03/30;"Consommation journalière brute (GW)";58,456572
2016/03/31;"Consommation journalière brute (GW)";58,868238
2016/11/01;"Consommation journalière brute (GW)";48,6177546
2016/11/02;"Consommation journalière brute (GW)";56,0277426
2016/11/03;"Consommation journalière brute (GW)";59,5680702
2016/11/04;"Consommation journalière brute (GW)";60,720735
2016/11/05;"Consommation journalière brute (GW)";53,51658
2016/11/06;"Consommation journalière brute (GW)";53,4754134
2016/11/07;"Consommation journalière brute (GW)";65,0020614
2016/11/08;"Consommation journalière brute (GW)";67,3897242
2016/11/09;"Consommation journalière brute (GW)";67,101558
2016/11/10;"Consommation journalière brute (GW)";64,5903954
2016/11/11;"Consommation journalière brute (GW)";57,221574
2016/11/12;"Consommation journalière brute (GW)";59,6504034
2016/11/13;"Consommation journalière brute (GW)";55,8219096
2016/11/14;"Consommation journalière brute (GW)";63,7258968
2016/11/15;"Consommation journalière brute (GW)";64,219896
2016/11/16;"Consommation journalière brute (GW)";62,3262324
2016/11/17;"Consommation journalière brute (GW)";61,132401
2016/11/18;"Consommation journalière brute (GW)";61,3794006
2016/11/19;"Consommation journalière brute (GW)";57,3862404
2016/11/20;"Consommation journalière brute (GW)";53,2695804
2016/11/21;"Consommation journalière brute (GW)";58,8270714
2016/11/22;"Consommation journalière brute (GW)";61,0912344
2016/11/23;"Consommation journalière brute (GW)";61,0500678
2016/11/24;"Consommation journalière brute (GW)";60,720735
2016/11/25;"Consommation journalière brute (GW)";61,7499
2016/11/26;"Consommation journalière brute (GW)";56,8510746
2016/11/27;"Consommation journalière brute (GW)";55,2455772
2016/11/28;"Consommation journalière brute (GW)";65,9488932
2016/11/29;"Consommation journalière brute (GW)";71,7122172
2016/11/30;"Consommation journalière brute (GW)";72,3708828
2016/12/01;"Consommation journalière brute (GW)";72,9883818
2016/12/02;"Consommation journalière brute (GW)";72,7413822
2016/12/03;"Consommation journalière brute (GW)";66,072393
2016/12/04;"Consommation journalière brute (GW)";64,4668956
2016/12/05;"Consommation journalière brute (GW)";69,7362204
2016/12/06;"Consommation journalière brute (GW)";69,9008868
2016/12/07;"Consommation journalière brute (GW)";70,394886
2016/12/08;"Consommation journalière brute (GW)";70,2302196
2016/12/09;"Consommation journalière brute (GW)";68,6658888
2016/12/10;"Consommation journalière brute (GW)";63,6847302
2016/12/11;"Consommation journalière brute (GW)";60,8030682
2016/12/12;"Consommation journalière brute (GW)";68,0072232
2016/12/13;"Consommation journalière brute (GW)";68,9128884
2016/12/14;"Consommation journalière brute (GW)";68,7070554
2016/12/15;"Consommation journalière brute (GW)";69,5303874
2016/12/16;"Consommation journalière brute (GW)";67,101558
2016/12/17;"Consommation journalière brute (GW)";63,6847302
2016/12/18;"Consommation journalière brute (GW)";63,4788972
2016/12/19;"Consommation journalière brute (GW)";71,8768836
2016/12/20;"Consommation journalière brute (GW)";72,1238832
2016/12/21;"Consommation journalière brute (GW)";71,629884
2016/12/22;"Consommation journalière brute (GW)";68,4600558
2016/12/23;"Consommation journalière brute (GW)";65,7842268
2016/12/24;"Consommation journalière brute (GW)";58,2095724
2016/12/25;"Consommation journalière brute (GW)";53,1872472
2016/12/26;"Consommation journalière brute (GW)";57,63324
2016/12/27;"Consommation journalière brute (GW)";63,0260646
2016/12/28;"Consommation journalière brute (GW)";66,3605592
2016/12/29;"Consommation journalière brute (GW)";69,777387
2016/12/30;"Consommation journalière brute (GW)";71,835717
2016/12/31;"Consommation journalière brute (GW)";71,2593846
2017/01/01;"Consommation journalière brute (GW)";68,0895564
2017/01/02;"Consommation journalière brute (GW)";72,9472152
2017/01/03;"Consommation journalière brute (GW)";77,804874
2017/01/04;"Consommation journalière brute (GW)";79,3280382
2017/01/05;"Consommation journalière brute (GW)";77,8460406
2017/01/06;"Consommation journalière brute (GW)";80,892369
2017/01/07;"Consommation journalière brute (GW)";77,4755412
2017/01/08;"Consommation journalière brute (GW)";70,0243866
2017/01/09;"Consommation journalière brute (GW)";74,5527126
2017/01/10;"Consommation journalière brute (GW)";74,3468796
2017/01/11;"Consommation journalière brute (GW)";72,8237154
2017/01/12;"Consommation journalière brute (GW)";71,4652176
2017/01/13;"Consommation journalière brute (GW)";74,09988
2017/01/14;"Consommation journalière brute (GW)";70,4360526
2017/01/15;"Consommation journalière brute (GW)";68,7893886
2017/01/16;"Consommation journalière brute (GW)";75,746544
2017/01/17;"Consommation journalière brute (GW)";81,4687014
2017/01/18;"Consommation journalière brute (GW)";85,0913622
2017/01/19;"Consommation journalière brute (GW)";85,7911944
2017/01/20;"Consommation journalière brute (GW)";84,7620294
2017/01/21;"Consommation journalière brute (GW)";78,3812064
2017/01/22;"Consommation journalière brute (GW)";75,0467118
2017/01/23;"Consommation journalière brute (GW)";80,9747022
2017/01/24;"Consommation journalière brute (GW)";82,8271992
2017/01/25;"Consommation journalière brute (GW)";84,3503634
2017/01/26;"Consommation journalière brute (GW)";83,979864
2017/01/27;"Consommation journalière brute (GW)";78,9163722
2017/01/28;"Consommation journalière brute (GW)";67,513224
2017/01/29;"Consommation journalière brute (GW)";64,3433958
2017/01/30;"Consommation journalière brute (GW)";69,4892208
2017/01/31;"Consommation journalière brute (GW)";66,6075588
2017/02/01;"Consommation journalière brute (GW)";65,4137274
2017/02/02;"Consommation journalière brute (GW)";65,1667278
2017/02/03;"Consommation journalière brute (GW)";65,8253934
2017/02/04;"Consommation journalière brute (GW)";61,5852336
2017/02/05;"Consommation journalière brute (GW)";60,1444026
2017/02/06;"Consommation journalière brute (GW)";68,748222
2017/02/07;"Consommation journalière brute (GW)";68,4600558
2017/02/08;"Consommation journalière brute (GW)";70,1067198
2017/02/09;"Consommation journalière brute (GW)";72,5767158
2017/02/10;"Consommation journalière brute (GW)";73,276548
2017/02/11;"Consommation journalière brute (GW)";69,1187214
2017/02/12;"Consommation journalière brute (GW)";64,3022292
2017/02/13;"Consommation journalière brute (GW)";67,4308908
2017/02/14;"Consommation journalière brute (GW)";66,1135596
2017/02/15;"Consommation journalière brute (GW)";63,190731
2017/02/16;"Consommation journalière brute (GW)";62,9025648
2017/02/17;"Consommation journalière brute (GW)";62,9437314
2017/02/18;"Consommation journalière brute (GW)";58,4154054
2017/02/19;"Consommation journalière brute (GW)";57,1392408
2017/02/20;"Consommation journalière brute (GW)";63,1495644
2017/02/21;"Consommation journalière brute (GW)";62,0792328
2017/02/22;"Consommation journalière brute (GW)";61,7087334
2017/02/23;"Consommation journalière brute (GW)";62,4497322
2017/02/24;"Consommation journalière brute (GW)";62,984898
2017/02/25;"Consommation journalière brute (GW)";59,6504034
2017/02/26;"Consommation journalière brute (GW)";55,6572432
2017/02/27;"Consommation journalière brute (GW)";62,6967318
2017/02/28;"Consommation journalière brute (GW)";66,3193926
2017/03/01;"Consommation journalière brute (GW)";66,7722252
2017/03/02;"Consommation journalière brute (GW)";63,3142308
2017/03/03;"Consommation journalière brute (GW)";61,4617338
2017/03/04;"Consommation journalière brute (GW)";56,8922412
2017/03/05;"Consommation journalière brute (GW)";57,3039072
2017/03/06;"Consommation journalière brute (GW)";64,5903954
2017/03/07;"Consommation journalière brute (GW)";65,7842268
2017/03/08;"Consommation journalière brute (GW)";64,631562
2017/03/09;"Consommation journalière brute (GW)";60,2679024
2017/03/10;"Consommation journalière brute (GW)";57,839073
2017/03/11;"Consommation journalière brute (GW)";51,4170834
2017/03/12;"Consommation journalière brute (GW)";49,2352536
2017/03/13;"Consommation journalière brute (GW)";56,604075
2017/03/14;"Consommation journalière brute (GW)";57,9625728
2017/03/15;"Consommation journalière brute (GW)";56,9745744
2017/03/16;"Consommation journalière brute (GW)";55,6572432
2017/03/17;"Consommation journalière brute (GW)";54,9985776
2017/03/18;"Consommation journalière brute (GW)";51,7464162
2017/03/19;"Consommation journalière brute (GW)";48,2060886
2017/03/20;"Consommation journalière brute (GW)";55,4925768
2017/03/21;"Consommation journalière brute (GW)";57,3862404
2017/03/22;"Consommation journalière brute (GW)";59,6092368
2017/03/23;"Consommation journalière brute (GW)";60,1444026
2017/03/24;"Consommation journalière brute (GW)";59,8150698
2017/03/25;"Consommation journalière brute (GW)";52,5285816
2017/03/26;"Consommation journalière brute (GW)";48,4119216
2017/03/27;"Consommation journalière brute (GW)";53,4342468
2017/03/28;"Consommation journalière brute (GW)";53,1872472
2017/03/29;"Consommation journalière brute (GW)";52,3227486
2017/03/30;"Consommation journalière brute (GW)";50,9230842
2017/03/31;"Consommation journalière brute (GW)";49,6880862
2017/11/01;"Consommation journalière brute (GW)";51,664083
2017/11/02;"Consommation journalière brute (GW)";55,6572432
2017/11/03;"Consommation journalière brute (GW)";54,5869116
2017/11/04;"Consommation journalière brute (GW)";49,3587534
2017/11/05;"Consommation journalière brute (GW)";49,0705872
2017/11/06;"Consommation journalière brute (GW)";60,6384018
2017/11/07;"Consommation journalière brute (GW)";64,5080622
2017/11/08;"Consommation journalière brute (GW)";65,249061
2017/11/09;"Consommation journalière brute (GW)";64,3433958
2017/11/10;"Consommation journalière brute (GW)";62,6555652
2017/11/11;"Consommation journalière brute (GW)";54,2575788
2017/11/12;"Consommation journalière brute (GW)";52,0345824
2017/11/13;"Consommation journalière brute (GW)";63,6847302
2017/11/14;"Consommation journalière brute (GW)";66,6075588
2017/11/15;"Consommation journalière brute (GW)";66,6075588
2017/11/16;"Consommation journalière brute (GW)";66,6487254
2017/11/17;"Consommation journalière brute (GW)";65,1667278
2017/11/18;"Consommation journalière brute (GW)";60,2267358
2017/11/19;"Consommation journalière brute (GW)";57,7567398
2017/11/20;"Consommation journalière brute (GW)";65,8253934
2017/11/21;"Consommation journalière brute (GW)";64,9197282
2017/11/22;"Consommation journalière brute (GW)";62,573232
2017/11/23;"Consommation journalière brute (GW)";60,103236
2017/11/24;"Consommation journalière brute (GW)";59,6504034
2017/11/25;"Consommation journalière brute (GW)";57,015741
2017/11/26;"Consommation journalière brute (GW)";59,69157
2017/11/27;"Consommation journalière brute (GW)";68,4600558
2017/11/28;"Consommation journalière brute (GW)";69,2010546
2017/11/29;"Consommation journalière brute (GW)";71,012385
2017/11/30;"Consommation journalière brute (GW)";73,8528804
2017/12/01;"Consommation journalière brute (GW)";75,1702116
2017/12/02;"Consommation journalière brute (GW)";71,7945504
2017/12/03;"Consommation journalière brute (GW)";70,2713862
2017/12/04;"Consommation journalière brute (GW)";73,688214
2017/12/05;"Consommation journalière brute (GW)";73,0295484
2017/12/06;"Consommation journalière brute (GW)";73,6058808
2017/12/07;"Consommation journalière brute (GW)";74,3468796
2017/12/08;"Consommation journalière brute (GW)";72,0003834
2017/12/09;"Consommation journalière brute (GW)";69,4480542
2017/12/10;"Consommation journalière brute (GW)";65,5372272
2017/12/11;"Consommation journalière brute (GW)";69,9420534
2017/12/12;"Consommation journalière brute (GW)";73,3177146
2017/12/13;"Consommation journalière brute (GW)";74,1822132
2017/12/14;"Consommation journalière brute (GW)";71,3828844
2017/12/15;"Consommation journalière brute (GW)";71,2593846
2017/12/16;"Consommation journalière brute (GW)";67,3485576
2017/12/17;"Consommation journalière brute (GW)";66,5252256
2017/12/18;"Consommation journalière brute (GW)";72,0827166
2017/12/19;"Consommation journalière brute (GW)";74,3468796
2017/12/20;"Consommation journalière brute (GW)";73,5235476
2017/12/21;"Consommation journalière brute (GW)";69,7362204
2017/12/22;"Consommation journalière brute (GW)";65,7842268
2017/12/23;"Consommation journalière brute (GW)";59,074071
2017/12/24;"Consommation journalière brute (GW)";57,7567398
2017/12/25;"Consommation journalière brute (GW)";57,5509068
2017/12/26;"Consommation journalière brute (GW)";62,5320654
2017/12/27;"Consommation journalière brute (GW)";65,249061
2017/12/28;"Consommation journalière brute (GW)";68,5835556
2017/12/29;"Consommation journalière brute (GW)";68,748222
2017/12/30;"Consommation journalière brute (GW)";59,1564042
2017/12/31;"Consommation journalière brute (GW)";55,0397442
2018/01/01;"Consommation journalière brute (GW)";55,6984098
2018/01/02;"Consommation journalière brute (GW)";62,4908988
2018/01/03;"Consommation journalière brute (GW)";63,1083978
2018/01/04;"Consommation journalière brute (GW)";62,4908988
2018/01/05;"Consommation journalière brute (GW)";61,7087334
2018/01/06;"Consommation journalière brute (GW)";58,6212384
2018/01/07;"Consommation journalière brute (GW)";58,1684058
2018/01/08;"Consommation journalière brute (GW)";66,5252256
2018/01/09;"Consommation journalière brute (GW)";67,9660566
2018/01/10;"Consommation journalière brute (GW)";66,689892
2018/01/11;"Consommation journalière brute (GW)";67,8425568
2018/01/12;"Consommation journalière brute (GW)";69,2010546
2018/01/13;"Consommation journalière brute (GW)";65,249061
2018/01/14;"Consommation journalière brute (GW)";62,9437314
2018/01/15;"Consommation journalière brute (GW)";69,9420534
2018/01/16;"Consommation journalière brute (GW)";67,8013902
2018/01/17;"Consommation journalière brute (GW)";69,777387
2018/01/18;"Consommation journalière brute (GW)";68,8717218
2018/01/19;"Consommation journalière brute (GW)";68,130723
2018/01/20;"Consommation journalière brute (GW)";63,6847302
2018/01/21;"Consommation journalière brute (GW)";58,7035716
2018/01/22;"Consommation journalière brute (GW)";63,6435636
2018/01/23;"Consommation journalière brute (GW)";64,219896
2018/01/24;"Consommation journalière brute (GW)";63,0260646
2018/01/25;"Consommation journalière brute (GW)";64,425729
2018/01/26;"Consommation journalière brute (GW)";66,3193926
2018/01/27;"Consommation journalière brute (GW)";63,190731
2018/01/28;"Consommation journalière brute (GW)";59,3210706
2018/01/29;"Consommation journalière brute (GW)";65,2078944
2018/01/30;"Consommation journalière brute (GW)";65,5783938
2018/01/31;"Consommation journalière brute (GW)";66,8133918
2018/02/01;"Consommation journalière brute (GW)";69,6127206
2018/02/02;"Consommation journalière brute (GW)";71,7945504
2018/02/03;"Consommation journalière brute (GW)";66,8545584
2018/02/04;"Consommation journalière brute (GW)";65,7430602
2018/02/05;"Consommation journalière brute (GW)";76,569876
2018/02/06;"Consommation journalière brute (GW)";77,9283738
2018/02/07;"Consommation journalière brute (GW)";79,2868716
2018/02/08;"Consommation journalière brute (GW)";79,4103714
2018/02/09;"Consommation journalière brute (GW)";79,039872
2018/02/10;"Consommation journalière brute (GW)";71,5887174
2018/02/11;"Consommation journalière brute (GW)";66,4428924
2018/02/12;"Consommation journalière brute (GW)";73,7293806
2018/02/13;"Consommation journalière brute (GW)";78,21654
2018/02/14;"Consommation journalière brute (GW)";77,1462084
2018/02/15;"Consommation journalière brute (GW)";71,0947182
2018/02/16;"Consommation journalière brute (GW)";68,0895564
2018/02/17;"Consommation journalière brute (GW)";62,3262324
2018/02/18;"Consommation journalière brute (GW)";61,7910666
2018/02/19;"Consommation journalière brute (GW)";69,9008868
2018/02/20;"Consommation journalière brute (GW)";69,7362204
2018/02/21;"Consommation journalière brute (GW)";72,453216
2018/02/22;"Consommation journalière brute (GW)";76,15821
2018/02/23;"Consommation journalière brute (GW)";76,9403754
2018/02/24;"Consommation journalière brute (GW)";71,5063842
2018/02/25;"Consommation journalière brute (GW)";69,571554
2018/02/26;"Consommation journalière brute (GW)";81,2217018
2018/02/27;"Consommation journalière brute (GW)";86,1616938
2018/02/28;"Consommation journalière brute (GW)";88,6316898
2018/03/01;"Consommation journalière brute (GW)";83,5270314
2018/03/02;"Consommation journalière brute (GW)";75,9935436
2018/03/03;"Consommation journalière brute (GW)";66,1135596
2018/03/04;"Consommation journalière brute (GW)";61,3794006
2018/03/05;"Consommation journalière brute (GW)";66,484059
2018/03/06;"Consommation journalière brute (GW)";66,2370594
2018/03/07;"Consommation journalière brute (GW)";67,1838912
2018/03/08;"Consommation journalière brute (GW)";66,9780582
2018/03/09;"Consommation journalière brute (GW)";63,4788972
2018/03/10;"Consommation journalière brute (GW)";54,7104114
2018/03/11;"Consommation journalière brute (GW)";50,429085
2018/03/12;"Consommation journalière brute (GW)";59,5680702
2018/03/13;"Consommation journalière brute (GW)";61,8322332
2018/03/14;"Consommation journalière brute (GW)";61,7087334
2018/03/15;"Consommation journalière brute (GW)";61,4205672
2018/03/16;"Consommation journalière brute (GW)";60,5560686
2018/03/17;"Consommation journalière brute (GW)";59,2387374
2018/03/18;"Consommation journalière brute (GW)";61,1735676
2018/03/19;"Consommation journalière brute (GW)";71,7945504
2018/03/20;"Consommation journalière brute (GW)";73,6058808
2018/03/21;"Consommation journalière brute (GW)";72,4943826
2018/03/22;"Consommation journalière brute (GW)";71,2593846
2018/03/23;"Consommation journalière brute (GW)";68,2953894
2018/03/24;"Consommation journalière brute (GW)";59,5269036
2018/03/25;"Consommation journalière brute (GW)";55,1220774
2018/03/26;"Consommation journalière brute (GW)";61,544067
2018/03/27;"Consommation journalière brute (GW)";63,4788972
2018/03/28;"Consommation journalière brute (GW)";62,1203994
2018/03/29;"Consommation journalière brute (GW)";62,4497322
2018/03/30;"Consommation journalière brute (GW)";62,5320654
2018/03/31;"Consommation journalière brute (GW)";57,5920734
2018/11/01;"Consommation journalière brute (GW)";53,1872472
2018/11/02;"Consommation journalière brute (GW)";56,1512424
2018/11/03;"Consommation journalière brute (GW)";55,3279104
2018/11/04;"Consommation journalière brute (GW)";52,487415
2018/11/05;"Consommation journalière brute (GW)";56,6864082
2018/11/06;"Consommation journalière brute (GW)";56,604075
2018/11/07;"Consommation journalière brute (GW)";58,2919056
2018/11/08;"Consommation journalière brute (GW)";59,074071
2018/11/09;"Consommation journalière brute (GW)";57,7567398
2018/11/10;"Consommation journalière brute (GW)";51,45825
2018/11/11;"Consommation journalière brute (GW)";48,3295884
2018/11/12;"Consommation journalière brute (GW)";54,9985776
2018/11/13;"Consommation journalière brute (GW)";56,1512424
2018/11/14;"Consommation journalière brute (GW)";57,4685736
2018/11/15;"Consommation journalière brute (GW)";57,7155732
2018/11/16;"Consommation journalière brute (GW)";58,662405
2018/11/17;"Consommation journalière brute (GW)";55,780743
2018/11/18;"Consommation journalière brute (GW)";56,192409
2018/11/19;"Consommation journalière brute (GW)";67,9660566
2018/11/20;"Consommation journalière brute (GW)";71,0947182
2018/11/21;"Consommation journalière brute (GW)";71,0535516
2018/11/22;"Consommation journalière brute (GW)";69,6538872
2018/11/23;"Consommation journalière brute (GW)";67,6778904
2018/11/24;"Consommation journalière brute (GW)";59,7327366
2018/11/25;"Consommation journalière brute (GW)";58,456572
2018/11/26;"Consommation journalière brute (GW)";66,6487254
2018/11/27;"Consommation journalière brute (GW)";67,92489
2018/11/28;"Consommation journalière brute (GW)";65,9077266
2018/11/29;"Consommation journalière brute (GW)";63,602397
2018/11/30;"Consommation journalière brute (GW)";62,4908988
2018/12/01;"Consommation journalière brute (GW)";58,0037394
2018/12/02;"Consommation journalière brute (GW)";53,5989132
2018/12/03;"Consommation journalière brute (GW)";58,3330722
2018/12/04;"Consommation journalière brute (GW)";59,3622372
2018/12/05;"Consommation journalière brute (GW)";61,2147342
2018/12/06;"Consommation journalière brute (GW)";59,9385696
2018/12/07;"Consommation journalière brute (GW)";60,2267358
2018/12/08;"Consommation journalière brute (GW)";57,3450738
2018/12/09;"Consommation journalière brute (GW)";54,9162444
2018/12/10;"Consommation journalière brute (GW)";63,5200638
2018/12/11;"Consommation journalière brute (GW)";67,6367238
2018/12/12;"Consommation journalière brute (GW)";71,1358848
2018/12/13;"Consommation journalière brute (GW)";74,3880462
2018/12/14;"Consommation journalière brute (GW)";75,540711
2018/12/15;"Consommation journalière brute (GW)";70,9300518
2018/12/16;"Consommation journalière brute (GW)";64,3845624
2018/12/17;"Consommation journalière brute (GW)";68,5835556
2018/12/18;"Consommation journalière brute (GW)";69,98322
2018/12/19;"Consommation journalière brute (GW)";67,4308908
2018/12/20;"Consommation journalière brute (GW)";66,7310586
2018/12/21;"Consommation journalière brute (GW)";63,4788972
2018/12/22;"Consommation journalière brute (GW)";55,2867438
2018/12/23;"Consommation journalière brute (GW)";52,5697482
2018/12/24;"Consommation journalière brute (GW)";53,8870794
2018/12/25;"Consommation journalière brute (GW)";54,134079
2018/12/26;"Consommation journalière brute (GW)";64,6727286
2018/12/27;"Consommation journalière brute (GW)";68,130723
2018/12/28;"Consommation journalière brute (GW)";67,719057
2018/12/29;"Consommation journalière brute (GW)";64,5903954
2018/12/30;"Consommation journalière brute (GW)";60,926568
2018/12/31;"Consommation journalière brute (GW)";61,8322332
2019/01/01;"Consommation journalière brute (GW)";57,9214062
2019/01/02;"Consommation journalière brute (GW)";65,7018936
2019/01/03;"Consommation journalière brute (GW)";71,835717
2019/01/04;"Consommation journalière brute (GW)";74,3468796
2019/01/05;"Consommation journalière brute (GW)";69,8185536
2019/01/06;"Consommation journalière brute (GW)";67,0603914
2019/01/07;"Consommation journalière brute (GW)";72,864882
2019/01/08;"Consommation journalière brute (GW)";71,7945504
2019/01/09;"Consommation journalière brute (GW)";73,482381
2019/01/10;"Consommation journalière brute (GW)";76,775709
2019/01/11;"Consommation journalière brute (GW)";75,746544
2019/01/12;"Consommation journalière brute (GW)";67,8425568
2019/01/13;"Consommation journalière brute (GW)";61,5852336
2019/01/14;"Consommation journalière brute (GW)";67,5543906
2019/01/15;"Consommation journalière brute (GW)";70,0243866
2019/01/16;"Consommation journalière brute (GW)";72,1650498
2019/01/17;"Consommation journalière brute (GW)";70,806552
2019/01/18;"Consommation journalière brute (GW)";74,2645464
2019/01/19;"Consommation journalière brute (GW)";69,777387
2019/01/20;"Consommation journalière brute (GW)";66,6075588
2019/01/21;"Consommation journalière brute (GW)";76,1993766
2019/01/22;"Consommation journalière brute (GW)";78,628206
2019/01/23;"Consommation journalière brute (GW)";77,9695404
2019/01/24;"Consommation journalière brute (GW)";79,5338712
2019/01/25;"Consommation journalière brute (GW)";76,6933758
2019/01/26;"Consommation journalière brute (GW)";66,8133918
2019/01/27;"Consommation journalière brute (GW)";63,9317298
2019/01/28;"Consommation journalière brute (GW)";73,276548
2019/01/29;"Consommation journalière brute (GW)";75,952377
2019/01/30;"Consommation journalière brute (GW)";76,5287094
2019/01/31;"Consommation journalière brute (GW)";77,5167078
2019/02/01;"Consommation journalière brute (GW)";73,1530482
2019/02/02;"Consommation journalière brute (GW)";68,6658888
2019/02/03;"Consommation journalière brute (GW)";68,0483898
2019/02/04;"Consommation journalière brute (GW)";77,393208
2019/02/05;"Consommation journalière brute (GW)";74,4703794
2019/02/06;"Consommation journalière brute (GW)";71,5475508
2019/02/07;"Consommation journalière brute (GW)";69,8597202
2019/02/08;"Consommation journalière brute (GW)";69,2010546
2019/02/09;"Consommation journalière brute (GW)";61,955733
2019/02/10;"Consommation journalière brute (GW)";59,8150698
2019/02/11;"Consommation journalière brute (GW)";69,159888
2019/02/12;"Consommation journalière brute (GW)";71,0535516
2019/02/13;"Consommation journalière brute (GW)";71,0947182
2019/02/14;"Consommation journalière brute (GW)";69,2010546
2019/02/15;"Consommation journalière brute (GW)";66,1958928
2019/02/16;"Consommation journalière brute (GW)";59,5269036
2019/02/17;"Consommation journalière brute (GW)";55,7395764
2019/02/18;"Consommation journalière brute (GW)";62,5320654
2019/02/19;"Consommation journalière brute (GW)";64,0963962
2019/02/20;"Consommation journalière brute (GW)";64,8785616
2019/02/21;"Consommation journalière brute (GW)";63,6847302
2019/02/22;"Consommation journalière brute (GW)";61,4617338
2019/02/23;"Consommation journalière brute (GW)";54,5869116
2019/02/24;"Consommation journalière brute (GW)";53,1460806
2019/02/25;"Consommation journalière brute (GW)";59,897403
2019/02/26;"Consommation journalière brute (GW)";59,1975708
2019/02/27;"Consommation journalière brute (GW)";58,1684058
2019/02/28;"Consommation journalière brute (GW)";58,5800718
2019/03/01;"Consommation journalière brute (GW)";58,7035716
2019/03/02;"Consommation journalière brute (GW)";54,0517458
2019/03/03;"Consommation journalière brute (GW)";51,3759168
2019/03/04;"Consommation journalière brute (GW)";59,69157
2019/03/05;"Consommation journalière brute (GW)";61,2147342
2019/03/06;"Consommation journalière brute (GW)";61,0089012
2019/03/07;"Consommation journalière brute (GW)";60,4325688
2019/03/08;"Consommation journalière brute (GW)";60,720735
2019/03/09;"Consommation journalière brute (GW)";54,3810786
2019/03/10;"Consommation journalière brute (GW)";50,7172512
2019/03/11;"Consommation journalière brute (GW)";60,514902
2019/03/12;"Consommation journalière brute (GW)";63,1495644
2019/03/13;"Consommation journalière brute (GW)";63,5612304
2019/03/14;"Consommation journalière brute (GW)";64,3845624
2019/03/15;"Consommation journalière brute (GW)";60,8442348
2019/03/16;"Consommation journalière brute (GW)";52,8579144
2019/03/17;"Consommation journalière brute (GW)";52,1169156
2019/03/18;"Consommation journalière brute (GW)";61,7087334
2019/03/19;"Consommation journalière brute (GW)";62,161566
2019/03/20;"Consommation journalière brute (GW)";61,338234
2019/03/21;"Consommation journalière brute (GW)";59,3622372
2019/03/22;"Consommation journalière brute (GW)";57,0569076
2019/03/23;"Consommation journalière brute (GW)";50,8819176
2019/03/24;"Consommation journalière brute (GW)";48,2884218
2019/03/25;"Consommation journalière brute (GW)";56,5629084
2019/03/26;"Consommation journalière brute (GW)";58,2919056
2019/03/27;"Consommation journalière brute (GW)";58,2095724
2019/03/28;"Consommation journalière brute (GW)";57,0980742
2019/03/29;"Consommation journalière brute (GW)";54,957411
2019/03/30;"Consommation journalière brute (GW)";48,3295884
2019/03/31;"Consommation journalière brute (GW)";45,694926
2019/11/01;"Consommation journalière brute (GW)";46,8475908
2019/11/02;"Consommation journalière brute (GW)";45,8595924
2019/11/03;"Consommation journalière brute (GW)";45,9419256
2019/11/04;"Consommation journalière brute (GW)";53,6812464
2019/11/05;"Consommation journalière brute (GW)";56,398242
2019/11/06;"Consommation journalière brute (GW)";57,3450738
2019/11/07;"Consommation journalière brute (GW)";59,2387374
2019/11/08;"Consommation journalière brute (GW)";61,132401
2019/11/09;"Consommation journalière brute (GW)";56,8922412
2019/11/10;"Consommation journalière brute (GW)";55,0809108
2019/11/11;"Consommation journalière brute (GW)";56,9334078
2019/11/12;"Consommation journalière brute (GW)";64,0552296
2019/11/13;"Consommation journalière brute (GW)";65,7018936
2019/11/14;"Consommation journalière brute (GW)";67,719057
2019/11/15;"Consommation journalière brute (GW)";68,8717218
2019/11/16;"Consommation journalière brute (GW)";63,0672312
2019/11/17;"Consommation journalière brute (GW)";60,5560686
2019/11/18;"Consommation journalière brute (GW)";68,2130562
2019/11/19;"Consommation journalière brute (GW)";69,3245544
2019/11/20;"Consommation journalière brute (GW)";70,5183858
2019/11/21;"Consommation journalière brute (GW)";69,0775548
2019/11/22;"Consommation journalière brute (GW)";65,249061
2019/11/23;"Consommation journalière brute (GW)";57,4685736
2019/11/24;"Consommation journalière brute (GW)";55,3279104
2019/11/25;"Consommation journalière brute (GW)";61,0912344
2019/11/26;"Consommation journalière brute (GW)";60,4737354
2019/11/27;"Consommation journalière brute (GW)";60,0620694
2019/11/28;"Consommation journalière brute (GW)";60,2679024
2019/11/29;"Consommation journalière brute (GW)";60,4325688
2019/11/30;"Consommation journalière brute (GW)";58,6212384
2019/12/01;"Consommation journalière brute (GW)";58,3742388
2019/12/02;"Consommation journalière brute (GW)";67,8013902
2019/12/03;"Consommation journalière brute (GW)";71,5475508
2019/12/04;"Consommation journalière brute (GW)";72,864882
2019/12/05;"Consommation journalière brute (GW)";72,5767158
2019/12/06;"Consommation journalière brute (GW)";71,3828844
2019/12/07;"Consommation journalière brute (GW)";60,7619016
2019/12/08;"Consommation journalière brute (GW)";57,2627406
2019/12/09;"Consommation journalière brute (GW)";65,7842268
2019/12/10;"Consommation journalière brute (GW)";69,159888
2019/12/11;"Consommation journalière brute (GW)";69,9008868
2019/12/12;"Consommation journalière brute (GW)";70,0655532
2019/12/13;"Consommation journalière brute (GW)";66,9780582
2019/12/14;"Consommation journalière brute (GW)";59,4034038
2019/12/15;"Consommation journalière brute (GW)";55,8219096
2019/12/16;"Consommation journalière brute (GW)";61,9968996
2019/12/17;"Consommation journalière brute (GW)";60,4737354
2019/12/18;"Consommation journalière brute (GW)";60,926568
2019/12/19;"Consommation journalière brute (GW)";59,485737
2019/12/20;"Consommation journalière brute (GW)";58,250739
2019/12/21;"Consommation journalière brute (GW)";55,6160766
2019/12/22;"Consommation journalière brute (GW)";54,339912
2019/12/23;"Consommation journalière brute (GW)";58,5389052
2019/12/24;"Consommation journalière brute (GW)";55,1220774
2019/12/25;"Consommation journalière brute (GW)";50,3467518
2019/12/26;"Consommation journalière brute (GW)";57,427407
2019/12/27;"Consommation journalière brute (GW)";57,0569076
2019/12/28;"Consommation journalière brute (GW)";56,0689092
2019/12/29;"Consommation journalière brute (GW)";59,279904
2019/12/30;"Consommation journalière brute (GW)";65,3313942
2019/12/31;"Consommation journalière brute (GW)";65,9077266
2020/01/01;"Consommation journalière brute (GW)";60,103236
2020/01/02;"Consommation journalière brute (GW)";64,3433958
2020/01/03;"Consommation journalière brute (GW)";63,1495644
2020/01/04;"Consommation journalière brute (GW)";60,3502356
2020/01/05;"Consommation journalière brute (GW)";59,9797362
2020/01/06;"Consommation journalière brute (GW)";69,2422212
2020/01/07;"Consommation journalière brute (GW)";67,8013902
2020/01/08;"Consommation journalière brute (GW)";64,837395
2020/01/09;"Consommation journalière brute (GW)";63,1083978
2020/01/10;"Consommation journalière brute (GW)";64,1375628
2020/01/11;"Consommation journalière brute (GW)";61,4617338
2020/01/12;"Consommation journalière brute (GW)";60,6795684
2020/01/13;"Consommation journalière brute (GW)";67,1838912
2020/01/14;"Consommation journalière brute (GW)";66,5663922
2020/01/15;"Consommation journalière brute (GW)";65,1667278
2020/01/16;"Consommation journalière brute (GW)";64,0963962
2020/01/17;"Consommation journalière brute (GW)";64,1787294
2020/01/18;"Consommation journalière brute (GW)";62,3262324
2020/01/19;"Consommation journalière brute (GW)";63,3142308
2020/01/20;"Consommation journalière brute (GW)";72,453216
2020/01/21;"Consommation journalière brute (GW)";74,1410466
2020/01/22;"Consommation journalière brute (GW)";74,8408788
2020/01/23;"Consommation journalière brute (GW)";74,4292128
2020/01/24;"Consommation journalière brute (GW)";72,5355492
2020/01/25;"Consommation journalière brute (GW)";65,9900598
2020/01/26;"Consommation journalière brute (GW)";61,1735676
2020/01/27;"Consommation journalière brute (GW)";67,5955572
2020/01/28;"Consommation journalière brute (GW)";68,5835556
2020/01/29;"Consommation journalière brute (GW)";67,719057
2020/01/30;"Consommation journalière brute (GW)";66,689892
2020/01/31;"Consommation journalière brute (GW)";61,132401
2020/02/01;"Consommation journalière brute (GW)";55,0809108
2020/02/02;"Consommation journalière brute (GW)";52,075749
2020/02/03;"Consommation journalière brute (GW)";57,8802396
2020/02/04;"Consommation journalière brute (GW)";62,984898
2020/02/05;"Consommation journalière brute (GW)";65,6195604
2020/02/06;"Consommation journalière brute (GW)";67,6778904
2020/02/07;"Consommation journalière brute (GW)";67,4720574
2020/02/08;"Consommation journalière brute (GW)";59,485737
2020/02/09;"Consommation journalière brute (GW)";56,4394086
2020/02/10;"Consommation journalière brute (GW)";61,2147342
2020/02/11;"Consommation journalière brute (GW)";64,2610626
2020/02/12;"Consommation journalière brute (GW)";65,86656
2020/02/13;"Consommation journalière brute (GW)";66,5252256
2020/02/14;"Consommation journalière brute (GW)";62,779065
2020/02/15;"Consommation journalière brute (GW)";56,809908
2020/02/16;"Consommation journalière brute (GW)";52,281582
2020/02/17;"Consommation journalière brute (GW)";60,309069
2020/02/18;"Consommation journalière brute (GW)";63,602397
2020/02/19;"Consommation journalière brute (GW)";64,1787294
2020/02/20;"Consommation journalière brute (GW)";63,396564
2020/02/21;"Consommation journalière brute (GW)";63,7258968
2020/02/22;"Consommation journalière brute (GW)";57,9214062
2020/02/23;"Consommation journalière brute (GW)";53,2695804
2020/02/24;"Consommation journalière brute (GW)";58,5389052
2020/02/25;"Consommation journalière brute (GW)";61,0500678
2020/02/26;"Consommation journalière brute (GW)";66,072393
2020/02/27;"Consommation journalière brute (GW)";67,5955572
2020/02/28;"Consommation journalière brute (GW)";66,3605592
2020/02/29;"Consommation journalière brute (GW)";58,0860726
2020/03/01;"Consommation journalière brute (GW)";56,398242
2020/03/02;"Consommation journalière brute (GW)";64,3845624
2020/03/03;"Consommation journalière brute (GW)";67,1427246
2020/03/04;"Consommation journalière brute (GW)";66,8545584
2020/03/05;"Consommation journalière brute (GW)";64,7138952
2020/03/06;"Consommation journalière brute (GW)";65,660727
2020/03/07;"Consommation journalière brute (GW)";59,7739032
2020/03/08;"Consommation journalière brute (GW)";55,9454094
2020/03/09;"Consommation journalière brute (GW)";62,2438992
2020/03/10;"Consommation journalière brute (GW)";62,4497322
2020/03/11;"Consommation journalière brute (GW)";57,8802396
2020/03/12;"Consommation journalière brute (GW)";57,7567398
2020/03/13;"Consommation journalière brute (GW)";58,662405
2020/03/14;"Consommation journalière brute (GW)";54,2575788
2020/03/15;"Consommation journalière brute (GW)";50,0585856
2020/03/16;"Consommation journalière brute (GW)";55,5337434
2020/03/17;"Consommation journalière brute (GW)";53,1460806
2020/03/18;"Consommation journalière brute (GW)";49,2764202
2020/03/19;"Consommation journalière brute (GW)";46,8887574
2020/03/20;"Consommation journalière brute (GW)";45,7772592
2020/03/21;"Consommation journalière brute (GW)";45,3655932
2020/03/22;"Consommation journalière brute (GW)";45,900759
2020/03/23;"Consommation journalière brute (GW)";49,3175868
2020/03/24;"Consommation journalière brute (GW)";50,429085
2020/03/25;"Consommation journalière brute (GW)";51,3759168
2020/03/26;"Consommation journalière brute (GW)";52,1992488
2020/03/27;"Consommation journalière brute (GW)";51,1289172
2020/03/28;"Consommation journalière brute (GW)";46,5594246
2020/03/29;"Consommation journalière brute (GW)";47,8355892
2020/03/30;"Consommation journalière brute (GW)";54,7927446
2020/03/31;"Consommation journalière brute (GW)";53,51658
2020/11/01;"Consommation journalière brute (GW)";44,3364282
2020/11/02;"Consommation journalière brute (GW)";49,3587534
2020/11/03;"Consommation journalière brute (GW)";53,2284138
2020/11/04;"Consommation journalière brute (GW)";56,6864082
2020/11/05;"Consommation journalière brute (GW)";57,4685736
2020/11/06;"Consommation journalière brute (GW)";55,986576
2020/11/07;"Consommation journalière brute (GW)";48,9059208
2020/11/08;"Consommation journalière brute (GW)";45,3244266
2020/11/09;"Consommation journalière brute (GW)";50,7995844
2020/11/10;"Consommation journalière brute (GW)";52,075749
2020/11/11;"Consommation journalière brute (GW)";48,1237554
2020/11/12;"Consommation journalière brute (GW)";52,6520814
2020/11/13;"Consommation journalière brute (GW)";52,6109148
2020/11/14;"Consommation journalière brute (GW)";46,9710906
2020/11/15;"Consommation journalière brute (GW)";46,1889252
2020/11/16;"Consommation journalière brute (GW)";53,51658
2020/11/17;"Consommation journalière brute (GW)";55,2455772
2020/11/18;"Consommation journalière brute (GW)";55,163244
2020/11/19;"Consommation journalière brute (GW)";56,1100758
2020/11/20;"Consommation journalière brute (GW)";58,868238
2020/11/21;"Consommation journalière brute (GW)";56,2747422
2020/11/22;"Consommation journalière brute (GW)";55,2867438
2020/11/23;"Consommation journalière brute (GW)";61,4205672
2020/11/24;"Consommation journalière brute (GW)";63,0260646
2020/11/25;"Consommation journalière brute (GW)";61,955733
2020/11/26;"Consommation journalière brute (GW)";61,132401
2020/11/27;"Consommation journalière brute (GW)";59,9797362
2020/11/28;"Consommation journalière brute (GW)";55,0397442
2020/11/29;"Consommation journalière brute (GW)";56,3159088
2020/11/30;"Consommation journalière brute (GW)";66,484059
2020/12/01;"Consommation journalière brute (GW)";67,0603914
2020/12/02;"Consommation journalière brute (GW)";67,513224
2020/12/03;"Consommation journalière brute (GW)";67,101558
2020/12/04;"Consommation journalière brute (GW)";66,689892
2020/12/05;"Consommation journalière brute (GW)";63,8905632
2020/12/06;"Consommation journalière brute (GW)";61,9145664
2020/12/07;"Consommation journalière brute (GW)";70,189053
2020/12/08;"Consommation journalière brute (GW)";70,8477186
2020/12/09;"Consommation journalière brute (GW)";72,247383
2020/12/10;"Consommation journalière brute (GW)";70,5183858
2020/12/11;"Consommation journalière brute (GW)";67,3897242
2020/12/12;"Consommation journalière brute (GW)";59,8562364
2020/12/13;"Consommation journalière brute (GW)";58,9505712
2020/12/14;"Consommation journalière brute (GW)";63,7258968
2020/12/15;"Consommation journalière brute (GW)";62,573232
2020/12/16;"Consommation journalière brute (GW)";63,602397
2020/12/17;"Consommation journalière brute (GW)";62,4085656
2020/12/18;"Consommation journalière brute (GW)";61,544067
2020/12/19;"Consommation journalière brute (GW)";56,0689092
2020/12/20;"Consommation journalière brute (GW)";54,0105792
2020/12/21;"Consommation journalière brute (GW)";60,103236
2020/12/22;"Consommation journalière brute (GW)";56,6864082
2020/12/23;"Consommation journalière brute (GW)";55,8630762
2020/12/24;"Consommation journalière brute (GW)";56,5217418
2020/12/25;"Consommation journalière brute (GW)";57,0980742
2020/12/26;"Consommation journalière brute (GW)";61,7499
2020/12/27;"Consommation journalière brute (GW)";61,7499
2020/12/28;"Consommation journalière brute (GW)";64,0963962
2020/12/29;"Consommation journalière brute (GW)";64,837395
2020/12/30;"Consommation journalière brute (GW)";65,6195604
2020/12/31;"Consommation journalière brute (GW)";64,7962284
2021/01/01;"Consommation journalière brute (GW)";62,779065
2021/01/02;"Consommation journalière brute (GW)";67,1838912
2021/01/03;"Consommation journalière brute (GW)";66,3605592
2021/01/04;"Consommation journalière brute (GW)";75,0467118
2021/01/05;"Consommation journalière brute (GW)";77,393208
2021/01/06;"Consommation journalière brute (GW)";77,3520414
2021/01/07;"Consommation journalière brute (GW)";78,21654
2021/01/08;"Consommation journalière brute (GW)";78,2577066
2021/01/09;"Consommation journalière brute (GW)";74,3468796
2021/01/10;"Consommation journalière brute (GW)";72,3297162
2021/01/11;"Consommation journalière brute (GW)";79,5338712
2021/01/12;"Consommation journalière brute (GW)";77,2285416
2021/01/13;"Consommation journalière brute (GW)";71,3828844
2021/01/14;"Consommation journalière brute (GW)";69,4068876
2021/01/15;"Consommation journalière brute (GW)";71,835717
2021/01/16;"Consommation journalière brute (GW)";70,9300518
2021/01/17;"Consommation journalière brute (GW)";64,9608948
2021/01/18;"Consommation journalière brute (GW)";72,7002156
2021/01/19;"Consommation journalière brute (GW)";73,1942148
2021/01/20;"Consommation journalière brute (GW)";69,4892208
2021/01/21;"Consommation journalière brute (GW)";67,0603914
2021/01/22;"Consommation journalière brute (GW)";66,6487254
2021/01/23;"Consommation journalière brute (GW)";64,5903954
2021/01/24;"Consommation journalière brute (GW)";65,1255612
2021/01/25;"Consommation journalière brute (GW)";72,247383
2021/01/26;"Consommation journalière brute (GW)";75,8288772
2021/01/27;"Consommation journalière brute (GW)";72,4120494
2021/01/28;"Consommation journalière brute (GW)";65,660727
2021/01/29;"Consommation journalière brute (GW)";62,2438992
2021/01/30;"Consommation journalière brute (GW)";58,044906
2021/01/31;"Consommation journalière brute (GW)";56,604075
2021/02/01;"Consommation journalière brute (GW)";62,779065
2021/02/02;"Consommation journalière brute (GW)";61,4205672
2021/02/03;"Consommation journalière brute (GW)";61,0500678
2021/02/04;"Consommation journalière brute (GW)";62,2850658
2021/02/05;"Consommation journalière brute (GW)";60,7619016
2021/02/06;"Consommation journalière brute (GW)";56,7687414
2021/02/07;"Consommation journalière brute (GW)";58,7035716
2021/02/08;"Consommation journalière brute (GW)";70,5183858
2021/02/09;"Consommation journalière brute (GW)";74,305713
2021/02/10;"Consommation journalière brute (GW)";75,3760446
2021/02/11;"Consommation journalière brute (GW)";77,8872072
2021/02/12;"Consommation journalière brute (GW)";78,422373
2021/02/13;"Consommation journalière brute (GW)";74,8408788
2021/02/14;"Consommation journalière brute (GW)";71,7122172
2021/02/15;"Consommation journalière brute (GW)";72,2885496
2021/02/16;"Consommation journalière brute (GW)";67,719057
2021/02/17;"Consommation journalière brute (GW)";63,5200638
2021/02/18;"Consommation journalière brute (GW)";64,0552296
2021/02/19;"Consommation journalière brute (GW)";61,544067
2021/02/20;"Consommation journalière brute (GW)";53,6400798
2021/02/21;"Consommation journalière brute (GW)";50,7995844
2021/02/22;"Consommation journalière brute (GW)";57,3862404
2021/02/23;"Consommation journalière brute (GW)";55,780743
2021/02/24;"Consommation journalière brute (GW)";54,4634118
2021/02/25;"Consommation journalière brute (GW)";54,9985776
2021/02/26;"Consommation journalière brute (GW)";56,3159088
2021/02/27;"Consommation journalière brute (GW)";54,4222452
2021/02/28;"Consommation journalière brute (GW)";53,2695804
2021/03/01;"Consommation journalière brute (GW)";58,9505712
2021/03/02;"Consommation journalière brute (GW)";59,1152376
2021/03/03;"Consommation journalière brute (GW)";58,456572
2021/03/04;"Consommation journalière brute (GW)";58,5389052
2021/03/05;"Consommation journalière brute (GW)";60,8442348
2021/03/06;"Consommation journalière brute (GW)";57,8802396
2021/03/07;"Consommation journalière brute (GW)";56,4394086
2021/03/08;"Consommation journalière brute (GW)";62,779065
2021/03/09;"Consommation journalière brute (GW)";63,6847302
2021/03/10;"Consommation journalière brute (GW)";63,8905632
2021/03/11;"Consommation journalière brute (GW)";60,2267358
2021/03/12;"Consommation journalière brute (GW)";59,9797362
2021/03/13;"Consommation journalière brute (GW)";55,9042428
2021/03/14;"Consommation journalière brute (GW)";54,7927446
2021/03/15;"Consommation journalière brute (GW)";61,2970674
2021/03/16;"Consommation journalière brute (GW)";61,9145664
2021/03/17;"Consommation journalière brute (GW)";62,1203994
2021/03/18;"Consommation journalière brute (GW)";64,0963962
2021/03/19;"Consommation journalière brute (GW)";64,014063
2021/03/20;"Consommation journalière brute (GW)";59,3210706
2021/03/21;"Consommation journalière brute (GW)";57,2627406
2021/03/22;"Consommation journalière brute (GW)";62,3262324
2021/03/23;"Consommation journalière brute (GW)";60,3914022
2021/03/24;"Consommation journalière brute (GW)";57,9214062
2021/03/25;"Consommation journalière brute (GW)";56,398242
2021/03/26;"Consommation journalière brute (GW)";56,0277426
2021/03/27;"Consommation journalière brute (GW)";51,3759168
2021/03/28;"Consommation journalière brute (GW)";48,576588
2021/03/29;"Consommation journalière brute (GW)";51,5817498
2021/03/30;"Consommation journalière brute (GW)";49,5645864
2021/03/31;"Consommation journalière brute (GW)";48,2472552
2021/11/01;"Consommation journalière brute (GW)";46,6829244
2021/11/02;"Consommation journalière brute (GW)";54,5869116
2021/11/03;"Consommation journalière brute (GW)";57,221574
2021/11/04;"Consommation journalière brute (GW)";59,7739032
2021/11/05;"Consommation journalière brute (GW)";59,897403
2021/11/06;"Consommation journalière brute (GW)";56,4805752
2021/11/07;"Consommation journalière brute (GW)";53,3930802
2021/11/08;"Consommation journalière brute (GW)";59,5680702
2021/11/09;"Consommation journalière brute (GW)";61,7910666
2021/11/10;"Consommation journalière brute (GW)";63,1083978
2021/11/11;"Consommation journalière brute (GW)";56,604075
2021/11/12;"Consommation journalière brute (GW)";58,9094046
2021/11/13;"Consommation journalière brute (GW)";53,3930802
2021/11/14;"Consommation journalière brute (GW)";51,0054174
2021/11/15;"Consommation journalière brute (GW)";60,103236
2021/11/16;"Consommation journalière brute (GW)";62,0380662
2021/11/17;"Consommation journalière brute (GW)";61,955733
2021/11/18;"Consommation journalière brute (GW)";62,3262324
2021/11/19;"Consommation journalière brute (GW)";61,955733
2021/11/20;"Consommation journalière brute (GW)";57,7567398
2021/11/21;"Consommation journalière brute (GW)";56,809908
2021/11/22;"Consommation journalière brute (GW)";65,249061
2021/11/23;"Consommation journalière brute (GW)";67,4720574
2021/11/24;"Consommation journalière brute (GW)";68,0483898
2021/11/25;"Consommation journalière brute (GW)";68,6658888
2021/11/26;"Consommation journalière brute (GW)";68,9952216
2021/11/27;"Consommation journalière brute (GW)";64,7962284
2021/11/28;"Consommation journalière brute (GW)";64,7962284
2021/11/29;"Consommation journalière brute (GW)";72,9883818
2021/11/30;"Consommation journalière brute (GW)";73,9763802
2021/12/01;"Consommation journalière brute (GW)";69,5303874
2021/12/02;"Consommation journalière brute (GW)";71,1770514
2021/12/03;"Consommation journalière brute (GW)";72,9060486
2021/12/04;"Consommation journalière brute (GW)";62,573232
2021/12/05;"Consommation journalière brute (GW)";63,1083978
2021/12/06;"Consommation journalière brute (GW)";70,0655532
2021/12/07;"Consommation journalière brute (GW)";70,9300518
2021/12/08;"Consommation journalière brute (GW)";71,0947182
2021/12/09;"Consommation journalière brute (GW)";72,7825488
2021/12/10;"Consommation journalière brute (GW)";71,629884
2021/12/11;"Consommation journalière brute (GW)";65,9077266
2021/12/12;"Consommation journalière brute (GW)";61,5029004
2021/12/13;"Consommation journalière brute (GW)";67,307391
2021/12/14;"Consommation journalière brute (GW)";69,6127206
2021/12/15;"Consommation journalière brute (GW)";69,6538872
2021/12/16;"Consommation journalière brute (GW)";69,3245544
2021/12/17;"Consommation journalière brute (GW)";69,1187214
2021/12/18;"Consommation journalière brute (GW)";64,6727286
2021/12/19;"Consommation journalière brute (GW)";64,1787294
2021/12/20;"Consommation journalière brute (GW)";71,9592168
2021/12/21;"Consommation journalière brute (GW)";74,5527126
2021/12/22;"Consommation journalière brute (GW)";76,5287094
2021/12/23;"Consommation journalière brute (GW)";70,5595524
2021/12/24;"Consommation journalière brute (GW)";60,8442348
2021/12/25;"Consommation journalière brute (GW)";53,2695804
2021/12/26;"Consommation journalière brute (GW)";53,51658
2021/12/27;"Consommation journalière brute (GW)";57,5920734
2021/12/28;"Consommation journalière brute (GW)";57,3039072
2021/12/29;"Consommation journalière brute (GW)";55,1220774
2021/12/30;"Consommation journalière brute (GW)";52,5285816
2021/12/31;"Consommation journalière brute (GW)";53,0637474
2022/01/01;"Consommation journalière brute (GW)";50,0997522
2022/01/02;"Consommation journalière brute (GW)";52,075749
2022/01/03;"Consommation journalière brute (GW)";59,2387374
2022/01/04;"Consommation journalière brute (GW)";61,8733998
2022/01/05;"Consommation journalière brute (GW)";68,0072232
2022/01/06;"Consommation journalière brute (GW)";72,0827166
2022/01/07;"Consommation journalière brute (GW)";71,9180502
2022/01/08;"Consommation journalière brute (GW)";64,6727286
2022/01/09;"Consommation journalière brute (GW)";62,0380662
2022/01/10;"Consommation journalière brute (GW)";69,3245544
2022/01/11;"Consommation journalière brute (GW)";72,1650498
2022/01/12;"Consommation journalière brute (GW)";74,5938792
2022/01/13;"Consommation journalière brute (GW)";75,9112104
2022/01/14;"Consommation journalière brute (GW)";76,7345424
2022/01/15;"Consommation journalière brute (GW)";72,3297162
2022/01/16;"Consommation journalière brute (GW)";70,189053
2022/01/17;"Consommation journalière brute (GW)";74,1410466
2022/01/18;"Consommation journalière brute (GW)";74,5527126
2022/01/19;"Consommation journalière brute (GW)";74,3880462
2022/01/20;"Consommation journalière brute (GW)";73,3177146
2022/01/21;"Consommation journalière brute (GW)";74,7585456
2022/01/22;"Consommation journalière brute (GW)";69,8597202
2022/01/23;"Consommation journalière brute (GW)";66,9780582
2022/01/24;"Consommation journalière brute (GW)";74,3880462
2022/01/25;"Consommation journalière brute (GW)";77,2285416
2022/01/26;"Consommation journalière brute (GW)";77,804874
2022/01/27;"Consommation journalière brute (GW)";76,8992088
2022/01/28;"Consommation journalière brute (GW)";73,7705472
2022/01/29;"Consommation journalière brute (GW)";66,6487254
2022/01/30;"Consommation journalière brute (GW)";61,7087334
2022/01/31;"Consommation journalière brute (GW)";69,6127206
2022/02/01;"Consommation journalière brute (GW)";71,3828844
2022/02/02;"Consommation journalière brute (GW)";66,8133918
2022/02/03;"Consommation journalière brute (GW)";67,1427246
2022/02/04;"Consommation journalière brute (GW)";66,1135596
2022/02/05;"Consommation journalière brute (GW)";61,7910666
2022/02/06;"Consommation journalière brute (GW)";61,2559008
2022/02/07;"Consommation journalière brute (GW)";64,5492288
2022/02/08;"Consommation journalière brute (GW)";66,1547262
2022/02/09;"Consommation journalière brute (GW)";65,7842268
2022/02/10;"Consommation journalière brute (GW)";65,4137274
2022/02/11;"Consommation journalière brute (GW)";66,3193926
2022/02/12;"Consommation journalière brute (GW)";64,014063
2022/02/13;"Consommation journalière brute (GW)";60,4737354
2022/02/14;"Consommation journalière brute (GW)";64,3022292
2022/02/15;"Consommation journalière brute (GW)";66,6075588
2022/02/16;"Consommation journalière brute (GW)";64,8785616
2022/02/17;"Consommation journalière brute (GW)";60,5972352
2022/02/18;"Consommation journalière brute (GW)";59,8562364
2022/02/19;"Consommation journalière brute (GW)";58,2919056
2022/02/20;"Consommation journalière brute (GW)";56,0277426
2022/02/21;"Consommation journalière brute (GW)";63,2730642
2022/02/22;"Consommation journalière brute (GW)";63,4377306
2022/02/23;"Consommation journalière brute (GW)";61,8733998
2022/02/24;"Consommation journalière brute (GW)";62,9437314
2022/02/25;"Consommation journalière brute (GW)";64,3845624
2022/02/26;"Consommation journalière brute (GW)";60,514902
2022/02/27;"Consommation journalière brute (GW)";59,0329044
2022/02/28;"Consommation journalière brute (GW)";63,7258968
2022/03/01;"Consommation journalière brute (GW)";63,5200638
2022/03/02;"Consommation journalière brute (GW)";62,7378984
2022/03/03;"Consommation journalière brute (GW)";61,2970674
2022/03/04;"Consommation journalière brute (GW)";61,1735676
2022/03/05;"Consommation journalière brute (GW)";58,044906
2022/03/06;"Consommation journalière brute (GW)";58,1272392
2022/03/07;"Consommation journalière brute (GW)";66,9368916
2022/03/08;"Consommation journalière brute (GW)";66,689892
2022/03/09;"Consommation journalière brute (GW)";63,1083978
2022/03/10;"Consommation journalière brute (GW)";60,6384018
2022/03/11;"Consommation journalière brute (GW)";60,2679024
2022/03/12;"Consommation journalière brute (GW)";55,4925768
2022/03/13;"Consommation journalière brute (GW)";54,4634118
2022/03/14;"Consommation journalière brute (GW)";59,8562364
2022/03/15;"Consommation journalière brute (GW)";58,5389052
2022/03/16;"Consommation journalière brute (GW)";57,839073
2022/03/17;"Consommation journalière brute (GW)";58,9505712
2022/03/18;"Consommation journalière brute (GW)";59,5269036
2022/03/19;"Consommation journalière brute (GW)";53,3930802
2022/03/20;"Consommation journalière brute (GW)";51,0054174
2022/03/21;"Consommation journalière brute (GW)";55,163244
2022/03/22;"Consommation journalière brute (GW)";55,2044106
2022/03/23;"Consommation journalière brute (GW)";55,4102436
2022/03/24;"Consommation journalière brute (GW)";54,7927446
2022/03/25;"Consommation journalière brute (GW)";52,9402476
2022/03/26;"Consommation journalière brute (GW)";47,3827566
2022/03/27;"Consommation journalière brute (GW)";44,871594
2022/03/28;"Consommation journalière brute (GW)";50,1820854
2022/03/29;"Consommation journalière brute (GW)";51,1289172
2022/03/30;"Consommation journalière brute (GW)";53,1872472
2022/03/31;"Consommation journalière brute (GW)";57,221574
2022/11/01;"Consommation journalière brute (GW)";39,3552696
2022/11/02;"Consommation journalière brute (GW)";45,0362604
2022/11/03;"Consommation journalière brute (GW)";47,0534238
2022/11/04;"Consommation journalière brute (GW)";48,3295884
2022/11/05;"Consommation journalière brute (GW)";45,489093
2022/11/06;"Consommation journalière brute (GW)";44,459928
2022/11/07;"Consommation journalière brute (GW)";49,1117538
2022/11/08;"Consommation journalière brute (GW)";49,605753
2022/11/09;"Consommation journalière brute (GW)";49,5234198
2022/11/10;"Consommation journalière brute (GW)";50,1820854
2022/11/11;"Consommation journalière brute (GW)";45,28326
2022/11/12;"Consommation journalière brute (GW)";44,5422612
2022/11/13;"Consommation journalière brute (GW)";43,7189292
2022/11/14;"Consommation journalière brute (GW)";50,7172512
2022/11/15;"Consommation journalière brute (GW)";51,5817498
2022/11/16;"Consommation journalière brute (GW)";51,7875828
2022/11/17;"Consommation journalière brute (GW)";51,5817498
2022/11/18;"Consommation journalière brute (GW)";52,5285816
2022/11/19;"Consommation journalière brute (GW)";49,8527526
2022/11/20;"Consommation journalière brute (GW)";49,1117538
2022/11/21;"Consommation journalière brute (GW)";56,7687414
2022/11/22;"Consommation journalière brute (GW)";58,2095724
2022/11/23;"Consommation journalière brute (GW)";57,7567398
2022/11/24;"Consommation journalière brute (GW)";56,8922412
2022/11/25;"Consommation journalière brute (GW)";55,7395764
2022/11/26;"Consommation journalière brute (GW)";52,8579144
2022/11/27;"Consommation journalière brute (GW)";51,3759168
2022/11/28;"Consommation journalière brute (GW)";56,6452416
2022/11/29;"Consommation journalière brute (GW)";59,6504034
2022/11/30;"Consommation journalière brute (GW)";61,0500678
2022/12/01;"Consommation journalière brute (GW)";62,779065
2022/12/02;"Consommation journalière brute (GW)";63,8905632
2022/12/03;"Consommation journalière brute (GW)";60,0620694
2022/12/04;"Consommation journalière brute (GW)";58,7859048
2022/12/05;"Consommation journalière brute (GW)";65,9077266
2022/12/06;"Consommation journalière brute (GW)";67,0603914
2022/12/07;"Consommation journalière brute (GW)";67,2250578
2022/12/08;"Consommation journalière brute (GW)";68,6247222
2022/12/09;"Consommation journalière brute (GW)";68,1718896
2022/12/10;"Consommation journalière brute (GW)";65,3725608
2022/12/11;"Consommation journalière brute (GW)";66,9780582
2022/12/12;"Consommation journalière brute (GW)";75,2525448
2022/12/13;"Consommation journalière brute (GW)";75,0467118
2022/12/14;"Consommation journalière brute (GW)";70,8888852
2022/12/15;"Consommation journalière brute (GW)";70,7653854
2022/12/16;"Consommation journalière brute (GW)";70,8888852
2022/12/17;"Consommation journalière brute (GW)";69,8597202
2022/12/18;"Consommation journalière brute (GW)";67,101558
2022/12/19;"Consommation journalière brute (GW)";63,2318976
2022/12/20;"Consommation journalière brute (GW)";58,868238
2022/12/21;"Consommation journalière brute (GW)";56,398242
2022/12/22;"Consommation journalière brute (GW)";54,751578
2022/12/23;"Consommation journalière brute (GW)";50,7584178
2022/12/24;"Consommation journalière brute (GW)";46,5594246
2022/12/25;"Consommation journalière brute (GW)";43,9659288
2022/12/26;"Consommation journalière brute (GW)";48,8235876
2022/12/27;"Consommation journalière brute (GW)";53,2284138
2022/12/28;"Consommation journalière brute (GW)";53,4342468
2022/12/29;"Consommation journalière brute (GW)";51,9110826
2022/12/30;"Consommation journalière brute (GW)";51,8287494
2022/12/31;"Consommation journalière brute (GW)";45,8184258
2023/01/01;"Consommation journalière brute (GW)";42,8544306
2023/01/02;"Consommation journalière brute (GW)";49,5645864
2023/01/03;"Consommation journalière brute (GW)";55,6572432
2023/01/04;"Consommation journalière brute (GW)";56,5217418
2023/01/05;"Consommation journalière brute (GW)";55,0397442
2023/01/06;"Consommation journalière brute (GW)";54,8750778
2023/01/07;"Consommation journalière brute (GW)";50,5525848
2023/01/08;"Consommation journalière brute (GW)";49,4410866
2023/01/09;"Consommation journalière brute (GW)";58,662405
2023/01/10;"Consommation journalière brute (GW)";60,6795684
2023/01/11;"Consommation journalière brute (GW)";58,5389052
2023/01/12;"Consommation journalière brute (GW)";58,6212384
2023/01/13;"Consommation journalière brute (GW)";57,6744066
2023/01/14;"Consommation journalière brute (GW)";53,104914
2023/01/15;"Consommation journalière brute (GW)";53,0225808
2023/01/16;"Consommation journalière brute (GW)";63,0672312
2023/01/17;"Consommation journalière brute (GW)";66,9780582
2023/01/18;"Consommation journalière brute (GW)";69,777387
2023/01/19;"Consommation journalière brute (GW)";70,6830522
2023/01/20;"Consommation journalière brute (GW)";71,424051
2023/01/21;"Consommation journalière brute (GW)";67,2662244
2023/01/22;"Consommation journalière brute (GW)";68,6658888
2023/01/23;"Consommation journalière brute (GW)";74,7997122
2023/01/24;"Consommation journalière brute (GW)";74,0587134
2023/01/25;"Consommation journalière brute (GW)";74,6350458
2023/01/26;"Consommation journalière brute (GW)";73,6470474
2023/01/27;"Consommation journalière brute (GW)";71,4652176
2023/01/28;"Consommation journalière brute (GW)";66,8545584
2023/01/29;"Consommation journalière brute (GW)";65,3313942
2023/01/30;"Consommation journalière brute (GW)";70,0243866
2023/01/31;"Consommation journalière brute (GW)";66,7722252
2023/02/01;"Consommation journalière brute (GW)";65,6195604
2023/02/02;"Consommation journalière brute (GW)";65,043228
2023/02/03;"Consommation journalière brute (GW)";63,6435636
2023/02/04;"Consommation journalière brute (GW)";57,3039072
2023/02/05;"Consommation journalière brute (GW)";55,4514102
2023/02/06;"Consommation journalière brute (GW)";64,3845624
2023/02/07;"Consommation journalière brute (GW)";66,8545584
2023/02/08;"Consommation journalière brute (GW)";69,3245544
2023/02/09;"Consommation journalière brute (GW)";70,806552
2023/02/10;"Consommation journalière brute (GW)";68,130723
2023/02/11;"Consommation journalière brute (GW)";61,9145664
2023/02/12;"Consommation journalière brute (GW)";58,250739
2023/02/13;"Consommation journalière brute (GW)";64,0963962
2023/02/14;"Consommation journalière brute (GW)";63,4377306
2023/02/15;"Consommation journalière brute (GW)";62,161566
2023/02/16;"Consommation journalière brute (GW)";60,0620694
2023/02/17;"Consommation journalière brute (GW)";57,1392408
2023/02/18;"Consommation journalière brute (GW)";51,45825
2023/02/19;"Consommation journalière brute (GW)";49,2764202
2023/02/20;"Consommation journalière brute (GW)";56,8510746
2023/02/21;"Consommation journalière brute (GW)";57,839073
2023/02/22;"Consommation journalière brute (GW)";57,9625728
2023/02/23;"Consommation journalière brute (GW)";59,2387374
2023/02/24;"Consommation journalière brute (GW)";58,3742388
2023/02/25;"Consommation journalière brute (GW)";56,2335756
2023/02/26;"Consommation journalière brute (GW)";58,9094046
2023/02/27;"Consommation journalière brute (GW)";68,8305552
2023/02/28;"Consommation journalière brute (GW)";70,394886
2023/03/01;"Consommation journalière brute (GW)";69,159888
2023/03/02;"Consommation journalière brute (GW)";67,6778904
2023/03/03;"Consommation journalière brute (GW)";65,5372272
2023/03/04;"Consommation journalière brute (GW)";60,2267358
2023/03/05;"Consommation journalière brute (GW)";57,5097402
2023/03/06;"Consommation journalière brute (GW)";63,8493966
2023/03/07;"Consommation journalière brute (GW)";62,8613982
2023/03/08;"Consommation journalière brute (GW)";59,7327366
2023/03/09;"Consommation journalière brute (GW)";55,986576
2023/03/10;"Consommation journalière brute (GW)";57,3039072
2023/03/11;"Consommation journalière brute (GW)";52,7344146
2023/03/12;"Consommation journalière brute (GW)";47,6297562
2023/03/13;"Consommation journalière brute (GW)";50,9230842
2023/03/14;"Consommation journalière brute (GW)";54,2164122
2023/03/15;"Consommation journalière brute (GW)";55,4925768
2023/03/16;"Consommation journalière brute (GW)";53,7635796
2023/03/17;"Consommation journalière brute (GW)";51,4994166
2023/03/18;"Consommation journalière brute (GW)";46,4359248
2023/03/19;"Consommation journalière brute (GW)";45,3655932
2023/03/20;"Consommation journalière brute (GW)";51,9110826
2023/03/21;"Consommation journalière brute (GW)";51,4994166
2023/03/22;"Consommation journalière brute (GW)";51,4170834
2023/03/23;"Consommation journalière brute (GW)";49,2764202
2023/03/24;"Consommation journalière brute (GW)";49,2764202
2023/03/25;"Consommation journalière brute (GW)";46,1889252
2023/03/26;"Consommation journalière brute (GW)";45,6537594
2023/03/27;"Consommation journalière brute (GW)";52,9814142
2023/03/28;"Consommation journalière brute (GW)";54,6280782
2023/03/29;"Consommation journalière brute (GW)";50,634918
2023/03/30;"Consommation journalière brute (GW)";48,4119216
2023/03/31;"Consommation journalière brute (GW)";49,3587534
2023/11/01;"Consommation journalière brute (GW)";44,7892608
2023/11/02;"Consommation journalière brute (GW)";49,3175868
2023/11/03;"Consommation journalière brute (GW)";51,9934158
2023/11/04;"Consommation journalière brute (GW)";48,6589212
2023/11/05;"Consommation journalière brute (GW)";45,900759
2023/11/06;"Consommation journalière brute (GW)";52,6109148
2023/11/07;"Consommation journalière brute (GW)";54,4222452
2023/11/08;"Consommation journalière brute (GW)";55,4514102
2023/11/09;"Consommation journalière brute (GW)";55,57491
2023/11/10;"Consommation journalière brute (GW)";56,3159088
2023/11/11;"Consommation journalière brute (GW)";50,429085
2023/11/12;"Consommation journalière brute (GW)";48,6589212
2023/11/13;"Consommation journalière brute (GW)";51,869916
2023/11/14;"Consommation journalière brute (GW)";52,0345824
2023/11/15;"Consommation journalière brute (GW)";52,281582
2023/11/16;"Consommation journalière brute (GW)";54,7104114
2023/11/17;"Consommation journalière brute (GW)";54,2164122
2023/11/18;"Consommation journalière brute (GW)";49,9762524
2023/11/19;"Consommation journalière brute (GW)";45,9830922
2023/11/20;"Consommation journalière brute (GW)";53,0637474
2023/11/21;"Consommation journalière brute (GW)";54,4222452
2023/11/22;"Consommation journalière brute (GW)";56,4805752
2023/11/23;"Consommation journalière brute (GW)";58,662405
2023/11/24;"Consommation journalière brute (GW)";57,3039072
2023/11/25;"Consommation journalière brute (GW)";56,3159088
2023/11/26;"Consommation journalière brute (GW)";57,5097402
2023/11/27;"Consommation journalière brute (GW)";63,3553974
2023/11/28;"Consommation journalière brute (GW)";62,6967318
2023/11/29;"Consommation journalière brute (GW)";64,837395
2023/11/30;"Consommation journalière brute (GW)";63,602397
2023/12/01;"Consommation journalière brute (GW)";63,7258968
2023/12/02;"Consommation journalière brute (GW)";64,014063
2023/12/03;"Consommation journalière brute (GW)";64,3845624
2023/12/04;"Consommation journalière brute (GW)";67,513224
2023/12/05;"Consommation journalière brute (GW)";65,4137274
2023/12/06;"Consommation journalière brute (GW)";66,3605592
2023/12/07;"Consommation journalière brute (GW)";68,4188892
2023/12/08;"Consommation journalière brute (GW)";62,8613982
2023/12/09;"Consommation journalière brute (GW)";57,5097402
2023/12/10;"Consommation journalière brute (GW)";53,5989132
2023/12/11;"Consommation journalière brute (GW)";56,604075
2023/12/12;"Consommation journalière brute (GW)";56,5629084
2023/12/13;"Consommation journalière brute (GW)";58,5389052
2023/12/14;"Consommation journalière brute (GW)";61,0912344
2023/12/15;"Consommation journalière brute (GW)";60,103236
2023/12/16;"Consommation journalière brute (GW)";57,5097402
2023/12/17;"Consommation journalière brute (GW)";59,5680702
2023/12/18;"Consommation journalière brute (GW)";66,9368916
2023/12/19;"Consommation journalière brute (GW)";66,6075588
2023/12/20;"Consommation journalière brute (GW)";63,5200638
2023/12/21;"Consommation journalière brute (GW)";60,8854014
2023/12/22;"Consommation journalière brute (GW)";57,015741
2023/12/23;"Consommation journalière brute (GW)";52,1169156
2023/12/24;"Consommation journalière brute (GW)";49,6469196
2023/12/25;"Consommation journalière brute (GW)";47,9179224
2023/12/26;"Consommation journalière brute (GW)";52,8167478
2023/12/27;"Consommation journalière brute (GW)";54,7927446
2023/12/28;"Consommation journalière brute (GW)";54,545745
2023/12/29;"Consommation journalière brute (GW)";53,51658
2023/12/30;"Consommation journalière brute (GW)";50,7584178
2023/12/31;"Consommation journalière brute (GW)";51,4170834
2024/01/01;"Consommation journalière brute (GW)";51,252417
2024/01/02;"Consommation journalière brute (GW)";56,3159088
2024/01/03;"Consommation journalière brute (GW)";57,0980742
2024/01/04;"Consommation journalière brute (GW)";57,6744066
2024/01/05;"Consommation journalière brute (GW)";58,9505712
2024/01/06;"Consommation journalière brute (GW)";57,6744066
2024/01/07;"Consommation journalière brute (GW)";59,8562364
2024/01/08;"Consommation journalière brute (GW)";71,9592168
2024/01/09;"Consommation journalière brute (GW)";76,8992088
2024/01/10;"Consommation journalière brute (GW)";77,5167078
2024/01/11;"Consommation journalière brute (GW)";76,1170434
2024/01/12;"Consommation journalière brute (GW)";75,129045
2024/01/13;"Consommation journalière brute (GW)";71,6710506
2024/01/14;"Consommation journalière brute (GW)";69,571554
2024/01/15;"Consommation journalière brute (GW)";71,5475508
2024/01/16;"Consommation journalière brute (GW)";73,4000478
2024/01/17;"Consommation journalière brute (GW)";69,4068876
2024/01/18;"Consommation journalière brute (GW)";68,2130562
2024/01/19;"Consommation journalière brute (GW)";73,8117138
2024/01/20;"Consommation journalière brute (GW)";71,9592168
2024/01/21;"Consommation journalière brute (GW)";67,1838912
2024/01/22;"Consommation journalière brute (GW)";66,278226
2024/01/23;"Consommation journalière brute (GW)";63,396564
2024/01/24;"Consommation journalière brute (GW)";58,9094046
2024/01/25;"Consommation journalière brute (GW)";57,6744066
2024/01/26;"Consommation journalière brute (GW)";57,5509068
2024/01/27;"Consommation journalière brute (GW)";56,5217418
2024/01/28;"Consommation journalière brute (GW)";55,9454094
2024/01/29;"Consommation journalière brute (GW)";59,279904
2024/01/30;"Consommation journalière brute (GW)";59,0329044
2024/01/31;"Consommation journalière brute (GW)";60,2267358
2024/02/01;"Consommation journalière brute (GW)";59,69157
2024/02/02;"Consommation journalière brute (GW)";59,6092368
2024/02/03;"Consommation journalière brute (GW)";54,8750778
2024/02/04;"Consommation journalière brute (GW)";53,5989132
2024/02/05;"Consommation journalière brute (GW)";60,4737354
2024/02/06;"Consommation journalière brute (GW)";61,2147342
2024/02/07;"Consommation journalière brute (GW)";59,485737
2024/02/08;"Consommation journalière brute (GW)";57,3450738
2024/02/09;"Consommation journalière brute (GW)";55,780743
2024/02/10;"Consommation journalière brute (GW)";52,281582
2024/02/11;"Consommation journalière brute (GW)";52,1169156
2024/02/12;"Consommation journalière brute (GW)";58,9094046
2024/02/13;"Consommation journalière brute (GW)";60,514902
2024/02/14;"Consommation journalière brute (GW)";56,7687414
2024/02/15;"Consommation journalière brute (GW)";54,3810786
2024/02/16;"Consommation journalière brute (GW)";53,2695804
2024/02/17;"Consommation journalière brute (GW)";49,811586
2024/02/18;"Consommation journalière brute (GW)";49,4822532
2024/02/19;"Consommation journalière brute (GW)";54,7104114
2024/02/20;"Consommation journalière brute (GW)";56,398242
2024/02/21;"Consommation journalière brute (GW)";57,7567398
2024/02/22;"Consommation journalière brute (GW)";57,3862404
2024/02/23;"Consommation journalière brute (GW)";60,2679024
2024/02/24;"Consommation journalière brute (GW)";57,015741
2024/02/25;"Consommation journalière brute (GW)";55,163244
2024/02/26;"Consommation journalière brute (GW)";59,7327366
2024/02/27;"Consommation journalière brute (GW)";61,544067
2024/02/28;"Consommation journalière brute (GW)";61,2147342
2024/02/29;"Consommation journalière brute (GW)";59,1152376
2024/03/01;"Consommation journalière brute (GW)";59,2387374
2024/03/02;"Consommation journalière brute (GW)";55,0397442
2024/03/03;"Consommation journalière brute (GW)";54,1752456
2024/03/04;"Consommation journalière brute (GW)";60,4325688
2024/03/05;"Consommation journalière brute (GW)";60,0620694
2024/03/06;"Consommation journalière brute (GW)";59,8562364
2024/03/07;"Consommation journalière brute (GW)";59,3622372
2024/03/08;"Consommation journalière brute (GW)";58,5800718
2024/03/09;"Consommation journalière brute (GW)";53,6400798
2024/03/10;"Consommation journalière brute (GW)";51,4170834
2024/03/11;"Consommation journalière brute (GW)";57,3450738
2024/03/12;"Consommation journalière brute (GW)";57,4685736
2024/03/13;"Consommation journalière brute (GW)";54,5045784
2024/03/14;"Consommation journalière brute (GW)";52,693248
2024/03/15;"Consommation journalière brute (GW)";50,7995844
2024/03/16;"Consommation journalière brute (GW)";46,3535916
2024/03/17;"Consommation journalière brute (GW)";44,8304274
2024/03/18;"Consommation journalière brute (GW)";48,988254
2024/03/19;"Consommation journalière brute (GW)";49,4822532
2024/03/20;"Consommation journalière brute (GW)";48,988254
2024/03/21;"Consommation journalière brute (GW)";48,2884218
2024/03/22;"Consommation journalière brute (GW)";47,5885896
2024/03/23;"Consommation journalière brute (GW)";45,9419256
2024/03/24;"Consommation journalière brute (GW)";46,7652576
2024/03/25;"Consommation journalière brute (GW)";53,2695804
2024/03/26;"Consommation journalière brute (GW)";54,6280782
2024/03/27;"Consommation journalière brute (GW)";56,2747422
2024/03/28;"Consommation journalière brute (GW)";55,9042428
2024/03/29;"Consommation journalière brute (GW)";52,7344146
2024/03/30;"Consommation journalière brute (GW)";48,5354214
2024/03/31;"Consommation journalière brute (GW)";46,2300918
2024/11/01;"Consommation journalière brute (GW)";44,459928
2024/11/02;"Consommation journalière brute (GW)";44,665761
2024/11/03;"Consommation journalière brute (GW)";44,4187614
2024/11/04;"Consommation journalière brute (GW)";51,046584
2024/11/05;"Consommation journalière brute (GW)";51,4994166
2024/11/06;"Consommation journalière brute (GW)";51,45825
2024/11/07;"Consommation journalière brute (GW)";51,8287494
2024/11/08;"Consommation journalière brute (GW)";51,9934158
2024/11/09;"Consommation journalière brute (GW)";47,0534238
2024/11/10;"Consommation journalière brute (GW)";44,871594
2024/11/11;"Consommation journalière brute (GW)";46,8887574
2024/11/12;"Consommation journalière brute (GW)";54,9985776
2024/11/13;"Consommation journalière brute (GW)";57,3862404
2024/11/14;"Consommation journalière brute (GW)";58,250739
2024/11/15;"Consommation journalière brute (GW)";57,8802396
2024/11/16;"Consommation journalière brute (GW)";54,0929124
2024/11/17;"Consommation journalière brute (GW)";52,281582
2024/11/18;"Consommation journalière brute (GW)";57,3039072
2024/11/19;"Consommation journalière brute (GW)";57,5509068
2024/11/20;"Consommation journalière brute (GW)";60,2679024
2024/11/21;"Consommation journalière brute (GW)";65,454894
2024/11/22;"Consommation journalière brute (GW)";66,4017258
2024/11/23;"Consommation journalière brute (GW)";61,4205672
2024/11/24;"Consommation journalière brute (GW)";51,3347502
2024/11/25;"Consommation journalière brute (GW)";53,928246
2024/11/26;"Consommation journalière brute (GW)";56,2747422
2024/11/27;"Consommation journalière brute (GW)";56,9334078
2024/11/28;"Consommation journalière brute (GW)";57,7979064
2024/11/29;"Consommation journalière brute (GW)";59,8150698
2024/11/30;"Consommation journalière brute (GW)";56,6864082
2024/12/01;"Consommation journalière brute (GW)";54,7104114
2024/12/02;"Consommation journalière brute (GW)";57,5097402
2024/12/03;"Consommation journalière brute (GW)";60,3502356
2024/12/04;"Consommation journalière brute (GW)";63,6847302
2024/12/05;"Consommation journalière brute (GW)";64,3845624
2024/12/06;"Consommation journalière brute (GW)";59,485737
2024/12/07;"Consommation journalière brute (GW)";56,192409
2024/12/08;"Consommation journalière brute (GW)";57,0980742
2024/12/09;"Consommation journalière brute (GW)";64,3845624
2024/12/10;"Consommation journalière brute (GW)";66,5663922
2024/12/11;"Consommation journalière brute (GW)";67,4720574
2024/12/12;"Consommation journalière brute (GW)";68,8305552
2024/12/13;"Consommation journalière brute (GW)";69,6127206
2024/12/14;"Consommation journalière brute (GW)";63,6435636
2024/12/15;"Consommation journalière brute (GW)";60,2679024
2024/12/16;"Consommation journalière brute (GW)";64,2610626
2024/12/17;"Consommation journalière brute (GW)";64,4668956
2024/12/18;"Consommation journalière brute (GW)";61,6675668
2024/12/19;"Consommation journalière brute (GW)";60,6384018
2024/12/20;"Consommation journalière brute (GW)";63,8493966
2024/12/21;"Consommation journalière brute (GW)";57,8802396
2024/12/22;"Consommation journalière brute (GW)";56,192409
2024/12/23;"Consommation journalière brute (GW)";61,4205672
2024/12/24;"Consommation journalière brute (GW)";58,0037394
2024/12/25;"Consommation journalière brute (GW)";51,5405832
2024/12/26;"Consommation journalière brute (GW)";57,1392408
2024/12/27;"Consommation journalière brute (GW)";62,0792328
2024/12/28;"Consommation journalière brute (GW)";62,6143986
2024/12/29;"Consommation journalière brute (GW)";61,2147342
2024/12/30;"Consommation journalière brute (GW)";64,9608948
2024/12/31;"Consommation journalière brute (GW)";65,5372272
2025/01/01;"Consommation journalière brute (GW)";59,1152376
2025/01/02;"Consommation journalière brute (GW)";61,9968996
2025/01/03;"Consommation journalière brute (GW)";65,1667278
2025/01/04;"Consommation journalière brute (GW)";65,660727
2025/01/05;"Consommation journalière brute (GW)";56,6452416
2025/01/06;"Consommation journalière brute (GW)";60,0620694
2025/01/07;"Consommation journalière brute (GW)";64,3022292
2025/01/08;"Consommation journalière brute (GW)";64,2610626
2025/01/09;"Consommation journalière brute (GW)";63,3553974
2025/01/10;"Consommation journalière brute (GW)";66,1958928
2025/01/11;"Consommation journalière brute (GW)";63,4788972
2025/01/12;"Consommation journalière brute (GW)";65,9488932
2025/01/13;"Consommation journalière brute (GW)";73,7705472
2025/01/14;"Consommation journalière brute (GW)";77,3108748
2025/01/15;"Consommation journalière brute (GW)";75,952377
2025/01/16;"Consommation journalière brute (GW)";72,7002156
2025/01/17;"Consommation journalière brute (GW)";74,0175468
2025/01/18;"Consommation journalière brute (GW)";70,9300518
2025/01/19;"Consommation journalière brute (GW)";68,4600558
2025/01/20;"Consommation journalière brute (GW)";73,8117138
2025/01/21;"Consommation journalière brute (GW)";73,1530482
2025/01/22;"Consommation journalière brute (GW)";68,130723
2025/01/23;"Consommation journalière brute (GW)";65,6195604
2025/01/24;"Consommation journalière brute (GW)";64,7550618
2025/01/25;"Consommation journalière brute (GW)";56,2335756
2025/01/26;"Consommation journalière brute (GW)";58,0037394
2025/01/27;"Consommation journalière brute (GW)";60,6384018
2025/01/28;"Consommation journalière brute (GW)";62,9025648
2025/01/29;"Consommation journalière brute (GW)";63,2318976
2025/01/30;"Consommation journalière brute (GW)";63,4377306
2025/01/31;"Consommation journalière brute (GW)";66,1135596
2025/02/01;"Consommation journalière brute (GW)";62,161566
2025/02/02;"Consommation journalière brute (GW)";62,2027326
2025/02/03;"Consommation journalière brute (GW)";68,9952216
2025/02/04;"Consommation journalière brute (GW)";70,1067198
2025/02/05;"Consommation journalière brute (GW)";68,4600558
2025/02/06;"Consommation journalière brute (GW)";69,0775548
2025/02/07;"Consommation journalière brute (GW)";69,2833878
2025/02/08;"Consommation journalière brute (GW)";62,6143986
2025/02/09;"Consommation journalière brute (GW)";60,103236
2025/02/10;"Consommation journalière brute (GW)";65,1255612
2025/02/11;"Consommation journalière brute (GW)";65,2902276
2025/02/12;"Consommation journalière brute (GW)";63,9728964
2025/02/13;"Consommation journalière brute (GW)";63,602397
2025/02/14;"Consommation journalière brute (GW)";64,9197282
2025/02/15;"Consommation journalière brute (GW)";62,5320654
2025/02/16;"Consommation journalière brute (GW)";60,2267358
2025/02/17;"Consommation journalière brute (GW)";64,8785616
2025/02/18;"Consommation journalière brute (GW)";65,043228
2025/02/19;"Consommation journalière brute (GW)";62,9437314
2025/02/20;"Consommation journalière brute (GW)";58,868238
2025/02/21;"Consommation journalière brute (GW)";56,1100758
2025/02/22;"Consommation journalière brute (GW)";50,9642508
2025/02/23;"Consommation journalière brute (GW)";50,3055852
2025/02/24;"Consommation journalière brute (GW)";55,9042428
2025/02/25;"Consommation journalière brute (GW)";57,5097402
2025/02/26;"Consommation journalière brute (GW)";60,1444026
2025/02/27;"Consommation journalière brute (GW)";60,6384018
2025/02/28;"Consommation journalière brute (GW)";60,8854014
2025/03/01;"Consommation journalière brute (GW)";58,0860726
2025/03/02;"Consommation journalière brute (GW)";55,5337434
2025/03/03;"Consommation journalière brute (GW)";60,1855692
2025/03/04;"Consommation journalière brute (GW)";59,2387374
2025/03/05;"Consommation journalière brute (GW)";57,3862404
2025/03/06;"Consommation journalière brute (GW)";55,2044106
2025/03/07;"Consommation journalière brute (GW)";52,7344146
2025/03/08;"Consommation journalière brute (GW)";47,547423
2025/03/09;"Consommation journalière brute (GW)";46,2712584
2025/03/10;"Consommation journalière brute (GW)";52,1992488
2025/03/11;"Consommation journalière brute (GW)";54,7104114
2025/03/12;"Consommation journalière brute (GW)";57,8802396
2025/03/13;"Consommation journalière brute (GW)";60,5560686
2025/03/14;"Consommation journalière brute (GW)";62,6143986
2025/03/15;"Consommation journalière brute (GW)";59,5269036
2025/03/16;"Consommation journalière brute (GW)";57,3450738
2025/03/17;"Consommation journalière brute (GW)";60,926568
2025/03/18;"Consommation journalière brute (GW)";59,279904
2025/03/19;"Consommation journalière brute (GW)";55,8219096
2025/03/20;"Consommation journalière brute (GW)";53,51658
2025/03/21;"Consommation journalière brute (GW)";51,5817498
2025/03/22;"Consommation journalière brute (GW)";46,4770914
2025/03/23;"Consommation journalière brute (GW)";46,106592
2025/03/24;"Consommation journalière brute (GW)";51,7052496
2025/03/25;"Consommation journalière brute (GW)";52,6109148
2025/03/26;"Consommation journalière brute (GW)";52,7344146
2025/03/27;"Consommation journalière brute (GW)";52,1992488
2025/03/28;"Consommation journalière brute (GW)";52,487415
2025/03/29;"Consommation journalière brute (GW)";48,8647542
2025/03/30;"Consommation journalière brute (GW)";46,312425
2025/03/31;"Consommation journalière brute (GW)";49,8939192
2025/11/01;"Consommation journalière brute (GW)";43,9247622
2025/11/02;"Consommation journalière brute (GW)";43,842429
2025/11/03;"Consommation journalière brute (GW)";50,017419
2025/11/04;"Consommation journalière brute (GW)";50,4702516
2025/11/05;"Consommation journalière brute (GW)";50,223252
2025/11/06;"Consommation journalière brute (GW)";50,0997522
2025/11/07;"Consommation journalière brute (GW)";50,3879184
2025/11/08;"Consommation journalière brute (GW)";46,6417578
2025/11/09;"Consommation journalière brute (GW)";45,9830922
2025/11/10;"Consommation journalière brute (GW)";50,429085
2025/11/11;"Consommation journalière brute (GW)";47,7120894
2025/11/12;"Consommation journalière brute (GW)";51,45825
2025/11/13;"Consommation journalière brute (GW)";50,1409188
2025/11/14;"Consommation journalière brute (GW)";48,988254
2025/11/15;"Consommation journalière brute (GW)";44,6245944
2025/11/16;"Consommation journalière brute (GW)";44,7069276
2025/11/17;"Consommation journalière brute (GW)";53,310747
2025/11/18;"Consommation journalière brute (GW)";60,1444026
2025/11/19;"Consommation journalière brute (GW)";62,6143986
2025/11/20;"Consommation journalière brute (GW)";65,5372272
2025/11/21;"Consommation journalière brute (GW)";68,9952216
2025/11/22;"Consommation journalière brute (GW)";67,1838912
2025/11/23;"Consommation journalière brute (GW)";62,7378984
2025/11/24;"Consommation journalière brute (GW)";62,4497322
2025/11/25;"Consommation journalière brute (GW)";63,9728964
2025/11/26;"Consommation journalière brute (GW)";66,278226
2025/11/27;"Consommation journalière brute (GW)";67,2662244
2025/11/28;"Consommation journalière brute (GW)";63,8905632
2025/11/29;"Consommation journalière brute (GW)";56,4805752
2025/11/30;"Consommation journalière brute (GW)";55,2455772
